SiteID,Water RowID,Date.Time,Water P psi,Water Temp C,Sensor Depth ft
B0997,1,3/5/2015 0:00,14.5947,11.916,1.02
B0997,2,3/5/2015 0:30,14.5972,11.916,1.032
B0997,3,3/5/2015 1:00,14.5928,12.013,1.034
B0997,4,3/5/2015 1:30,14.5928,12.013,1.044
B0997,5,3/5/2015 2:00,14.5908,12.11,1.028
B0997,6,3/5/2015 2:30,14.5908,12.11,1.05
B0997,7,3/5/2015 3:00,14.5856,12.013,1.049
B0997,8,3/5/2015 3:30,14.5808,12.013,1.056
B0997,9,3/5/2015 4:00,14.5808,12.013,1.062
B0997,10,3/5/2015 4:30,14.5717,12.11,1.046
B0997,11,3/5/2015 5:00,14.5812,12.11,1.061
B0997,12,3/5/2015 5:30,14.5833,12.013,1.055
B0997,13,3/5/2015 6:00,14.586,12.11,1.061
B0997,14,3/5/2015 6:30,14.5936,12.207,1.085
B0997,15,3/5/2015 7:00,14.5965,12.304,1.09
B0997,16,3/5/2015 7:30,14.6136,12.401,1.124
B0997,17,3/5/2015 8:00,14.6279,12.401,1.15
B0997,18,3/5/2015 8:30,14.6394,12.304,1.175
B0997,19,3/5/2015 9:00,14.6394,12.304,1.179
B0997,20,3/5/2015 9:30,14.6446,12.401,1.185
B0997,21,3/5/2015 10:00,14.6498,12.497,1.193
B0997,22,3/5/2015 10:30,14.6498,12.497,1.182
B0997,23,3/5/2015 11:00,14.6804,12.401,1.227
B0997,24,3/5/2015 11:30,14.7054,12.11,1.229
B0997,25,3/5/2015 12:00,14.7208,11.819,1.244
B0997,26,3/5/2015 12:30,14.7319,11.625,1.268
B0997,27,3/5/2015 13:00,14.7377,11.334,1.269
B0997,28,3/5/2015 13:30,14.7322,11.139,1.275
B0997,29,3/5/2015 14:00,14.7293,11.041,1.269
B0997,30,3/5/2015 14:30,14.7266,10.944,1.285
B0997,31,3/5/2015 15:00,14.7286,10.846,1.278
B0997,32,3/5/2015 15:30,14.7471,10.748,1.281
B0997,33,3/5/2015 16:00,14.7492,10.651,1.271
B0997,34,3/5/2015 16:30,14.7675,10.455,1.259
B0997,35,3/5/2015 17:00,14.7666,10.259,1.252
B0997,36,3/5/2015 17:30,14.7776,10.063,1.244
B0997,37,3/5/2015 18:00,14.7863,9.866,1.249
B0997,38,3/5/2015 18:30,14.7875,9.571,1.217
B0997,39,3/5/2015 19:00,14.8057,9.373,1.219
B0997,40,3/5/2015 19:30,14.8073,9.176,1.208
B0997,41,3/5/2015 20:00,14.8227,8.879,1.208
B0997,42,3/5/2015 20:30,14.8339,8.68,1.196
B0997,43,3/5/2015 21:00,14.8334,8.581,1.18
B0997,44,3/5/2015 21:30,14.8449,8.481,1.19
B0997,45,3/5/2015 22:00,14.8465,8.282,1.187
B0997,46,3/5/2015 22:30,14.8556,8.182,1.188
B0997,47,3/5/2015 23:00,14.8571,7.983,1.179
B0997,48,3/5/2015 23:30,14.8539,7.782,1.17
B0997,49,3/6/2015 0:00,14.8558,7.682,1.167
B0997,50,3/6/2015 0:30,14.8622,7.481,1.173
B0997,51,3/6/2015 1:00,14.8617,7.381,1.161
B0997,52,3/6/2015 1:30,14.8633,7.179,1.15
B0997,53,3/6/2015 2:00,14.8677,7.079,1.162
B0997,54,3/6/2015 2:30,14.8672,6.978,1.156
B0997,55,3/6/2015 3:00,14.8739,6.877,1.163
B0997,56,3/6/2015 3:30,14.8712,6.775,1.158
B0997,57,3/6/2015 4:00,14.8707,6.674,1.148
B0997,58,3/6/2015 4:30,14.8751,6.573,1.147
B0997,59,3/6/2015 5:00,14.8817,6.471,1.146
B0997,60,3/6/2015 5:30,14.8861,6.37,1.142
B0997,61,3/6/2015 6:00,14.8904,6.268,1.139
B0997,62,3/6/2015 6:30,14.8925,6.166,1.144
B0997,63,3/6/2015 7:00,14.8991,6.064,0.866
B0997,64,3/6/2015 7:30,14.9016,6.064,1.003
B0997,65,3/6/2015 8:00,14.9035,5.962,0.873
B0997,66,3/6/2015 8:30,14.906,5.962,0.61
B0997,67,3/6/2015 9:00,14.9155,5.962,0.489
B0997,68,3/6/2015 9:30,14.9135,6.064,1.126
B0997,69,3/6/2015 10:00,14.9119,6.268,1.127
B0997,70,3/6/2015 10:30,14.9084,6.573,1.116
B0997,71,3/6/2015 11:00,14.9077,6.978,1.122
B0997,72,3/6/2015 11:30,14.9094,7.381,1.128
B0997,73,3/6/2015 12:00,14.9064,7.782,1.124
B0997,74,3/6/2015 12:30,14.8938,8.182,1.111
B0997,75,3/6/2015 13:00,14.8926,8.481,1.125
B0997,76,3/6/2015 13:30,14.8844,8.779,1.134
B0997,77,3/6/2015 14:00,14.8709,8.978,1.127
B0997,78,3/6/2015 14:30,14.8617,9.077,1.107
B0997,79,3/6/2015 15:00,14.8594,9.077,1.111
B0997,80,3/6/2015 15:30,14.8569,9.077,1.118
B0997,81,3/6/2015 16:00,14.8542,8.978,1.11
B0997,82,3/6/2015 16:30,14.8537,8.879,1.119
B0997,83,3/6/2015 17:00,14.8556,8.779,1.121
B0997,84,3/6/2015 17:30,14.8529,8.68,1.118
B0997,85,3/6/2015 18:00,14.8545,8.481,1.116
B0997,86,3/6/2015 18:30,14.8516,8.382,1.12
B0997,87,3/6/2015 19:00,14.8527,8.082,1.109
B0997,88,3/6/2015 19:30,14.8635,7.782,1.117
B0997,89,3/6/2015 20:00,14.8626,7.582,1.1
B0997,90,3/6/2015 20:30,14.8736,7.381,1.12
B0997,91,3/6/2015 21:00,14.8757,7.28,1.117
B0997,92,3/6/2015 21:30,14.8748,7.079,1.112
B0997,93,3/6/2015 22:00,14.8791,6.978,1.107
B0997,94,3/6/2015 22:30,14.8783,6.775,1.112
B0997,95,3/6/2015 23:00,14.873,6.674,1.101
B0997,96,3/6/2015 23:30,14.8822,6.573,1.119
B0997,97,3/7/2015 0:00,14.8746,6.471,1.109
B0997,98,3/7/2015 0:30,14.8671,6.37,1.099
B0997,99,3/7/2015 1:00,14.8667,6.268,1.105
B0997,100,3/7/2015 1:30,14.8662,6.166,1.106
B0997,101,3/7/2015 2:00,14.861,6.064,1.101
B0997,102,3/7/2015 2:30,14.8562,6.064,1.09
B0997,103,3/7/2015 3:00,14.8558,5.962,1.106
B0997,104,3/7/2015 3:30,14.8482,5.86,1.096
B0997,105,3/7/2015 4:00,14.8503,5.757,1.091
B0997,106,3/7/2015 4:30,14.8526,5.757,1.09
B0997,107,3/7/2015 5:00,14.8594,5.655,1.101
B0997,108,3/7/2015 5:30,14.859,5.552,1.083
B0997,109,3/7/2015 6:00,14.8613,5.552,1.092
B0997,110,3/7/2015 6:30,14.8609,5.45,1.087
B0997,111,3/7/2015 7:00,14.8704,5.45,1.092
B0997,112,3/7/2015 7:30,14.8704,5.45,1.09
B0997,113,3/7/2015 8:00,14.8656,5.45,1.079
B0997,114,3/7/2015 8:30,14.8681,5.45,1.08
B0997,115,3/7/2015 9:00,14.8688,5.655,1.071
B0997,116,3/7/2015 9:30,14.8674,5.86,1.071
B0997,117,3/7/2015 10:00,14.8733,6.166,1.076
B0997,118,3/7/2015 10:30,14.8659,6.674,1.06
B0997,119,3/7/2015 11:00,14.8681,7.179,1.069
B0997,120,3/7/2015 11:30,14.8635,7.782,1.062
B0997,121,3/7/2015 12:00,14.8584,8.282,1.073
B0997,122,3/7/2015 12:30,14.8533,8.779,1.077
B0997,123,3/7/2015 13:00,14.8435,9.275,1.082
B0997,124,3/7/2015 13:30,14.8304,9.571,1.071
B0997,125,3/7/2015 14:00,14.8198,9.866,1.08
B0997,126,3/7/2015 14:30,14.8134,10.063,1.082
B0997,127,3/7/2015 15:00,14.8086,10.063,1.084
B0997,128,3/7/2015 15:30,14.8039,10.063,1.08
B0997,129,3/7/2015 16:00,14.7963,9.965,1.076
B0997,130,3/7/2015 16:30,14.794,9.965,1.069
B0997,131,3/7/2015 17:00,14.7907,9.768,1.078
B0997,132,3/7/2015 17:30,14.7907,9.768,1.065
B0997,133,3/7/2015 18:00,14.795,9.669,1.072
B0997,134,3/7/2015 18:30,14.7966,9.472,1.069
B0997,135,3/7/2015 19:00,14.8005,9.275,1.074
B0997,136,3/7/2015 19:30,14.8044,9.077,1.072
B0997,137,3/7/2015 20:00,14.8012,8.879,1.067
B0997,138,3/7/2015 20:30,14.8076,8.68,1.073
B0997,139,3/7/2015 21:00,14.802,8.481,1.066
B0997,140,3/7/2015 21:30,14.8011,8.282,1.063
B0997,141,3/7/2015 22:00,14.8002,8.082,1.061
B0997,142,3/7/2015 22:30,14.7994,7.882,1.068
B0997,143,3/7/2015 23:00,14.7966,7.782,1.054
B0997,144,3/7/2015 23:30,14.7957,7.582,1.065
B0997,145,3/8/2015 0:00,14.793,7.481,1.056
B0997,146,3/8/2015 0:30,14.7925,7.381,1.063
B0997,147,3/8/2015 1:00,14.7898,7.28,1.054
B0997,148,3/8/2015 1:30,14.7917,7.179,1.055
B0997,149,3/8/2015 2:00,14.7912,7.079,1.056
B0997,150,3/8/2015 2:30,14.7837,6.978,1.051
B0997,151,3/8/2015 3:00,14.7857,6.877,1.062
B0997,152,3/8/2015 3:30,14.7828,6.775,1.062
B0997,153,3/8/2015 4:00,14.7825,6.674,1.051
B0997,154,3/8/2015 4:30,14.7825,6.674,1.045
B0997,155,3/8/2015 5:00,14.7915,6.573,1.059
B0997,156,3/8/2015 5:30,14.7912,6.471,1.047
B0997,157,3/8/2015 6:00,14.7936,6.471,1.047
B0997,158,3/8/2015 6:30,14.7956,6.37,1.046
B0997,159,3/8/2015 7:00,14.7956,6.37,1.042
B0997,160,3/8/2015 7:30,14.7956,6.37,1.042
B0997,161,3/8/2015 8:00,14.7936,6.471,1.037
B0997,162,3/8/2015 8:30,14.794,6.573,1.033
B0997,163,3/8/2015 9:00,14.7972,6.775,1.035
B0997,164,3/8/2015 9:30,14.7985,7.079,1.035
B0997,165,3/8/2015 10:00,14.8001,7.481,1.045
B0997,166,3/8/2015 10:30,14.7927,7.983,1.037
B0997,167,3/8/2015 11:00,14.7901,8.481,1.046
B0997,168,3/8/2015 11:30,14.7902,9.077,1.039
B0997,169,3/8/2015 12:00,14.7879,9.669,1.049
B0997,170,3/8/2015 12:30,14.7762,10.259,1.05
B0997,171,3/8/2015 13:00,14.7683,10.651,1.055
B0997,172,3/8/2015 13:30,14.7532,11.041,1.052
B0997,173,3/8/2015 14:00,14.745,11.334,1.047
B0997,174,3/8/2015 14:30,14.7338,11.528,1.047
B0997,175,3/8/2015 15:00,14.7247,11.625,1.044
B0997,176,3/8/2015 15:30,14.7295,11.625,1.045
B0997,177,3/8/2015 16:00,14.729,11.528,1.05
B0997,178,3/8/2015 16:30,14.7306,11.334,1.054
B0997,179,3/8/2015 17:00,14.7279,11.236,1.057
B0997,180,3/8/2015 17:30,14.7279,11.236,1.052
B0997,181,3/8/2015 18:00,14.7302,11.236,1.059
B0997,182,3/8/2015 18:30,14.7366,11.041,1.055
B0997,183,3/8/2015 19:00,14.738,10.846,1.049
B0997,184,3/8/2015 19:30,14.7419,10.651,1.054
B0997,185,3/8/2015 20:00,14.7392,10.553,1.047
B0997,186,3/8/2015 20:30,14.736,10.357,1.041
B0997,187,3/8/2015 21:00,14.7379,10.259,1.05
B0997,188,3/8/2015 21:30,14.7399,10.161,1.037
B0997,189,3/8/2015 22:00,14.7395,10.063,1.042
B0997,190,3/8/2015 22:30,14.7395,10.063,1.038
B0997,191,3/8/2015 23:00,14.7415,9.965,1.044
B0997,192,3/8/2015 23:30,14.7386,9.866,1.044
B0997,193,3/9/2015 0:00,14.7411,9.866,1.046
B0997,194,3/9/2015 0:30,14.7429,9.768,1.037
B0997,195,3/9/2015 1:00,14.7502,9.768,1.036
B0997,196,3/9/2015 1:30,14.7521,9.669,1.042
B0997,197,3/9/2015 2:00,14.7498,9.669,1.053
B0997,198,3/9/2015 2:30,14.7425,9.669,1.045
B0997,199,3/9/2015 3:00,14.7398,9.571,1.038
B0997,200,3/9/2015 3:30,14.735,9.571,1.038
B0997,201,3/9/2015 4:00,14.735,9.571,1.049
B0997,202,3/9/2015 4:30,14.7422,9.571,1.049
B0997,203,3/9/2015 5:00,14.7398,9.571,1.036
B0997,204,3/9/2015 5:30,14.7493,9.571,1.047
B0997,205,3/9/2015 6:00,14.7537,9.472,1.037
B0997,206,3/9/2015 6:30,14.7632,9.472,1.041
B0997,207,3/9/2015 7:00,14.768,9.472,1.038
B0997,208,3/9/2015 7:30,14.7751,9.472,1.031
B0997,209,3/9/2015 8:00,14.7818,9.373,1.031
B0997,210,3/9/2015 8:30,14.7895,9.472,1.042
B0997,211,3/9/2015 9:00,14.7895,9.472,1.047
B0997,212,3/9/2015 9:30,14.7899,9.571,1.046
B0997,213,3/9/2015 10:00,14.7831,9.669,1.042
B0997,214,3/9/2015 10:30,14.7879,9.669,1.05
B0997,215,3/9/2015 11:00,14.784,9.866,1.046
B0997,216,3/9/2015 11:30,14.7824,10.063,1.039
B0997,217,3/9/2015 12:00,14.7833,10.259,1.042
B0997,218,3/9/2015 12:30,14.7817,10.455,1.042
B0997,219,3/9/2015 13:00,14.7782,10.748,1.05
B0997,220,3/9/2015 13:30,14.768,11.139,1.048
B0997,221,3/9/2015 14:00,14.7609,11.722,1.045
B0997,222,3/9/2015 14:30,14.7527,12.013,1.038
B0997,223,3/9/2015 15:00,14.7512,12.207,1.053
B0997,224,3/9/2015 15:30,14.7487,12.207,1.046
B0997,225,3/9/2015 16:00,14.7508,12.11,1.045
B0997,226,3/9/2015 16:30,14.7479,12.013,1.048
B0997,227,3/9/2015 17:00,14.7474,11.916,1.044
B0997,228,3/9/2015 17:30,14.7499,11.916,1.044
B0997,229,3/9/2015 18:00,14.749,11.722,1.035
B0997,230,3/9/2015 18:30,14.7509,11.625,1.039
B0997,231,3/9/2015 19:00,14.7601,11.528,1.042
B0997,232,3/9/2015 19:30,14.7598,11.431,1.031
B0997,233,3/9/2015 20:00,14.7612,11.236,1.034
B0997,234,3/9/2015 20:30,14.768,11.139,1.043
B0997,235,3/9/2015 21:00,14.7651,11.041,1.033
B0997,236,3/9/2015 21:30,14.7719,10.944,1.045
B0997,237,3/9/2015 22:00,14.7643,10.846,1.034
B0997,238,3/9/2015 22:30,14.7619,10.846,1.041
B0997,239,3/9/2015 23:00,14.7663,10.748,1.034
B0997,240,3/9/2015 23:30,14.7663,10.748,1.04
B0997,241,3/10/2015 0:00,14.7635,10.651,1.039
B0997,242,3/10/2015 0:30,14.7588,10.651,1.034
B0997,243,3/10/2015 1:00,14.7558,10.553,1.04
B0997,244,3/10/2015 1:30,14.7558,10.553,1.035
B0997,245,3/10/2015 2:00,14.7558,10.553,1.036
B0997,246,3/10/2015 2:30,14.7583,10.553,1.036
B0997,247,3/10/2015 3:00,14.7554,10.455,1.041
B0997,248,3/10/2015 3:30,14.7483,10.455,1.031
B0997,249,3/10/2015 4:00,14.7483,10.455,1.036
B0997,250,3/10/2015 4:30,14.7431,10.357,1.035
B0997,251,3/10/2015 5:00,14.7456,10.357,1.03
B0997,252,3/10/2015 5:30,14.7456,10.357,1.036
B0997,253,3/10/2015 6:00,14.7479,10.357,1.031
B0997,254,3/10/2015 6:30,14.7527,10.357,1.043
B0997,255,3/10/2015 7:00,14.7522,10.259,1.038
B0997,256,3/10/2015 7:30,14.7547,10.259,1.036
B0997,257,3/10/2015 8:00,14.757,10.259,1.034
B0997,258,3/10/2015 8:30,14.757,10.259,1.023
B0997,259,3/10/2015 9:00,14.7598,10.357,1.027
B0997,260,3/10/2015 9:30,14.7598,10.357,1.028
B0997,261,3/10/2015 10:00,14.7579,10.455,1.018
B0997,262,3/10/2015 10:30,14.7563,10.651,1.023
B0997,263,3/10/2015 11:00,14.7505,10.944,1.021
B0997,264,3/10/2015 11:30,14.7441,11.139,1.017
B0997,265,3/10/2015 12:00,14.7358,11.431,1.014
B0997,266,3/10/2015 12:30,14.7308,11.916,1.03
B0997,267,3/10/2015 13:00,14.7205,12.304,1.017
B0997,268,3/10/2015 13:30,14.7178,12.787,1.013
B0997,269,3/10/2015 14:00,14.71,13.173,1.015
B0997,270,3/10/2015 14:30,14.7049,13.654,1.013
B0997,271,3/10/2015 15:00,14.7031,13.75,1.014
B0997,272,3/10/2015 15:30,14.7026,13.654,1.019
B0997,273,3/10/2015 16:00,14.6978,13.654,1.02
B0997,274,3/10/2015 16:30,14.6926,13.558,1.009
B0997,275,3/10/2015 17:00,14.6994,13.461,1.013
B0997,276,3/10/2015 17:30,14.699,13.365,1.012
B0997,277,3/10/2015 18:00,14.699,13.365,1.024
B0997,278,3/10/2015 18:30,14.7004,13.173,1.025
B0997,279,3/10/2015 19:00,14.7025,13.076,1.026
B0997,280,3/10/2015 19:30,14.6996,12.98,1.025
B0997,281,3/10/2015 20:00,14.6968,12.883,1.017
B0997,282,3/10/2015 20:30,14.6984,12.69,1.029
B0997,283,3/10/2015 21:00,14.7055,12.69,1.029
B0997,284,3/10/2015 21:30,14.7003,12.594,1.024
B0997,285,3/10/2015 22:00,14.6999,12.497,1.023
B0997,286,3/10/2015 22:30,14.7042,12.401,1.028
B0997,287,3/10/2015 23:00,14.6994,12.401,1.026
B0997,288,3/10/2015 23:30,14.699,12.304,1.036
B0997,289,3/11/2015 0:00,14.6939,12.207,1.02
B0997,290,3/11/2015 0:30,14.6915,12.207,1.017
B0997,291,3/11/2015 1:00,14.6915,12.207,1.018
B0997,292,3/11/2015 1:30,14.6919,12.304,1.019
B0997,293,3/11/2015 2:00,14.6942,12.304,1.019
B0997,294,3/11/2015 2:30,14.6919,12.304,1.013
B0997,295,3/11/2015 3:00,14.6899,12.401,1.018
B0997,296,3/11/2015 3:30,14.6896,12.304,1.029
B0997,297,3/11/2015 4:00,14.6823,12.304,1.007
B0997,298,3/11/2015 4:30,14.6843,12.207,1.024
B0997,299,3/11/2015 5:00,14.6843,12.207,1.019
B0997,300,3/11/2015 5:30,14.6887,12.11,1.016
B0997,301,3/11/2015 6:00,14.6935,12.11,1.02
B0997,302,3/11/2015 6:30,14.6958,12.11,1.016
B0997,303,3/11/2015 7:00,14.6958,12.11,1.019
B0997,304,3/11/2015 7:30,14.7029,12.11,1.022
B0997,305,3/11/2015 8:00,14.7029,12.11,1.015
B0997,306,3/11/2015 8:30,14.7081,12.207,1.012
B0997,307,3/11/2015 9:00,14.7129,12.207,1.017
B0997,308,3/11/2015 9:30,14.709,12.401,1.012
B0997,309,3/11/2015 10:00,14.7094,12.497,1.017
B0997,310,3/11/2015 10:30,14.7107,12.787,1.018
B0997,311,3/11/2015 11:00,14.7116,12.98,1.019
B0997,312,3/11/2015 11:30,14.7077,13.173,1.008
B0997,313,3/11/2015 12:00,14.7061,13.365,1.007
B0997,314,3/11/2015 12:30,14.7002,13.654,1
B0997,315,3/11/2015 13:00,14.7006,13.75,1.013
B0997,316,3/11/2015 13:30,14.701,13.846,1.008
B0997,317,3/11/2015 14:00,14.6991,13.942,1.012
B0997,318,3/11/2015 14:30,14.7044,14.038,1.02
B0997,319,3/11/2015 15:00,14.7115,14.038,1.016
B0997,320,3/11/2015 15:30,14.7158,13.942,1.024
B0997,321,3/11/2015 16:00,14.7158,13.942,1.027
B0997,322,3/11/2015 16:30,14.7225,13.846,1.027
B0997,323,3/11/2015 17:00,14.7245,13.75,1.022
B0997,324,3/11/2015 17:30,14.7266,13.654,1.024
B0997,325,3/11/2015 18:00,14.7261,13.558,1.016
B0997,326,3/11/2015 18:30,14.7328,13.461,1.027
B0997,327,3/11/2015 19:00,14.7419,13.365,1.033
B0997,328,3/11/2015 19:30,14.7467,13.365,1.024
B0997,329,3/11/2015 20:00,14.7463,13.269,1.019
B0997,330,3/11/2015 20:30,14.7529,13.173,1.03
B0997,331,3/11/2015 21:00,14.7525,13.076,1.027
B0997,332,3/11/2015 21:30,14.7593,12.98,1.028
B0997,333,3/11/2015 22:00,14.7589,12.883,1.025
B0997,334,3/11/2015 22:30,14.7656,12.787,1.027
B0997,335,3/11/2015 23:00,14.7676,12.69,1.026
B0997,336,3/11/2015 23:30,14.7719,12.594,1.025
B0997,337,3/12/2015 0:00,14.774,12.497,1.022
B0997,338,3/12/2015 0:30,14.7759,12.401,1.018
B0997,339,3/12/2015 1:00,14.7754,12.304,1.016
B0997,340,3/12/2015 1:30,14.7798,12.207,1.024
B0997,341,3/12/2015 2:00,14.7866,12.11,1.034
B0997,342,3/12/2015 2:30,14.7885,12.013,1.031
B0997,343,3/12/2015 3:00,14.7905,11.916,1.035
B0997,344,3/12/2015 3:30,14.788,11.916,1.022
B0997,345,3/12/2015 4:00,14.7924,11.819,1.027
B0997,346,3/12/2015 4:30,14.7949,11.819,1.021
B0997,347,3/12/2015 5:00,14.7968,11.722,1.013
B0997,348,3/12/2015 5:30,14.8059,11.625,1.029
B0997,349,3/12/2015 6:00,14.813,11.625,1.025
B0997,350,3/12/2015 6:30,14.8155,11.625,1.018
B0997,351,3/12/2015 7:00,14.8178,11.625,1.015
B0997,352,3/12/2015 7:30,14.8226,11.625,1.022
B0997,353,3/12/2015 8:00,14.8298,11.625,1.016
B0997,354,3/12/2015 8:30,14.835,11.722,1.012
B0997,355,3/12/2015 9:00,14.8406,11.916,1.013
B0997,356,3/12/2015 9:30,14.8458,12.013,1.016
B0997,357,3/12/2015 10:00,14.8495,12.304,1.007
B0997,358,3/12/2015 10:30,14.8455,12.497,1.004
B0997,359,3/12/2015 11:00,14.8453,12.98,1.01
B0997,360,3/12/2015 11:30,14.845,13.461,1.015
B0997,361,3/12/2015 12:00,14.8377,13.942,1.009
B0997,362,3/12/2015 12:30,14.8369,14.325,1.014
B0997,363,3/12/2015 13:00,14.8291,14.709,1.007
B0997,364,3/12/2015 13:30,14.8268,14.709,1.009
B0997,365,3/12/2015 14:00,14.822,14.709,1.005
B0997,366,3/12/2015 14:30,14.822,14.709,1.01
B0997,367,3/12/2015 15:00,14.822,14.709,1.003
B0997,368,3/12/2015 15:30,14.8263,14.613,1.017
B0997,369,3/12/2015 16:00,14.8236,14.517,1.004
B0997,370,3/12/2015 16:30,14.8255,14.421,1.002
B0997,371,3/12/2015 17:00,14.825,14.325,1.004
B0997,372,3/12/2015 17:30,14.8294,14.23,1.007
B0997,373,3/12/2015 18:00,14.8333,14.038,1
B0997,374,3/12/2015 18:30,14.8377,13.942,1.004
B0997,375,3/12/2015 19:00,14.8443,13.846,1.008
B0997,376,3/12/2015 19:30,14.8482,13.654,1.011
B0997,377,3/12/2015 20:00,14.8503,13.558,1.01
B0997,378,3/12/2015 20:30,14.8569,13.461,1.018
B0997,379,3/12/2015 21:00,14.859,13.365,1.001
B0997,380,3/12/2015 21:30,14.8609,13.269,1.005
B0997,381,3/12/2015 22:00,14.8648,13.076,1.017
B0997,382,3/12/2015 22:30,14.862,12.98,1.002
B0997,383,3/12/2015 23:00,14.8664,12.883,1.001
B0997,384,3/12/2015 23:30,14.8664,12.883,1.004
B0997,385,3/13/2015 0:00,14.8636,12.787,1.001
B0997,386,3/13/2015 0:30,14.8603,12.594,1.001
B0997,387,3/13/2015 1:00,14.8603,12.594,1.004
B0997,388,3/13/2015 1:30,14.8646,12.497,1
B0997,389,3/13/2015 2:00,14.8619,12.401,1.008
B0997,390,3/13/2015 2:30,14.8614,12.304,1.008
B0997,391,3/13/2015 3:00,14.861,12.207,1.015
B0997,392,3/13/2015 3:30,14.8514,12.207,1.006
B0997,393,3/13/2015 4:00,14.8558,12.11,1.017
B0997,394,3/13/2015 4:30,14.8578,12.013,1.013
B0997,395,3/13/2015 5:00,14.8693,11.916,1.018
B0997,396,3/13/2015 5:30,14.8716,11.916,1.024
B0997,397,3/13/2015 6:00,14.8736,11.819,1.025
B0997,398,3/13/2015 6:30,14.8732,11.722,1.021
B0997,399,3/13/2015 7:00,14.8727,11.625,1.027
B0997,400,3/13/2015 7:30,14.8723,11.528,1.008
B0997,401,3/13/2015 8:00,14.8819,11.528,1.024
B0997,402,3/13/2015 8:30,14.8767,11.431,1.008
B0997,403,3/13/2015 9:00,14.8839,11.431,1.013
B0997,404,3/13/2015 9:30,14.8839,11.431,1.017
B0997,405,3/13/2015 10:00,14.8839,11.431,1.017
B0997,406,3/13/2015 10:30,14.8791,11.431,1.006
B0997,407,3/13/2015 11:00,14.8796,11.528,1.015
B0997,408,3/13/2015 11:30,14.8775,11.625,1.02
B0997,409,3/13/2015 12:00,14.8675,11.528,1.011
B0997,410,3/13/2015 12:30,14.8632,11.625,1.01
B0997,411,3/13/2015 13:00,14.8513,11.625,1.015
B0997,412,3/13/2015 13:30,14.8413,11.528,1.007
B0997,413,3/13/2015 14:00,14.839,11.528,1.017
B0997,414,3/13/2015 14:30,14.8361,11.431,1.012
B0997,415,3/13/2015 15:00,14.8352,11.236,1.013
B0997,416,3/13/2015 15:30,14.8301,11.139,1.02
B0997,417,3/13/2015 16:00,14.8249,11.041,1.024
B0997,418,3/13/2015 16:30,14.824,10.846,1.037
B0997,419,3/13/2015 17:00,14.8311,10.846,1.052
B0997,420,3/13/2015 17:30,14.8332,10.748,1.058
B0997,421,3/13/2015 18:00,14.8423,10.651,1.064
B0997,422,3/13/2015 18:30,14.8419,10.553,1.062
B0997,423,3/13/2015 19:00,14.8414,10.455,1.072
B0997,424,3/13/2015 19:30,14.8414,10.455,1.077
B0997,425,3/13/2015 20:00,14.8462,10.455,1.086
B0997,426,3/13/2015 20:30,14.841,10.357,1.084
B0997,427,3/13/2015 21:00,14.8433,10.357,1.094
B0997,428,3/13/2015 21:30,14.8382,10.259,1.088
B0997,429,3/13/2015 22:00,14.831,10.259,1.086
B0997,430,3/13/2015 22:30,14.8287,10.259,1.092
B0997,431,3/13/2015 23:00,14.8214,10.259,1.088
B0997,432,3/13/2015 23:30,14.8166,10.259,1.083
B0997,433,3/14/2015 0:00,14.7999,10.259,1.081
B0997,434,3/14/2015 0:30,14.7952,10.259,1.074
B0997,435,3/14/2015 1:00,14.7904,10.259,1.074
B0997,436,3/14/2015 1:30,14.7853,10.161,1.061
B0997,437,3/14/2015 2:00,14.778,10.161,1.061
B0997,438,3/14/2015 2:30,14.7733,10.161,1.067
B0997,439,3/14/2015 3:00,14.7638,10.161,1.072
B0997,440,3/14/2015 3:30,14.7638,10.161,1.083
B0997,441,3/14/2015 4:00,14.7609,10.063,1.093
B0997,442,3/14/2015 4:30,14.7561,10.063,1.086
B0997,443,3/14/2015 5:00,14.7609,10.063,1.102
B0997,444,3/14/2015 5:30,14.7586,10.063,1.096
B0997,445,3/14/2015 6:00,14.7561,10.063,1.101
B0997,446,3/14/2015 6:30,14.7609,10.063,1.117
B0997,447,3/14/2015 7:00,14.7586,10.063,1.123
B0997,448,3/14/2015 7:30,14.7586,10.063,1.128
B0997,449,3/14/2015 8:00,14.7634,10.063,1.138
B0997,450,3/14/2015 8:30,14.7634,10.063,1.142
B0997,451,3/14/2015 9:00,14.759,10.161,1.144
B0997,452,3/14/2015 9:30,14.757,10.259,1.142
B0997,453,3/14/2015 10:00,14.7527,10.357,1.131
B0997,454,3/14/2015 10:30,14.746,10.455,1.14
B0997,455,3/14/2015 11:00,14.7325,10.651,1.125
B0997,456,3/14/2015 11:30,14.7289,10.944,1.129
B0997,457,3/14/2015 12:00,14.7119,11.431,1.129
B0997,458,3/14/2015 12:30,14.7057,11.625,1.126
B0997,459,3/14/2015 13:00,14.6878,11.916,1.111
B0997,460,3/14/2015 13:30,14.6814,12.11,1.114
B0997,461,3/14/2015 14:00,14.6693,12.594,1.101
B0997,462,3/14/2015 14:30,14.6646,13.173,1.1
B0997,463,3/14/2015 15:00,14.6607,13.365,1.102
B0997,464,3/14/2015 15:30,14.6568,13.558,1.097
B0997,465,3/14/2015 16:00,14.6472,13.558,1.097
B0997,466,3/14/2015 16:30,14.6472,13.558,1.099
B0997,467,3/14/2015 17:00,14.6497,13.558,1.094
B0997,468,3/14/2015 17:30,14.6568,13.558,1.098
B0997,469,3/14/2015 18:00,14.6568,13.558,1.099
B0997,470,3/14/2015 18:30,14.654,13.461,1.089
B0997,471,3/14/2015 19:00,14.6627,13.269,1.095
B0997,472,3/14/2015 19:30,14.6667,13.076,1.094
B0997,473,3/14/2015 20:00,14.6777,12.883,1.106
B0997,474,3/14/2015 20:30,14.682,12.787,1.097
B0997,475,3/14/2015 21:00,14.6888,12.69,1.099
B0997,476,3/14/2015 21:30,14.6884,12.594,1.097
B0997,477,3/14/2015 22:00,14.688,12.497,1.091
B0997,478,3/14/2015 22:30,14.6871,12.304,1.095
B0997,479,3/14/2015 23:00,14.6915,12.207,1.099
B0997,480,3/14/2015 23:30,14.6887,12.11,1.088
B0997,481,3/15/2015 0:00,14.6858,12.013,1.083
B0997,482,3/15/2015 0:30,14.6806,11.916,1.08
B0997,483,3/15/2015 1:00,14.6901,11.916,1.093
B0997,484,3/15/2015 1:30,14.6854,11.916,1.084
B0997,485,3/15/2015 2:00,14.6854,11.916,1.08
B0997,486,3/15/2015 2:30,14.6901,11.916,1.077
B0997,487,3/15/2015 3:00,14.6945,11.819,1.079
B0997,488,3/15/2015 3:30,14.6922,11.819,1.076
B0997,489,3/15/2015 4:00,14.7013,11.722,1.076
B0997,490,3/15/2015 4:30,14.7105,11.625,1.072
B0997,491,3/15/2015 5:00,14.7148,11.528,1.063
B0997,492,3/15/2015 5:30,14.7239,11.431,1.072
B0997,493,3/15/2015 6:00,14.7306,11.334,1.073
B0997,494,3/15/2015 6:30,14.735,11.236,1.066
B0997,495,3/15/2015 7:00,14.7398,11.236,1.068
B0997,496,3/15/2015 7:30,14.7489,11.139,1.077
B0997,497,3/15/2015 8:00,14.7441,11.139,1.054
B0997,498,3/15/2015 8:30,14.7537,11.139,1.068
B0997,499,3/15/2015 9:00,14.7564,11.236,1.062
B0997,500,3/15/2015 9:30,14.7498,11.334,1.054
B0997,501,3/15/2015 10:00,14.7529,11.528,1.059
B0997,502,3/15/2015 10:30,14.7566,11.819,1.06
B0997,503,3/15/2015 11:00,14.7551,12.013,1.061
B0997,504,3/15/2015 11:30,14.7512,12.207,1.05
B0997,505,3/15/2015 12:00,14.7509,12.69,1.059
B0997,506,3/15/2015 12:30,14.7383,13.076,1.044
B0997,507,3/15/2015 13:00,14.7309,13.558,1.048
B0997,508,3/15/2015 13:30,14.7277,13.942,1.058
B0997,509,3/15/2015 14:00,14.7219,14.23,1.049
B0997,510,3/15/2015 14:30,14.7199,14.325,1.046
B0997,511,3/15/2015 15:00,14.7176,14.325,1.045
B0997,512,3/15/2015 15:30,14.7151,14.325,1.039
B0997,513,3/15/2015 16:00,14.7147,14.23,1.046
B0997,514,3/15/2015 16:30,14.7138,14.038,1.046
B0997,515,3/15/2015 17:00,14.7222,13.75,1.067
B0997,516,3/15/2015 17:30,14.7218,13.654,1.054
B0997,517,3/15/2015 18:00,14.728,13.461,1.061
B0997,518,3/15/2015 18:30,14.7324,13.365,1.056
B0997,519,3/15/2015 19:00,14.7363,13.173,1.057
B0997,520,3/15/2015 19:30,14.7445,12.883,1.06
B0997,521,3/15/2015 20:00,14.7485,12.69,1.049
B0997,522,3/15/2015 20:30,14.75,12.497,1.049
B0997,523,3/15/2015 21:00,14.7515,12.304,1.05
B0997,524,3/15/2015 21:30,14.7556,12.11,1.052
B0997,525,3/15/2015 22:00,14.7499,11.916,1.05
B0997,526,3/15/2015 22:30,14.749,11.722,1.047
B0997,527,3/15/2015 23:00,14.7486,11.625,1.054
B0997,528,3/15/2015 23:30,14.7458,11.528,1.046
B0997,529,3/16/2015 0:00,14.7425,11.334,1.044
B0997,530,3/16/2015 0:30,14.7445,11.236,1.048
B0997,531,3/16/2015 1:00,14.7393,11.139,1.039
B0997,532,3/16/2015 1:30,14.7413,11.041,1.04
B0997,533,3/16/2015 2:00,14.7409,10.944,1.04
B0997,534,3/16/2015 2:30,14.7357,10.846,1.029
B0997,535,3/16/2015 3:00,14.7405,10.846,1.044
B0997,536,3/16/2015 3:30,14.7329,10.748,1.038
B0997,537,3/16/2015 4:00,14.7376,10.748,1.048
B0997,538,3/16/2015 4:30,14.7396,10.651,1.044
B0997,539,3/16/2015 5:00,14.7416,10.553,1.041
B0997,540,3/16/2015 5:30,14.7416,10.553,1.033
B0997,541,3/16/2015 6:00,14.7416,10.553,1.047
B0997,542,3/16/2015 6:30,14.7339,10.455,1.04
B0997,543,3/16/2015 7:00,14.7383,10.357,1.037
B0997,544,3/16/2015 7:30,14.7431,10.357,1.043
B0997,545,3/16/2015 8:00,14.7412,10.455,1.04
B0997,546,3/16/2015 8:30,14.744,10.553,1.039
B0997,547,3/16/2015 9:00,14.7396,10.651,1.033
B0997,548,3/16/2015 9:30,14.7384,10.944,1.029
B0997,549,3/16/2015 10:00,14.7374,11.236,1.037
B0997,550,3/16/2015 10:30,14.7371,11.722,1.035
B0997,551,3/16/2015 11:00,14.7273,12.207,1.022
B0997,552,3/16/2015 11:30,14.7222,12.69,1.028
B0997,553,3/16/2015 12:00,14.721,12.98,1.031
B0997,554,3/16/2015 12:30,14.7132,13.365,1.023
B0997,555,3/16/2015 13:00,14.7087,13.942,1.028
B0997,556,3/16/2015 13:30,14.6988,14.421,1.025
B0997,557,3/16/2015 14:00,14.6926,14.613,1.026
B0997,558,3/16/2015 14:30,14.6835,14.709,1.025
B0997,559,3/16/2015 15:00,14.6748,14.9,1.02
B0997,560,3/16/2015 15:30,14.6709,15.091,1.016
B0997,561,3/16/2015 16:00,14.664,15.187,1.02
B0997,562,3/16/2015 16:30,14.654,15.091,1.016
B0997,563,3/16/2015 17:00,14.6532,14.9,1.031
B0997,564,3/16/2015 17:30,14.6527,14.804,1.033
B0997,565,3/16/2015 18:00,14.6524,14.709,1.037
B0997,566,3/16/2015 18:30,14.6568,14.613,1.046
B0997,567,3/16/2015 19:00,14.6607,14.421,1.051
B0997,568,3/16/2015 19:30,14.6569,14.134,1.042
B0997,569,3/16/2015 20:00,14.6604,13.846,1.045
B0997,570,3/16/2015 20:30,14.6568,13.558,1.036
B0997,571,3/16/2015 21:00,14.6507,13.269,1.03
B0997,572,3/16/2015 21:30,14.6546,13.076,1.036
B0997,573,3/16/2015 22:00,14.6535,12.787,1.034
B0997,574,3/16/2015 22:30,14.6549,12.594,1.037
B0997,575,3/16/2015 23:00,14.6494,12.401,1.03
B0997,576,3/16/2015 23:30,14.6485,12.207,1.038
B0997,577,3/17/2015 0:00,14.6453,12.013,1.029
B0997,578,3/17/2015 0:30,14.6445,11.819,1.031
B0997,579,3/17/2015 1:00,14.6416,11.722,1.033
B0997,580,3/17/2015 1:30,14.6384,11.528,1.028
B0997,581,3/17/2015 2:00,14.6304,11.334,1.023
B0997,582,3/17/2015 2:30,14.63,11.236,1.033
B0997,583,3/17/2015 3:00,14.6247,11.139,1.023
B0997,584,3/17/2015 3:30,14.6168,10.944,1.022
B0997,585,3/17/2015 4:00,14.6069,10.846,1.026
B0997,586,3/17/2015 4:30,14.6092,10.846,1.031
B0997,587,3/17/2015 5:00,14.604,10.748,1.02
B0997,588,3/17/2015 5:30,14.6017,10.748,1.011
B0997,589,3/17/2015 6:00,14.6021,10.846,1.013
B0997,590,3/17/2015 6:30,14.5978,10.944,1.014
B0997,591,3/17/2015 7:00,14.6005,11.041,1.025
B0997,592,3/17/2015 7:30,14.5985,11.139,1.019
B0997,593,3/17/2015 8:00,14.5941,11.236,1.013
B0997,594,3/17/2015 8:30,14.5975,11.431,1.026
B0997,595,3/17/2015 9:00,14.5963,11.722,1.017
B0997,596,3/17/2015 9:30,14.5976,12.013,1.016
B0997,597,3/17/2015 10:00,14.5925,12.497,1.011
B0997,598,3/17/2015 10:30,14.5922,12.98,1.024
B0997,599,3/17/2015 11:00,14.5924,13.558,1.024
B0997,600,3/17/2015 11:30,14.5925,14.134,1.023
B0997,601,3/17/2015 12:00,14.5931,14.804,1.032
B0997,602,3/17/2015 12:30,14.5957,15.378,1.024
B0997,603,3/17/2015 13:00,14.5907,15.855,1.026
B0997,604,3/17/2015 13:30,14.5793,16.523,1.021
B0997,605,3/17/2015 14:00,14.5743,16.999,1.021
B0997,606,3/17/2015 14:30,14.5772,17.094,1.023
B0997,607,3/17/2015 15:00,14.5815,16.999,1.024
B0997,608,3/17/2015 15:30,14.5811,16.903,1.012
B0997,609,3/17/2015 16:00,14.5878,16.808,1.022
B0997,610,3/17/2015 16:30,14.5846,16.618,1.018
B0997,611,3/17/2015 17:00,14.588,16.332,1.029
B0997,612,3/17/2015 17:30,14.5995,16.237,1.026
B0997,613,3/17/2015 18:00,14.6059,16.046,1.015
B0997,614,3/17/2015 18:30,14.6146,15.855,1.019
B0997,615,3/17/2015 19:00,14.6256,15.664,1.025
B0997,616,3/17/2015 19:30,14.6316,15.378,1.02
B0997,617,3/17/2015 20:00,14.6421,15.091,1.021
B0997,618,3/17/2015 20:30,14.6389,14.9,1.007
B0997,619,3/17/2015 21:00,14.6472,14.613,1.021
B0997,620,3/17/2015 21:30,14.6487,14.421,1.017
B0997,621,3/17/2015 22:00,14.6507,14.325,1.007
B0997,622,3/17/2015 22:30,14.6546,14.134,1.009
B0997,623,3/17/2015 23:00,14.6537,13.942,1.004
B0997,624,3/17/2015 23:30,14.6581,13.846,1.007
B0997,625,3/18/2015 0:00,14.6597,13.654,1.006
B0997,626,3/18/2015 0:30,14.6564,13.461,1.01
B0997,627,3/18/2015 1:00,14.6559,13.365,1.01
B0997,628,3/18/2015 1:30,14.6579,13.269,1.012
B0997,629,3/18/2015 2:00,14.6571,13.076,0.998
B0997,630,3/18/2015 2:30,14.6614,12.98,1.008
B0997,631,3/18/2015 3:00,14.663,12.787,1.01
B0997,632,3/18/2015 3:30,14.6645,12.594,1.01
B0997,633,3/18/2015 4:00,14.6713,12.497,1.012
B0997,634,3/18/2015 4:30,14.68,12.304,1.017
B0997,635,3/18/2015 5:00,14.6796,12.207,0.998
B0997,636,3/18/2015 5:30,14.6887,12.11,1.015
B0997,637,3/18/2015 6:00,14.6901,11.916,1.009
B0997,638,3/18/2015 6:30,14.6993,11.819,1.008
B0997,639,3/18/2015 7:00,14.7113,11.819,1.012
B0997,640,3/18/2015 7:30,14.718,11.722,1.014
B0997,641,3/18/2015 8:00,14.7228,11.722,1.007
B0997,642,3/18/2015 8:30,14.7324,11.722,1.009
B0997,643,3/18/2015 9:00,14.7351,11.819,1.012
B0997,644,3/18/2015 9:30,14.7308,11.916,1
B0997,645,3/18/2015 10:00,14.7296,12.207,1.002
B0997,646,3/18/2015 10:30,14.7305,12.401,1.007
B0997,647,3/18/2015 11:00,14.7295,12.69,1.006
B0997,648,3/18/2015 11:30,14.7208,12.883,0.996
B0997,649,3/18/2015 12:00,14.7228,13.365,1.005
B0997,650,3/18/2015 12:30,14.7209,13.461,1.009
B0997,651,3/18/2015 13:00,14.717,13.654,1.008
B0997,652,3/18/2015 13:30,14.7126,13.75,1.009
B0997,653,3/18/2015 14:00,14.7039,13.942,1.011
B0997,654,3/18/2015 14:30,14.6987,13.846,1.006
B0997,655,3/18/2015 15:00,14.6958,13.75,1.004
B0997,656,3/18/2015 15:30,14.6907,13.654,1.01
B0997,657,3/18/2015 16:00,14.6859,13.654,0.995
B0997,658,3/18/2015 16:30,14.6855,13.558,1.002
B0997,659,3/18/2015 17:00,14.6851,13.461,1.005
B0997,660,3/18/2015 17:30,14.6894,13.365,1.008
B0997,661,3/18/2015 18:00,14.6913,13.269,0.994
B0997,662,3/18/2015 18:30,14.6933,13.173,0.993
B0997,663,3/18/2015 19:00,14.7048,13.076,1.018
B0997,664,3/18/2015 19:30,14.7039,12.883,1
B0997,665,3/18/2015 20:00,14.7083,12.787,1.008
B0997,666,3/18/2015 20:30,14.7078,12.69,1.001
B0997,667,3/18/2015 21:00,14.7147,12.594,1.003
B0997,668,3/18/2015 21:30,14.7142,12.497,0.993
B0997,669,3/18/2015 22:00,14.7138,12.401,1.005
B0997,670,3/18/2015 22:30,14.711,12.304,1.001
B0997,671,3/18/2015 23:00,14.7129,12.207,1.008
B0997,672,3/18/2015 23:30,14.7125,12.11,0.998
B0997,673,3/19/2015 0:00,14.7145,12.013,0.998
B0997,674,3/19/2015 0:30,14.7145,12.013,1.005
B0997,675,3/19/2015 1:00,14.7141,11.916,1
B0997,676,3/19/2015 1:30,14.7184,11.819,1.005
B0997,677,3/19/2015 2:00,14.718,11.722,1.005
B0997,678,3/19/2015 2:30,14.7132,11.722,0.996
B0997,679,3/19/2015 3:00,14.708,11.625,0.997
B0997,680,3/19/2015 3:30,14.7057,11.625,0.991
B0997,681,3/19/2015 4:00,14.71,11.528,1
B0997,682,3/19/2015 4:30,14.7148,11.528,0.998
B0997,683,3/19/2015 5:00,14.7239,11.431,1.01
B0997,684,3/19/2015 5:30,14.731,11.431,1.016
B0997,685,3/19/2015 6:00,14.7306,11.334,0.994
B0997,686,3/19/2015 6:30,14.7354,11.334,1.006
B0997,687,3/19/2015 7:00,14.7421,11.236,1.006
B0997,688,3/19/2015 7:30,14.7374,11.236,1.015
B0997,689,3/19/2015 8:00,14.7441,11.139,1.021
B0997,690,3/19/2015 8:30,14.7441,11.139,1.013
B0997,691,3/19/2015 9:00,14.7537,11.139,1.016
B0997,692,3/19/2015 9:30,14.7608,11.139,1.009
B0997,693,3/19/2015 10:00,14.7704,11.139,1.026
B0997,694,3/19/2015 10:30,14.768,11.139,1.011
B0997,695,3/19/2015 11:00,14.768,11.139,1.02
B0997,696,3/19/2015 11:30,14.7632,11.139,1.017
B0997,697,3/19/2015 12:00,14.766,11.236,1.02
B0997,698,3/19/2015 12:30,14.7637,11.236,1.024
B0997,699,3/19/2015 13:00,14.7569,11.334,1.021
B0997,700,3/19/2015 13:30,14.7454,11.431,1.008
B0997,701,3/19/2015 14:00,14.7429,11.431,1.011
B0997,702,3/19/2015 14:30,14.7382,11.431,1.017
B0997,703,3/19/2015 15:00,14.7358,11.431,1.009
B0997,704,3/19/2015 15:30,14.7382,11.431,1.015
B0997,705,3/19/2015 16:00,14.7354,11.334,1.012
B0997,706,3/19/2015 16:30,14.7306,11.334,1.008
B0997,707,3/19/2015 17:00,14.7302,11.236,1.02
B0997,708,3/19/2015 17:30,14.7326,11.236,1.023
B0997,709,3/19/2015 18:00,14.7297,11.139,1.013
B0997,710,3/19/2015 18:30,14.7318,11.041,1.02
B0997,711,3/19/2015 19:00,14.7361,10.944,1.01
B0997,712,3/19/2015 19:30,14.7428,10.846,1.022
B0997,713,3/19/2015 20:00,14.7424,10.748,1.016
B0997,714,3/19/2015 20:30,14.7519,10.748,1.028
B0997,715,3/19/2015 21:00,14.7515,10.651,1.023
B0997,716,3/19/2015 21:30,14.7535,10.553,1.012
B0997,717,3/19/2015 22:00,14.7535,10.553,1.023
B0997,718,3/19/2015 22:30,14.746,10.455,1.016
B0997,719,3/19/2015 23:00,14.7435,10.455,1.016
B0997,720,3/19/2015 23:30,14.7383,10.357,1.015
B0997,721,3/20/2015 0:00,14.736,10.357,1.02
B0997,722,3/20/2015 0:30,14.7312,10.357,1.015
B0997,723,3/20/2015 1:00,14.7308,10.259,1.019
B0997,724,3/20/2015 1:30,14.726,10.259,1.012
B0997,725,3/20/2015 2:00,14.726,10.259,1.011
B0997,726,3/20/2015 2:30,14.7164,10.259,1.011
B0997,727,3/20/2015 3:00,14.7136,10.161,1.016
B0997,728,3/20/2015 3:30,14.7113,10.161,1.015
B0997,729,3/20/2015 4:00,14.7065,10.161,1.015
B0997,730,3/20/2015 4:30,14.7041,10.161,1.01
B0997,731,3/20/2015 5:00,14.7018,10.161,1.011
B0997,732,3/20/2015 5:30,14.7036,10.063,1.01
B0997,733,3/20/2015 6:00,14.7036,10.063,1.004
B0997,734,3/20/2015 6:30,14.7084,10.063,1.015
B0997,735,3/20/2015 7:00,14.7036,10.063,1.015
B0997,736,3/20/2015 7:30,14.7036,10.063,1.015
B0997,737,3/20/2015 8:00,14.7084,10.063,1.014
B0997,738,3/20/2015 8:30,14.7036,10.063,1.002
B0997,739,3/20/2015 9:00,14.7061,10.063,1.01
B0997,740,3/20/2015 9:30,14.7065,10.161,1.013
B0997,741,3/20/2015 10:00,14.7022,10.259,1.006
B0997,742,3/20/2015 10:30,14.7026,10.357,1.013
B0997,743,3/20/2015 11:00,14.7002,10.357,0.999
B0997,744,3/20/2015 11:30,14.7015,10.651,1.019
B0997,745,3/20/2015 12:00,14.6912,11.041,1.006
B0997,746,3/20/2015 12:30,14.6817,11.625,1.003
B0997,747,3/20/2015 13:00,14.6727,12.304,0.994
B0997,748,3/20/2015 13:30,14.6626,12.69,0.987
B0997,749,3/20/2015 14:00,14.6562,12.883,0.99
B0997,750,3/20/2015 14:30,14.6619,13.076,0.99
B0997,751,3/20/2015 15:00,14.6598,13.173,0.993
B0997,752,3/20/2015 15:30,14.6598,13.173,1.001
B0997,753,3/20/2015 16:00,14.6598,13.173,0.999
B0997,754,3/20/2015 16:30,14.6527,13.173,0.995
B0997,755,3/20/2015 17:00,14.6527,13.173,1.005
B0997,756,3/20/2015 17:30,14.6546,13.076,1.002
B0997,757,3/20/2015 18:00,14.6546,13.076,1.001
B0997,758,3/20/2015 18:30,14.6614,12.98,0.997
B0997,759,3/20/2015 19:00,14.6633,12.883,1.002
B0997,760,3/20/2015 19:30,14.6649,12.69,1.002
B0997,761,3/20/2015 20:00,14.6669,12.594,1.003
B0997,762,3/20/2015 20:30,14.6709,12.401,1.003
B0997,763,3/20/2015 21:00,14.6748,12.207,1.001
B0997,764,3/20/2015 21:30,14.6716,12.013,1.008
B0997,765,3/20/2015 22:00,14.6759,11.916,0.999
B0997,766,3/20/2015 22:30,14.6798,11.722,1.006
B0997,767,3/20/2015 23:00,14.6746,11.625,0.997
B0997,768,3/20/2015 23:30,14.6833,11.431,1.009
B0997,769,3/21/2015 0:00,14.6829,11.334,1.006
B0997,770,3/21/2015 0:30,14.6772,11.139,1.002
B0997,771,3/21/2015 1:00,14.6768,11.041,0.994
B0997,772,3/21/2015 1:30,14.6812,10.944,1.001
B0997,773,3/21/2015 2:00,14.6784,10.846,1.003
B0997,774,3/21/2015 2:30,14.6804,10.748,0.999
B0997,775,3/21/2015 3:00,14.6775,10.651,1.006
B0997,776,3/21/2015 3:30,14.6677,10.553,0.996
B0997,777,3/21/2015 4:00,14.6696,10.455,0.997
B0997,778,3/21/2015 4:30,14.6691,10.357,0.997
B0997,779,3/21/2015 5:00,14.6735,10.259,0.992
B0997,780,3/21/2015 5:30,14.6783,10.259,0.991
B0997,781,3/21/2015 6:00,14.6899,10.161,0.994
B0997,782,3/21/2015 6:30,14.6949,10.259,0.988
B0997,783,3/21/2015 7:00,14.6949,10.259,0.989
B0997,784,3/21/2015 7:30,14.6974,10.259,0.991
B0997,785,3/21/2015 8:00,14.7002,10.357,0.988
B0997,786,3/21/2015 8:30,14.701,10.553,0.987
B0997,787,3/21/2015 9:00,14.6971,10.748,0.982
B0997,788,3/21/2015 9:30,14.7055,11.041,0.988
B0997,789,3/21/2015 10:00,14.7071,11.431,1
B0997,790,3/21/2015 10:30,14.7045,11.916,0.989
B0997,791,3/21/2015 11:00,14.7051,12.594,0.991
B0997,792,3/21/2015 11:30,14.6981,13.173,0.995
B0997,793,3/21/2015 12:00,14.6915,13.846,0.999
B0997,794,3/21/2015 12:30,14.6841,14.325,0.986
B0997,795,3/21/2015 13:00,14.6839,14.804,1.004
B0997,796,3/21/2015 13:30,14.6761,15.187,0.997
B0997,797,3/21/2015 14:00,14.663,15.473,0.991
B0997,798,3/21/2015 14:30,14.6591,15.664,0.996
B0997,799,3/21/2015 15:00,14.6491,15.569,1
B0997,800,3/21/2015 15:30,14.6448,15.664,0.978
B0997,801,3/21/2015 16:00,14.6443,15.569,0.989
B0997,802,3/21/2015 16:30,14.6458,15.378,0.993
B0997,803,3/21/2015 17:00,14.643,15.282,0.983
B0997,804,3/21/2015 17:30,14.6497,15.187,0.994
B0997,805,3/21/2015 18:00,14.6517,15.091,0.99
B0997,806,3/21/2015 18:30,14.6579,14.9,1.001
B0997,807,3/21/2015 19:00,14.6591,14.613,0.994
B0997,808,3/21/2015 19:30,14.663,14.421,0.992
B0997,809,3/21/2015 20:00,14.669,14.134,0.989
B0997,810,3/21/2015 20:30,14.6681,13.942,0.991
B0997,811,3/21/2015 21:00,14.6672,13.75,0.996
B0997,812,3/21/2015 21:30,14.6668,13.654,0.985
B0997,813,3/21/2015 22:00,14.6611,13.461,0.981
B0997,814,3/21/2015 22:30,14.6607,13.365,0.984
B0997,815,3/21/2015 23:00,14.6627,13.269,0.984
B0997,816,3/21/2015 23:30,14.6646,13.173,0.983
B0997,817,3/22/2015 0:00,14.6642,13.076,0.979
B0997,818,3/22/2015 0:30,14.6662,12.98,0.993
B0997,819,3/22/2015 1:00,14.6633,12.883,0.98
B0997,820,3/22/2015 1:30,14.6653,12.787,0.987
B0997,821,3/22/2015 2:00,14.663,12.787,0.992
B0997,822,3/22/2015 2:30,14.6578,12.69,0.975
B0997,823,3/22/2015 3:00,14.6597,12.594,0.985
B0997,824,3/22/2015 3:30,14.6569,12.497,0.987
B0997,825,3/22/2015 4:00,14.6521,12.497,0.985
B0997,826,3/22/2015 4:30,14.6565,12.401,0.991
B0997,827,3/22/2015 5:00,14.6588,12.401,0.984
B0997,828,3/22/2015 5:30,14.6608,12.304,0.988
B0997,829,3/22/2015 6:00,14.6561,12.304,0.987
B0997,830,3/22/2015 6:30,14.6675,12.207,0.997
B0997,831,3/22/2015 7:00,14.6652,12.207,0.985
B0997,832,3/22/2015 7:30,14.6723,12.207,1.002
B0997,833,3/22/2015 8:00,14.6723,12.207,0.987
B0997,834,3/22/2015 8:30,14.6727,12.304,0.989
B0997,835,3/22/2015 9:00,14.6732,12.401,0.976
B0997,836,3/22/2015 9:30,14.6713,12.497,0.98
B0997,837,3/22/2015 10:00,14.6768,12.69,0.988
B0997,838,3/22/2015 10:30,14.6772,12.787,0.979
B0997,839,3/22/2015 11:00,14.6733,12.98,0.983
B0997,840,3/22/2015 11:30,14.6719,13.173,0.989
B0997,841,3/22/2015 12:00,14.6597,13.654,0.983
B0997,842,3/22/2015 12:30,14.655,14.23,0.989
B0997,843,3/22/2015 13:00,14.642,14.517,0.971
B0997,844,3/22/2015 13:30,14.6408,14.804,0.977
B0997,845,3/22/2015 14:00,14.6448,14.613,0.981
B0997,846,3/22/2015 14:30,14.642,14.517,0.993
B0997,847,3/22/2015 15:00,14.632,14.421,0.989
B0997,848,3/22/2015 15:30,14.6297,14.421,0.983
B0997,849,3/22/2015 16:00,14.6316,14.325,0.988
B0997,850,3/22/2015 16:30,14.6336,14.23,0.991
B0997,851,3/22/2015 17:00,14.6259,14.134,0.983
B0997,852,3/22/2015 17:30,14.6323,13.942,0.985
B0997,853,3/22/2015 18:00,14.6318,13.846,0.988
B0997,854,3/22/2015 18:30,14.6289,13.75,0.985
B0997,855,3/22/2015 19:00,14.6214,13.654,0.982
B0997,856,3/22/2015 19:30,14.6301,13.461,0.985
B0997,857,3/22/2015 20:00,14.6273,13.365,0.978
B0997,858,3/22/2015 20:30,14.6413,13.269,0.99
B0997,859,3/22/2015 21:00,14.6503,13.173,0.986
B0997,860,3/22/2015 21:30,14.6594,13.076,0.99
B0997,861,3/22/2015 22:00,14.6614,12.98,0.988
B0997,862,3/22/2015 22:30,14.659,12.98,0.99
B0997,863,3/22/2015 23:00,14.6587,12.883,0.995
B0997,864,3/22/2015 23:30,14.6582,12.787,0.999
B0997,865,3/23/2015 0:00,14.653,12.69,0.999
B0997,866,3/23/2015 0:30,14.6455,12.594,0.988
B0997,867,3/23/2015 1:00,14.6407,12.594,0.989
B0997,868,3/23/2015 1:30,14.6378,12.497,0.994
B0997,869,3/23/2015 2:00,14.6378,12.497,1
B0997,870,3/23/2015 2:30,14.6255,12.401,0.989
B0997,871,3/23/2015 3:00,14.6207,12.401,1.001
B0997,872,3/23/2015 3:30,14.6202,12.304,0.995
B0997,873,3/23/2015 4:00,14.6298,12.304,1.002
B0997,874,3/23/2015 4:30,14.6294,12.207,0.993
B0997,875,3/23/2015 5:00,14.6246,12.207,0.982
B0997,876,3/23/2015 5:30,14.6289,12.11,0.987
B0997,877,3/23/2015 6:00,14.6385,12.11,0.988
B0997,878,3/23/2015 6:30,14.6429,12.013,0.989
B0997,879,3/23/2015 7:00,14.6453,12.013,0.979
B0997,880,3/23/2015 7:30,14.65,12.013,0.986
B0997,881,3/23/2015 8:00,14.6548,12.013,0.986
B0997,882,3/23/2015 8:30,14.6624,12.11,0.981
B0997,883,3/23/2015 9:00,14.6632,12.304,0.972
B0997,884,3/23/2015 9:30,14.6736,12.497,0.983
B0997,885,3/23/2015 10:00,14.6729,12.883,0.976
B0997,886,3/23/2015 10:30,14.6798,13.365,0.984
B0997,887,3/23/2015 11:00,14.6783,13.558,0.977
B0997,888,3/23/2015 11:30,14.6796,13.846,0.984
B0997,889,3/23/2015 12:00,14.6745,14.325,0.982
B0997,890,3/23/2015 12:30,14.6743,14.804,0.974
B0997,891,3/23/2015 13:00,14.6709,15.091,0.974
B0997,892,3/23/2015 13:30,14.6688,15.187,0.983
B0997,893,3/23/2015 14:00,14.6626,15.378,0.983
B0997,894,3/23/2015 14:30,14.6571,15.76,0.98
B0997,895,3/23/2015 15:00,14.65,15.76,0.978
B0997,896,3/23/2015 15:30,14.6495,15.664,0.97
B0997,897,3/23/2015 16:00,14.6466,15.569,0.988
B0997,898,3/23/2015 16:30,14.6458,15.378,0.978
B0997,899,3/23/2015 17:00,14.6449,15.187,0.975
B0997,900,3/23/2015 17:30,14.6465,14.996,0.98
B0997,901,3/23/2015 18:00,14.6532,14.9,0.991
B0997,902,3/23/2015 18:30,14.6575,14.804,0.984
B0997,903,3/23/2015 19:00,14.6591,14.613,0.977
B0997,904,3/23/2015 19:30,14.663,14.421,0.981
B0997,905,3/23/2015 20:00,14.6665,14.134,0.981
B0997,906,3/23/2015 20:30,14.6752,13.942,0.981
B0997,907,3/23/2015 21:00,14.6812,13.654,0.983
B0997,908,3/23/2015 21:30,14.6874,13.461,0.985
B0997,909,3/23/2015 22:00,14.6913,13.269,0.984
B0997,910,3/23/2015 22:30,14.6977,13.076,0.979
B0997,911,3/23/2015 23:00,14.6973,12.98,0.981
B0997,912,3/23/2015 23:30,14.6948,12.98,0.977
B0997,913,3/24/2015 0:00,14.692,12.883,0.985
B0997,914,3/24/2015 0:30,14.6897,12.883,0.979
B0997,915,3/24/2015 1:00,14.6941,12.787,0.985
B0997,916,3/24/2015 1:30,14.6941,12.787,0.985
B0997,917,3/24/2015 2:00,14.6936,12.69,0.98
B0997,918,3/24/2015 2:30,14.6955,12.594,0.988
B0997,919,3/24/2015 3:00,14.6955,12.594,0.992
B0997,920,3/24/2015 3:30,14.6907,12.594,0.98
B0997,921,3/24/2015 4:00,14.6951,12.497,0.984
B0997,922,3/24/2015 4:30,14.6975,12.497,0.979
B0997,923,3/24/2015 5:00,14.6994,12.401,0.975
B0997,924,3/24/2015 5:30,14.7033,12.207,0.981
B0997,925,3/24/2015 6:00,14.7054,12.11,0.975
B0997,926,3/24/2015 6:30,14.7097,12.013,0.979
B0997,927,3/24/2015 7:00,14.7189,11.916,0.977
B0997,928,3/24/2015 7:30,14.7232,11.819,0.978
B0997,929,3/24/2015 8:00,14.7232,11.819,0.967
B0997,930,3/24/2015 8:30,14.726,11.916,0.973
B0997,931,3/24/2015 9:00,14.7264,12.013,0.969
B0997,932,3/24/2015 9:30,14.7277,12.304,0.972
B0997,933,3/24/2015 10:00,14.729,12.594,0.971
B0997,934,3/24/2015 10:30,14.7287,13.076,0.974
B0997,935,3/24/2015 11:00,14.7193,13.654,0.967
B0997,936,3/24/2015 11:30,14.7147,14.23,0.964
B0997,937,3/24/2015 12:00,14.7102,14.804,0.969
B0997,938,3/24/2015 12:30,14.708,15.378,0.976
B0997,939,3/24/2015 13:00,14.6986,15.951,0.965
B0997,940,3/24/2015 13:30,14.6984,16.427,0.979
B0997,941,3/24/2015 14:00,14.6916,16.523,0.979
B0997,942,3/24/2015 14:30,14.6941,16.523,0.977
B0997,943,3/24/2015 15:00,14.6868,16.523,0.965
B0997,944,3/24/2015 15:30,14.6872,16.618,0.972
B0997,945,3/24/2015 16:00,14.6868,16.523,0.982
B0997,946,3/24/2015 16:30,14.6836,16.332,0.968
B0997,947,3/24/2015 17:00,14.6851,16.141,0.978
B0997,948,3/24/2015 17:30,14.6846,16.046,0.971
B0997,949,3/24/2015 18:00,14.6886,15.855,0.975
B0997,950,3/24/2015 18:30,14.6925,15.664,0.974
B0997,951,3/24/2015 19:00,14.6916,15.473,0.975
B0997,952,3/24/2015 19:30,14.6932,15.282,0.964
B0997,953,3/24/2015 20:00,14.6971,15.091,0.968
B0997,954,3/24/2015 20:30,14.7054,14.804,0.981
B0997,955,3/24/2015 21:00,14.7068,14.613,0.979
B0997,956,3/24/2015 21:30,14.706,14.421,0.97
B0997,957,3/24/2015 22:00,14.7076,14.23,0.977
B0997,958,3/24/2015 22:30,14.7091,14.038,0.974
B0997,959,3/24/2015 23:00,14.7083,13.846,0.976
B0997,960,3/24/2015 23:30,14.7145,13.654,0.981
B0997,961,3/25/2015 0:00,14.7189,13.558,0.983
B0997,962,3/25/2015 0:30,14.7257,13.461,0.983
B0997,963,3/25/2015 1:00,14.7252,13.365,0.983
B0997,964,3/25/2015 1:30,14.7223,13.269,0.974
B0997,965,3/25/2015 2:00,14.7196,13.173,0.974
B0997,966,3/25/2015 2:30,14.7167,13.076,0.963
B0997,967,3/25/2015 3:00,14.7167,13.076,0.98
B0997,968,3/25/2015 3:30,14.7187,12.98,0.978
B0997,969,3/25/2015 4:00,14.7139,12.98,0.973
B0997,970,3/25/2015 4:30,14.7164,12.98,0.968
B0997,971,3/25/2015 5:00,14.7167,13.076,0.96
B0997,972,3/25/2015 5:30,14.7187,12.98,0.952
B0997,973,3/25/2015 6:00,14.7263,13.076,0.962
B0997,974,3/25/2015 6:30,14.7287,13.076,0.96
B0997,975,3/25/2015 7:00,14.7358,13.076,0.963
B0997,976,3/25/2015 7:30,14.7383,13.076,0.966
B0997,977,3/25/2015 8:00,14.7458,13.173,0.965
B0997,978,3/25/2015 8:30,14.7506,13.173,0.967
B0997,979,3/25/2015 9:00,14.7529,13.173,0.967
B0997,980,3/25/2015 9:30,14.7577,13.173,0.979
B0997,981,3/25/2015 10:00,14.7577,13.173,0.982
B0997,982,3/25/2015 10:30,14.7602,13.173,0.981
B0997,983,3/25/2015 11:00,14.7602,13.173,0.986
B0997,984,3/25/2015 11:30,14.7577,13.173,0.986
B0997,985,3/25/2015 12:00,14.7554,13.173,0.992
B0997,986,3/25/2015 12:30,14.7511,13.269,0.99
B0997,987,3/25/2015 13:00,14.7467,13.365,0.988
B0997,988,3/25/2015 13:30,14.7424,13.461,0.996
B0997,989,3/25/2015 14:00,14.738,13.558,0.992
B0997,990,3/25/2015 14:30,14.7332,13.558,0.995
B0997,991,3/25/2015 15:00,14.7289,13.654,0.988
B0997,992,3/25/2015 15:30,14.7245,13.75,0.989
B0997,993,3/25/2015 16:00,14.7174,13.75,0.99
B0997,994,3/25/2015 16:30,14.7178,13.846,0.989
B0997,995,3/25/2015 17:00,14.7154,13.846,0.99
B0997,996,3/25/2015 17:30,14.7149,13.75,0.987
B0997,997,3/25/2015 18:00,14.7197,13.75,0.992
B0997,998,3/25/2015 18:30,14.7193,13.654,0.994
B0997,999,3/25/2015 19:00,14.717,13.654,0.996
B0997,1000,3/25/2015 19:30,14.7189,13.558,0.996
B0997,1001,3/25/2015 20:00,14.7165,13.558,0.996
B0997,1002,3/25/2015 20:30,14.7113,13.461,0.996
B0997,1003,3/25/2015 21:00,14.7089,13.461,0.99
B0997,1004,3/25/2015 21:30,14.7084,13.365,0.995
B0997,1005,3/25/2015 22:00,14.7061,13.365,0.996
B0997,1006,3/25/2015 22:30,14.7013,13.365,0.996
B0997,1007,3/25/2015 23:00,14.6961,13.269,0.996
B0997,1008,3/25/2015 23:30,14.6938,13.269,1.001
B0997,1009,3/26/2015 0:00,14.689,13.269,0.996
B0997,1010,3/26/2015 0:30,14.689,13.269,1.001
B0997,1011,3/26/2015 1:00,14.6742,13.173,0.989
B0997,1012,3/26/2015 1:30,14.6671,13.173,0.984
B0997,1013,3/26/2015 2:00,14.6646,13.173,0.995
B0997,1014,3/26/2015 2:30,14.655,13.173,0.99
B0997,1015,3/26/2015 3:00,14.6503,13.173,0.991
B0997,1016,3/26/2015 3:30,14.6408,13.173,0.991
B0997,1017,3/26/2015 4:00,14.6356,13.076,0.99
B0997,1018,3/26/2015 4:30,14.6331,13.076,0.99
B0997,1019,3/26/2015 5:00,14.6284,13.076,0.996
B0997,1020,3/26/2015 5:30,14.6237,13.076,0.987
B0997,1021,3/26/2015 6:00,14.6213,13.076,0.982
B0997,1022,3/26/2015 6:30,14.6208,12.98,0.98
B0997,1023,3/26/2015 7:00,14.6233,12.98,0.979
B0997,1024,3/26/2015 7:30,14.6233,12.98,0.977
B0997,1025,3/26/2015 8:00,14.6237,13.076,0.979
B0997,1026,3/26/2015 8:30,14.6173,13.269,0.971
B0997,1027,3/26/2015 9:00,14.6182,13.461,0.981
B0997,1028,3/26/2015 9:30,14.6114,13.558,0.976
B0997,1029,3/26/2015 10:00,14.607,13.654,0.979
B0997,1030,3/26/2015 10:30,14.5965,13.942,0.97
B0997,1031,3/26/2015 11:00,14.5938,14.421,0.978
B0997,1032,3/26/2015 11:30,14.5815,14.9,0.98
B0997,1033,3/26/2015 12:00,14.5693,15.378,0.97
B0997,1034,3/26/2015 12:30,14.5711,15.76,0.98
B0997,1035,3/26/2015 13:00,14.5653,16.046,0.979
B0997,1036,3/26/2015 13:30,14.5574,16.427,0.97
B0997,1037,3/26/2015 14:00,14.5487,16.618,0.976
B0997,1038,3/26/2015 14:30,14.5435,16.523,0.977
B0997,1039,3/26/2015 15:00,14.5431,16.427,0.986
B0997,1040,3/26/2015 15:30,14.5379,16.332,0.969
B0997,1041,3/26/2015 16:00,14.5283,16.332,0.966
B0997,1042,3/26/2015 16:30,14.5212,16.332,0.969
B0997,1043,3/26/2015 17:00,14.516,16.237,0.973
B0997,1044,3/26/2015 17:30,14.5131,16.141,0.982
B0997,1045,3/26/2015 18:00,14.517,15.951,0.978
B0997,1046,3/26/2015 18:30,14.5115,15.76,0.974
B0997,1047,3/26/2015 19:00,14.5081,15.569,0.977
B0997,1048,3/26/2015 19:30,14.5097,15.378,0.983
B0997,1049,3/26/2015 20:00,14.5041,15.187,0.973
B0997,1050,3/26/2015 20:30,14.5084,15.091,0.977
B0997,1051,3/26/2015 21:00,14.5123,14.9,0.979
B0997,1052,3/26/2015 21:30,14.5096,14.804,0.979
B0997,1053,3/26/2015 22:00,14.5067,14.709,0.987
B0997,1054,3/26/2015 22:30,14.5035,14.517,0.974
B0997,1055,3/26/2015 23:00,14.503,14.421,0.98
B0997,1056,3/26/2015 23:30,14.4978,14.325,0.973
B0997,1057,3/27/2015 0:00,14.493,14.325,0.975
B0997,1058,3/27/2015 0:30,14.4974,14.23,0.972
B0997,1059,3/27/2015 1:00,14.5017,14.134,0.984
B0997,1060,3/27/2015 1:30,14.501,13.942,0.977
B0997,1061,3/27/2015 2:00,14.4881,13.75,0.967
B0997,1062,3/27/2015 2:30,14.4897,13.558,0.974
B0997,1063,3/27/2015 3:00,14.484,13.365,0.975
B0997,1064,3/27/2015 3:30,14.4861,13.269,0.977
B0997,1065,3/27/2015 4:00,14.4804,13.076,0.97
B0997,1066,3/27/2015 4:30,14.4848,12.98,0.971
B0997,1067,3/27/2015 5:00,14.4868,12.883,0.978
B0997,1068,3/27/2015 5:30,14.4864,12.787,0.971
B0997,1069,3/27/2015 6:00,14.4955,12.69,0.982
B0997,1070,3/27/2015 6:30,14.5022,12.594,0.981
B0997,1071,3/27/2015 7:00,14.5065,12.497,0.973
B0997,1072,3/27/2015 7:30,14.5086,12.401,0.981
B0997,1073,3/27/2015 8:00,14.5129,12.304,0.984
B0997,1074,3/27/2015 8:30,14.5196,12.207,0.988
B0997,1075,3/27/2015 9:00,14.5196,12.207,0.991
B0997,1076,3/27/2015 9:30,14.5216,12.11,0.987
B0997,1077,3/27/2015 10:00,14.5239,12.11,0.978
B0997,1078,3/27/2015 10:30,14.5173,12.207,0.976
B0997,1079,3/27/2015 11:00,14.5268,12.207,0.98
B0997,1080,3/27/2015 11:30,14.5277,12.401,0.981
B0997,1081,3/27/2015 12:00,14.5241,12.69,0.977
B0997,1082,3/27/2015 12:30,14.527,12.787,0.985
B0997,1083,3/27/2015 13:00,14.5218,12.69,0.976
B0997,1084,3/27/2015 13:30,14.5261,12.594,0.982
B0997,1085,3/27/2015 14:00,14.5261,12.594,0.985
B0997,1086,3/27/2015 14:30,14.528,12.497,0.983
B0997,1087,3/27/2015 15:00,14.5205,12.401,0.981
B0997,1088,3/27/2015 15:30,14.5248,12.304,0.98
B0997,1089,3/27/2015 16:00,14.5244,12.207,0.975
B0997,1090,3/27/2015 16:30,14.5239,12.11,0.972
B0997,1091,3/27/2015 17:00,14.5239,12.11,0.977
B0997,1092,3/27/2015 17:30,14.5308,12.013,0.974
B0997,1093,3/27/2015 18:00,14.5323,11.819,0.981
B0997,1094,3/27/2015 18:30,14.5363,11.625,0.981
B0997,1095,3/27/2015 19:00,14.5429,11.528,0.975
B0997,1096,3/27/2015 19:30,14.545,11.431,0.96
B0997,1097,3/27/2015 20:00,14.5512,11.236,0.96
B0997,1098,3/27/2015 20:30,14.5576,11.041,0.969
B0997,1099,3/27/2015 21:00,14.564,10.846,0.975
B0997,1100,3/27/2015 21:30,14.5654,10.651,0.964
B0997,1101,3/27/2015 22:00,14.5746,10.553,0.977
B0997,1102,3/27/2015 22:30,14.5809,10.357,0.976
B0997,1103,3/27/2015 23:00,14.5824,10.161,0.966
B0997,1104,3/27/2015 23:30,14.584,9.965,0.961
B0997,1105,3/28/2015 0:00,14.5856,9.768,0.957
B0997,1106,3/28/2015 0:30,14.5922,9.669,0.965
B0997,1107,3/28/2015 1:00,14.5938,9.472,0.96
B0997,1108,3/28/2015 1:30,14.5982,9.373,0.967
B0997,1109,3/28/2015 2:00,14.595,9.176,0.967
B0997,1110,3/28/2015 2:30,14.5998,9.176,0.976
B0997,1111,3/28/2015 3:00,14.5969,9.077,0.971
B0997,1112,3/28/2015 3:30,14.5989,8.978,0.971
B0997,1113,3/28/2015 4:00,14.6033,8.879,0.964
B0997,1114,3/28/2015 4:30,14.6028,8.779,0.96
B0997,1115,3/28/2015 5:00,14.6097,8.68,0.961
B0997,1116,3/28/2015 5:30,14.6159,8.481,0.963
B0997,1117,3/28/2015 6:00,14.6202,8.382,0.959
B0997,1118,3/28/2015 6:30,14.6289,8.182,0.959
B0997,1119,3/28/2015 7:00,14.6333,8.082,0.948
B0997,1120,3/28/2015 7:30,14.6495,7.983,0.955
B0997,1121,3/28/2015 8:00,14.654,7.882,0.95
B0997,1122,3/28/2015 8:30,14.6611,7.882,0.958
B0997,1123,3/28/2015 9:00,14.6616,7.983,0.962
B0997,1124,3/28/2015 9:30,14.6648,8.182,0.956
B0997,1125,3/28/2015 10:00,14.6659,8.481,0.961
B0997,1126,3/28/2015 10:30,14.6656,8.978,0.95
B0997,1127,3/28/2015 11:00,14.6706,9.571,0.959
B0997,1128,3/28/2015 11:30,14.6632,10.063,0.956
B0997,1129,3/28/2015 12:00,14.6633,10.651,0.961
B0997,1130,3/28/2015 12:30,14.6587,11.236,0.959
B0997,1131,3/28/2015 13:00,14.6584,11.722,0.956
B0997,1132,3/28/2015 13:30,14.66,12.11,0.969
B0997,1133,3/28/2015 14:00,14.6561,12.304,0.967
B0997,1134,3/28/2015 14:30,14.6542,12.401,0.961
B0997,1135,3/28/2015 15:00,14.6542,12.401,0.963
B0997,1136,3/28/2015 15:30,14.6508,12.207,0.959
B0997,1137,3/28/2015 16:00,14.6548,12.013,0.965
B0997,1138,3/28/2015 16:30,14.6579,11.625,0.967
B0997,1139,3/28/2015 17:00,14.6638,11.334,0.969
B0997,1140,3/28/2015 17:30,14.6697,11.041,0.969
B0997,1141,3/28/2015 18:00,14.678,10.748,0.967
B0997,1142,3/28/2015 18:30,14.6843,10.553,0.958
B0997,1143,3/28/2015 19:00,14.6926,10.259,0.955
B0997,1144,3/28/2015 19:30,14.7013,10.063,0.963
B0997,1145,3/28/2015 20:00,14.7076,9.866,0.966
B0997,1146,3/28/2015 20:30,14.716,9.571,0.965
B0997,1147,3/28/2015 21:00,14.7222,9.373,0.959
B0997,1148,3/28/2015 21:30,14.7238,9.176,0.957
B0997,1149,3/28/2015 22:00,14.73,8.978,0.957
B0997,1150,3/28/2015 22:30,14.7341,8.779,0.954
B0997,1151,3/28/2015 23:00,14.7408,8.68,0.953
B0997,1152,3/28/2015 23:30,14.7447,8.481,0.956
B0997,1153,3/29/2015 0:00,14.7442,8.382,0.955
B0997,1154,3/29/2015 0:30,14.7506,8.182,0.961
B0997,1155,3/29/2015 1:00,14.7502,8.082,0.952
B0997,1156,3/29/2015 1:30,14.7541,7.882,0.954
B0997,1157,3/29/2015 2:00,14.7561,7.782,0.951
B0997,1158,3/29/2015 2:30,14.758,7.682,0.948
B0997,1159,3/29/2015 3:00,14.7601,7.582,0.94
B0997,1160,3/29/2015 3:30,14.7644,7.481,0.95
B0997,1161,3/29/2015 4:00,14.7711,7.381,0.951
B0997,1162,3/29/2015 4:30,14.7754,7.28,0.943
B0997,1163,3/29/2015 5:00,14.7775,7.179,0.94
B0997,1164,3/29/2015 5:30,14.7818,7.079,0.947
B0997,1165,3/29/2015 6:00,14.7909,6.978,0.942
B0997,1166,3/29/2015 6:30,14.7999,6.877,0.948
B0997,1167,3/29/2015 7:00,14.802,6.775,0.938
B0997,1168,3/29/2015 7:30,14.8068,6.775,0.941
B0997,1169,3/29/2015 8:00,14.8143,6.877,0.947
B0997,1170,3/29/2015 8:30,14.8171,6.978,0.947
B0997,1171,3/29/2015 9:00,14.8204,7.179,0.952
B0997,1172,3/29/2015 9:30,14.8192,7.481,0.947
B0997,1173,3/29/2015 10:00,14.8137,7.882,0.945
B0997,1174,3/29/2015 10:30,14.8091,8.481,0.938
B0997,1175,3/29/2015 11:00,14.8049,9.176,0.948
B0997,1176,3/29/2015 11:30,14.8078,9.866,0.963
B0997,1177,3/29/2015 12:00,14.8036,10.553,0.962
B0997,1178,3/29/2015 12:30,14.7918,11.139,0.955
B0997,1179,3/29/2015 13:00,14.7844,11.625,0.954
B0997,1180,3/29/2015 13:30,14.777,12.11,0.941
B0997,1181,3/29/2015 14:00,14.7688,12.401,0.949
B0997,1182,3/29/2015 14:30,14.7572,12.497,0.956
B0997,1183,3/29/2015 15:00,14.7548,12.497,0.949
B0997,1184,3/29/2015 15:30,14.7496,12.401,0.96
B0997,1185,3/29/2015 16:00,14.7421,12.304,0.944
B0997,1186,3/29/2015 16:30,14.7383,12.013,0.961
B0997,1187,3/29/2015 17:00,14.7395,11.722,0.954
B0997,1188,3/29/2015 17:30,14.7334,11.431,0.953
B0997,1189,3/29/2015 18:00,14.7326,11.236,0.962
B0997,1190,3/29/2015 18:30,14.7293,11.041,0.959
B0997,1191,3/29/2015 19:00,14.7309,10.846,0.953
B0997,1192,3/29/2015 19:30,14.7325,10.651,0.958
B0997,1193,3/29/2015 20:00,14.7292,10.455,0.95
B0997,1194,3/29/2015 20:30,14.7376,10.161,0.964
B0997,1195,3/29/2015 21:00,14.7342,9.965,0.954
B0997,1196,3/29/2015 21:30,14.7287,9.768,0.961
B0997,1197,3/29/2015 22:00,14.7279,9.571,0.953
B0997,1198,3/29/2015 22:30,14.7222,9.373,0.963
B0997,1199,3/29/2015 23:00,14.717,9.275,0.957
B0997,1200,3/29/2015 23:30,14.7099,9.275,0.957
B0997,1201,3/30/2015 0:00,14.7094,9.176,0.955
B0997,1202,3/30/2015 0:30,14.7019,9.077,0.958
B0997,1203,3/30/2015 1:00,14.6991,8.978,0.956
B0997,1204,3/30/2015 1:30,14.6848,8.978,0.95
B0997,1205,3/30/2015 2:00,14.6772,8.879,0.945
B0997,1206,3/30/2015 2:30,14.6653,8.879,0.947
B0997,1207,3/30/2015 3:00,14.6606,8.879,0.969
B0997,1208,3/30/2015 3:30,14.6537,8.978,0.96
B0997,1209,3/30/2015 4:00,14.6514,8.978,0.967
B0997,1210,3/30/2015 4:30,14.6485,8.879,0.956
B0997,1211,3/30/2015 5:00,14.6537,8.978,0.956
B0997,1212,3/30/2015 5:30,14.6633,8.978,0.96
B0997,1213,3/30/2015 6:00,14.661,8.978,0.975
B0997,1214,3/30/2015 6:30,14.6681,8.978,1.005
B0997,1215,3/30/2015 7:00,14.6729,8.978,1.017
B0997,1216,3/30/2015 7:30,14.6823,8.978,1.02
B0997,1217,3/30/2015 8:00,14.6919,8.978,1.027
B0997,1218,3/30/2015 8:30,14.6948,9.077,1.025
B0997,1219,3/30/2015 9:00,14.698,9.275,1.028
B0997,1220,3/30/2015 9:30,14.7012,9.472,1.02
B0997,1221,3/30/2015 10:00,14.6957,9.866,1.013
B0997,1222,3/30/2015 10:30,14.6906,10.357,1.011
B0997,1223,3/30/2015 11:00,14.6899,10.748,1.008
B0997,1224,3/30/2015 11:30,14.6857,11.431,1.01
B0997,1225,3/30/2015 12:00,14.6723,12.207,1.001
B0997,1226,3/30/2015 12:30,14.6706,12.883,1
B0997,1227,3/30/2015 13:00,14.6611,13.461,0.999
B0997,1228,3/30/2015 13:30,14.6537,13.942,0.994
B0997,1229,3/30/2015 14:00,14.6478,14.23,0.984
B0997,1230,3/30/2015 14:30,14.6439,14.421,0.981
B0997,1231,3/30/2015 15:00,14.64,14.613,0.987
B0997,1232,3/30/2015 15:30,14.6304,14.613,0.976
B0997,1233,3/30/2015 16:00,14.6276,14.517,0.977
B0997,1234,3/30/2015 16:30,14.624,14.23,0.973
B0997,1235,3/30/2015 17:00,14.6255,14.038,0.979
B0997,1236,3/30/2015 17:30,14.6246,13.846,0.983
B0997,1237,3/30/2015 18:00,14.6266,13.75,0.98
B0997,1238,3/30/2015 18:30,14.6234,13.558,0.974
B0997,1239,3/30/2015 19:00,14.6249,13.365,0.976
B0997,1240,3/30/2015 19:30,14.6356,13.076,0.978
B0997,1241,3/30/2015 20:00,14.6443,12.883,0.976
B0997,1242,3/30/2015 20:30,14.6545,12.497,0.979
B0997,1243,3/30/2015 21:00,14.6608,12.304,0.98
B0997,1244,3/30/2015 21:30,14.662,12.013,0.966
B0997,1245,3/30/2015 22:00,14.6611,11.819,0.972
B0997,1246,3/30/2015 22:30,14.6603,11.625,0.966
B0997,1247,3/30/2015 23:00,14.6619,11.431,0.972
B0997,1248,3/30/2015 23:30,14.661,11.236,0.965
B0997,1249,3/31/2015 0:00,14.6653,11.139,0.981
B0997,1250,3/31/2015 0:30,14.6617,10.846,0.966
B0997,1251,3/31/2015 1:00,14.6613,10.748,0.963
B0997,1252,3/31/2015 1:30,14.6556,10.553,0.959
B0997,1253,3/31/2015 2:00,14.6549,10.357,0.961
B0997,1254,3/31/2015 2:30,14.6492,10.161,0.963
B0997,1255,3/31/2015 3:00,14.644,10.063,0.966
B0997,1256,3/31/2015 3:30,14.6432,9.866,0.961
B0997,1257,3/31/2015 4:00,14.6381,9.768,0.952
B0997,1258,3/31/2015 4:30,14.64,9.669,0.959
B0997,1259,3/31/2015 5:00,14.6391,9.472,0.952
B0997,1260,3/31/2015 5:30,14.6388,9.373,0.952
B0997,1261,3/31/2015 6:00,14.6432,9.275,0.951
B0997,1262,3/31/2015 6:30,14.6498,9.176,0.957
B0997,1263,3/31/2015 7:00,14.6475,9.176,0.959
B0997,1264,3/31/2015 7:30,14.645,9.176,0.948
B0997,1265,3/31/2015 8:00,14.6503,9.275,0.952
B0997,1266,3/31/2015 8:30,14.6439,9.472,0.951
B0997,1267,3/31/2015 9:00,14.6427,9.768,0.953
B0997,1268,3/31/2015 9:30,14.6421,10.161,0.958
B0997,1269,3/31/2015 10:00,14.6375,10.748,0.966
B0997,1270,3/31/2015 10:30,14.6304,11.334,0.965
B0997,1271,3/31/2015 11:00,14.6242,12.11,0.955
B0997,1272,3/31/2015 11:30,14.6128,12.787,0.96
B0997,1273,3/31/2015 12:00,14.6066,13.558,0.959
B0997,1274,3/31/2015 12:30,14.5949,14.134,0.964
B0997,1275,3/31/2015 13:00,14.5808,14.709,0.964
B0997,1276,3/31/2015 13:30,14.5686,15.187,0.959
B0997,1277,3/31/2015 14:00,14.5606,15.569,0.959
B0997,1278,3/31/2015 14:30,14.5521,15.76,0.965
B0997,1279,3/31/2015 15:00,14.5429,15.855,0.956
B0997,1280,3/31/2015 15:30,14.5329,15.76,0.961
B0997,1281,3/31/2015 16:00,14.5277,15.664,0.958
B0997,1282,3/31/2015 16:30,14.5293,15.473,0.961
B0997,1283,3/31/2015 17:00,14.528,15.187,0.954
B0997,1284,3/31/2015 17:30,14.5347,15.091,0.961
B0997,1285,3/31/2015 18:00,14.5338,14.9,0.965
B0997,1286,3/31/2015 18:30,14.5329,14.709,0.969
B0997,1287,3/31/2015 19:00,14.535,14.613,0.961
B0997,1288,3/31/2015 19:30,14.5412,14.421,0.957
B0997,1289,3/31/2015 20:00,14.5476,14.23,0.952
B0997,1290,3/31/2015 20:30,14.554,14.038,0.956
B0997,1291,3/31/2015 21:00,14.5602,13.846,0.964
B0997,1292,3/31/2015 21:30,14.5618,13.654,0.961
B0997,1293,3/31/2015 22:00,14.5614,13.558,0.957
B0997,1294,3/31/2015 22:30,14.5653,13.365,0.968
B0997,1295,3/31/2015 23:00,14.5644,13.173,0.96
B0997,1296,3/31/2015 23:30,14.5616,13.076,0.954
B0997,1297,4/1/2015 0:00,14.5631,12.883,0.961
B0997,1298,4/1/2015 0:30,14.5599,12.69,0.957
B0997,1299,4/1/2015 1:00,14.5619,12.594,0.96
B0997,1300,4/1/2015 1:30,14.5711,12.497,0.968
B0997,1301,4/1/2015 2:00,14.575,12.304,0.963
B0997,1302,4/1/2015 2:30,14.5769,12.207,0.958
B0997,1303,4/1/2015 3:00,14.5789,12.11,0.96
B0997,1304,4/1/2015 3:30,14.5789,12.11,0.959
B0997,1305,4/1/2015 4:00,14.5785,12.013,0.957
B0997,1306,4/1/2015 4:30,14.5851,11.916,0.958
B0997,1307,4/1/2015 5:00,14.5899,11.916,0.952
B0997,1308,4/1/2015 5:30,14.5991,11.819,0.957
B0997,1309,4/1/2015 6:00,14.6059,11.722,0.956
B0997,1310,4/1/2015 6:30,14.615,11.625,0.945
B0997,1311,4/1/2015 7:00,14.6265,11.528,0.956
B0997,1312,4/1/2015 7:30,14.6336,11.528,0.947
B0997,1313,4/1/2015 8:00,14.6388,11.625,0.948
B0997,1314,4/1/2015 8:30,14.6392,11.722,0.944
B0997,1315,4/1/2015 9:00,14.65,12.013,0.955
B0997,1316,4/1/2015 9:30,14.6608,12.304,0.956
B0997,1317,4/1/2015 10:00,14.6578,12.69,0.953
B0997,1318,4/1/2015 10:30,14.6555,13.269,0.952
B0997,1319,4/1/2015 11:00,14.6533,13.846,0.955
B0997,1320,4/1/2015 11:30,14.6491,14.517,0.958
B0997,1321,4/1/2015 12:00,14.6497,15.187,0.952
B0997,1322,4/1/2015 12:30,14.65,15.76,0.962
B0997,1323,4/1/2015 13:00,14.6401,16.237,0.952
B0997,1324,4/1/2015 13:30,14.6347,16.618,0.942
B0997,1325,4/1/2015 14:00,14.6388,16.999,0.955
B0997,1326,4/1/2015 14:30,14.6369,17.094,0.953
B0997,1327,4/1/2015 15:00,14.6369,17.094,0.958
B0997,1328,4/1/2015 15:30,14.6317,16.999,0.947
B0997,1329,4/1/2015 16:00,14.6356,16.808,0.95
B0997,1330,4/1/2015 16:30,14.6391,16.523,0.943
B0997,1331,4/1/2015 17:00,14.6426,16.237,0.952
B0997,1332,4/1/2015 17:30,14.6461,15.951,0.964
B0997,1333,4/1/2015 18:00,14.65,15.76,0.961
B0997,1334,4/1/2015 18:30,14.6514,15.569,0.951
B0997,1335,4/1/2015 19:00,14.6578,15.378,0.957
B0997,1336,4/1/2015 19:30,14.6684,15.091,0.955
B0997,1337,4/1/2015 20:00,14.6748,14.9,0.955
B0997,1338,4/1/2015 20:30,14.6826,14.517,0.954
B0997,1339,4/1/2015 21:00,14.6909,14.23,0.953
B0997,1340,4/1/2015 21:30,14.6967,13.942,0.951
B0997,1341,4/1/2015 22:00,14.7054,13.75,0.953
B0997,1342,4/1/2015 22:30,14.7089,13.461,0.949
B0997,1343,4/1/2015 23:00,14.7152,13.269,0.951
B0997,1344,4/1/2015 23:30,14.7144,13.076,0.953
B0997,1345,4/2/2015 0:00,14.7164,12.98,0.952
B0997,1346,4/2/2015 0:30,14.7178,12.787,0.953
B0997,1347,4/2/2015 1:00,14.7194,12.594,0.948
B0997,1348,4/2/2015 1:30,14.7213,12.497,0.954
B0997,1349,4/2/2015 2:00,14.7234,12.401,0.954
B0997,1350,4/2/2015 2:30,14.7205,12.304,0.955
B0997,1351,4/2/2015 3:00,14.7273,12.207,0.955
B0997,1352,4/2/2015 3:30,14.7268,12.11,0.946
B0997,1353,4/2/2015 4:00,14.7335,12.013,0.952
B0997,1354,4/2/2015 4:30,14.7383,12.013,0.957
B0997,1355,4/2/2015 5:00,14.7408,12.013,0.949
B0997,1356,4/2/2015 5:30,14.7427,11.916,0.945
B0997,1357,4/2/2015 6:00,14.7474,11.916,0.943
B0997,1358,4/2/2015 6:30,14.757,11.916,0.946
B0997,1359,4/2/2015 7:00,14.7643,11.916,0.949
B0997,1360,4/2/2015 7:30,14.7646,12.013,0.95
B0997,1361,4/2/2015 8:00,14.767,12.013,0.954
B0997,1362,4/2/2015 8:30,14.7675,12.11,0.942
B0997,1363,4/2/2015 9:00,14.7683,12.304,0.949
B0997,1364,4/2/2015 9:30,14.7663,12.401,0.935
B0997,1365,4/2/2015 10:00,14.7692,12.497,0.948
B0997,1366,4/2/2015 10:30,14.7692,12.497,0.952
B0997,1367,4/2/2015 11:00,14.7648,12.594,0.95
B0997,1368,4/2/2015 11:30,14.7605,12.69,0.951
B0997,1369,4/2/2015 12:00,14.7489,12.787,0.946
B0997,1370,4/2/2015 12:30,14.747,12.883,0.942
B0997,1371,4/2/2015 13:00,14.745,12.98,0.947
B0997,1372,4/2/2015 13:30,14.7387,13.173,0.944
B0997,1373,4/2/2015 14:00,14.7339,13.173,0.942
B0997,1374,4/2/2015 14:30,14.7271,13.269,0.942
B0997,1375,4/2/2015 15:00,14.7252,13.365,0.954
B0997,1376,4/2/2015 15:30,14.718,13.365,0.955
B0997,1377,4/2/2015 16:00,14.7132,13.365,0.956
B0997,1378,4/2/2015 16:30,14.7057,13.269,0.949
B0997,1379,4/2/2015 17:00,14.7009,13.269,0.952
B0997,1380,4/2/2015 17:30,14.6986,13.269,0.95
B0997,1381,4/2/2015 18:00,14.6961,13.269,0.945
B0997,1382,4/2/2015 18:30,14.6957,13.173,0.945
B0997,1383,4/2/2015 19:00,14.6981,13.173,0.95
B0997,1384,4/2/2015 19:30,14.6977,13.076,0.951
B0997,1385,4/2/2015 20:00,14.7044,12.98,0.956
B0997,1386,4/2/2015 20:30,14.7044,12.98,0.951
B0997,1387,4/2/2015 21:00,14.7087,12.883,0.955
B0997,1388,4/2/2015 21:30,14.7039,12.883,0.97
B0997,1389,4/2/2015 22:00,14.6944,12.883,0.981
B0997,1390,4/2/2015 22:30,14.6964,12.787,0.965
B0997,1391,4/2/2015 23:00,14.6964,12.787,0.974
B0997,1392,4/2/2015 23:30,14.6984,12.69,0.98
B0997,1393,4/3/2015 0:00,14.6932,12.594,0.973
B0997,1394,4/3/2015 0:30,14.6812,12.594,0.976
B0997,1395,4/3/2015 1:00,14.6784,12.497,0.971
B0997,1396,4/3/2015 1:30,14.6756,12.401,0.976
B0997,1397,4/3/2015 2:00,14.6756,12.401,0.973
B0997,1398,4/3/2015 2:30,14.6732,12.401,0.974
B0997,1399,4/3/2015 3:00,14.6684,12.401,0.971
B0997,1400,4/3/2015 3:30,14.6636,12.401,0.972
B0997,1401,4/3/2015 4:00,14.6588,12.401,0.966
B0997,1402,4/3/2015 4:30,14.664,12.497,0.966
B0997,1403,4/3/2015 5:00,14.664,12.497,0.959
B0997,1404,4/3/2015 5:30,14.6622,12.594,0.966
B0997,1405,4/3/2015 6:00,14.6622,12.594,0.966
B0997,1406,4/3/2015 6:30,14.6597,12.594,0.96
B0997,1407,4/3/2015 7:00,14.6501,12.594,0.955
B0997,1408,4/3/2015 7:30,14.653,12.69,0.964
B0997,1409,4/3/2015 8:00,14.651,12.787,0.95
B0997,1410,4/3/2015 8:30,14.6448,12.98,0.953
B0997,1411,4/3/2015 9:00,14.6456,13.173,0.949
B0997,1412,4/3/2015 9:30,14.6497,13.558,0.964
B0997,1413,4/3/2015 10:00,14.6485,13.846,0.961
B0997,1414,4/3/2015 10:30,14.6474,14.134,0.967
B0997,1415,4/3/2015 11:00,14.6463,14.421,0.962
B0997,1416,4/3/2015 11:30,14.6448,14.613,0.958
B0997,1417,4/3/2015 12:00,14.6477,14.709,0.961
B0997,1418,4/3/2015 12:30,14.6417,14.996,0.957
B0997,1419,4/3/2015 13:00,14.6371,15.569,0.961
B0997,1420,4/3/2015 13:30,14.6249,16.046,0.952
B0997,1421,4/3/2015 14:00,14.6128,16.523,0.957
B0997,1422,4/3/2015 14:30,14.6069,16.808,0.946
B0997,1423,4/3/2015 15:00,14.6002,16.903,0.956
B0997,1424,4/3/2015 15:30,14.5959,16.999,0.956
B0997,1425,4/3/2015 16:00,14.5911,16.999,0.955
B0997,1426,4/3/2015 16:30,14.5873,16.713,0.951
B0997,1427,4/3/2015 17:00,14.5817,16.523,0.952
B0997,1428,4/3/2015 17:30,14.5764,16.427,0.945
B0997,1429,4/3/2015 18:00,14.5714,16.332,0.962
B0997,1430,4/3/2015 18:30,14.5661,16.237,0.949
B0997,1431,4/3/2015 19:00,14.558,16.046,0.943
B0997,1432,4/3/2015 19:30,14.5596,15.855,0.945
B0997,1433,4/3/2015 20:00,14.5663,15.76,0.952
B0997,1434,4/3/2015 20:30,14.5631,15.569,0.948
B0997,1435,4/3/2015 21:00,14.565,15.473,0.946
B0997,1436,4/3/2015 21:30,14.5737,15.282,0.948
B0997,1437,4/3/2015 22:00,14.578,15.187,0.957
B0997,1438,4/3/2015 22:30,14.5992,15.091,0.963
B0997,1439,4/3/2015 23:00,14.6011,14.996,0.966
B0997,1440,4/3/2015 23:30,14.5867,14.996,0.977
B0997,1441,4/4/2015 0:00,14.5792,14.9,0.969
B0997,1442,4/4/2015 0:30,14.5717,14.804,0.976
B0997,1443,4/4/2015 1:00,14.574,14.804,0.977
B0997,1444,4/4/2015 1:30,14.5717,14.804,0.981
B0997,1445,4/4/2015 2:00,14.5664,14.709,0.974
B0997,1446,4/4/2015 2:30,14.5731,14.613,0.971
B0997,1447,4/4/2015 3:00,14.5875,14.613,0.971
B0997,1448,4/4/2015 3:30,14.5989,14.517,0.983
B0997,1449,4/4/2015 4:00,14.5953,14.23,0.971
B0997,1450,4/4/2015 4:30,14.604,14.038,0.98
B0997,1451,4/4/2015 5:00,14.6104,13.846,0.975
B0997,1452,4/4/2015 5:30,14.6243,13.75,0.971
B0997,1453,4/4/2015 6:00,14.6376,13.558,0.979
B0997,1454,4/4/2015 6:30,14.6484,13.269,0.975
B0997,1455,4/4/2015 7:00,14.6598,13.173,0.974
B0997,1456,4/4/2015 7:30,14.6662,12.98,0.967
B0997,1457,4/4/2015 8:00,14.6681,12.883,0.965
B0997,1458,4/4/2015 8:30,14.6777,12.883,0.972
B0997,1459,4/4/2015 9:00,14.6849,12.883,0.968
B0997,1460,4/4/2015 9:30,14.6925,12.98,0.958
B0997,1461,4/4/2015 10:00,14.7029,13.173,0.962
B0997,1462,4/4/2015 10:30,14.7045,13.558,0.952
B0997,1463,4/4/2015 11:00,14.7044,14.038,0.954
B0997,1464,4/4/2015 11:30,14.7064,14.517,0.958
B0997,1465,4/4/2015 12:00,14.7042,15.091,0.955
B0997,1466,4/4/2015 12:30,14.7036,15.473,0.956
B0997,1467,4/4/2015 13:00,14.7033,15.951,0.957
B0997,1468,4/4/2015 13:30,14.7071,16.237,0.958
B0997,1469,4/4/2015 14:00,14.7012,16.523,0.956
B0997,1470,4/4/2015 14:30,14.7012,16.523,0.956
B0997,1471,4/4/2015 15:00,14.7036,16.523,0.958
B0997,1472,4/4/2015 15:30,14.7028,16.332,0.954
B0997,1473,4/4/2015 16:00,14.7019,16.141,0.952
B0997,1474,4/4/2015 16:30,14.7049,15.76,0.949
B0997,1475,4/4/2015 17:00,14.7032,15.378,0.954
B0997,1476,4/4/2015 17:30,14.7067,15.091,0.95
B0997,1477,4/4/2015 18:00,14.7077,14.804,0.948
B0997,1478,4/4/2015 18:30,14.7112,14.517,0.949
B0997,1479,4/4/2015 19:00,14.7176,14.325,0.945
B0997,1480,4/4/2015 19:30,14.7234,14.038,0.954
B0997,1481,4/4/2015 20:00,14.7268,13.75,0.939
B0997,1482,4/4/2015 20:30,14.7424,13.461,0.948
B0997,1483,4/4/2015 21:00,14.7435,13.173,0.943
B0997,1484,4/4/2015 21:30,14.7474,12.98,0.95
B0997,1485,4/4/2015 22:00,14.7485,12.69,0.937
B0997,1486,4/4/2015 22:30,14.7524,12.497,0.953
B0997,1487,4/4/2015 23:00,14.754,12.304,0.94
B0997,1488,4/4/2015 23:30,14.7527,12.013,0.943
B0997,1489,4/5/2015 0:00,14.7543,11.819,0.941
B0997,1490,4/5/2015 0:30,14.7534,11.625,0.947
B0997,1491,4/5/2015 1:00,14.755,11.431,0.946
B0997,1492,4/5/2015 1:30,14.7589,11.236,0.95
B0997,1493,4/5/2015 2:00,14.7556,11.041,0.946
B0997,1494,4/5/2015 2:30,14.7572,10.846,0.95
B0997,1495,4/5/2015 3:00,14.7563,10.651,0.941
B0997,1496,4/5/2015 3:30,14.7602,10.455,0.941
B0997,1497,4/5/2015 4:00,14.7574,10.357,0.941
B0997,1498,4/5/2015 4:30,14.7614,10.161,0.941
B0997,1499,4/5/2015 5:00,14.7634,10.063,0.936
B0997,1500,4/5/2015 5:30,14.7701,9.965,0.941
B0997,1501,4/5/2015 6:00,14.774,9.768,0.94
B0997,1502,4/5/2015 6:30,14.7783,9.669,0.939
B0997,1503,4/5/2015 7:00,14.7851,9.571,0.946
B0997,1504,4/5/2015 7:30,14.7875,9.571,0.936
B0997,1505,4/5/2015 8:00,14.7927,9.669,0.939
B0997,1506,4/5/2015 8:30,14.7959,9.866,0.937
B0997,1507,4/5/2015 9:00,14.7972,10.161,0.945
B0997,1508,4/5/2015 9:30,14.7989,10.553,0.938
B0997,1509,4/5/2015 10:00,14.801,11.041,0.946
B0997,1510,4/5/2015 10:30,14.7983,11.528,0.936
B0997,1511,4/5/2015 11:00,14.7941,12.207,0.941
B0997,1512,4/5/2015 11:30,14.7851,12.883,0.945
B0997,1513,4/5/2015 12:00,14.7782,13.461,0.951
B0997,1514,4/5/2015 12:30,14.7664,14.038,0.941
B0997,1515,4/5/2015 13:00,14.7609,14.421,0.947
B0997,1516,4/5/2015 13:30,14.7527,14.709,0.939
B0997,1517,4/5/2015 14:00,14.746,14.804,0.939
B0997,1518,4/5/2015 14:30,14.7444,14.996,0.946
B0997,1519,4/5/2015 15:00,14.7387,14.804,0.939
B0997,1520,4/5/2015 15:30,14.7312,14.709,0.941
B0997,1521,4/5/2015 16:00,14.7284,14.613,0.934
B0997,1522,4/5/2015 16:30,14.7232,14.517,0.928
B0997,1523,4/5/2015 17:00,14.7295,14.325,0.94
B0997,1524,4/5/2015 17:30,14.7263,14.134,0.938
B0997,1525,4/5/2015 18:00,14.7306,14.038,0.938
B0997,1526,4/5/2015 18:30,14.7325,13.942,0.94
B0997,1527,4/5/2015 19:00,14.7341,13.75,0.943
B0997,1528,4/5/2015 19:30,14.7403,13.558,0.946
B0997,1529,4/5/2015 20:00,14.7395,13.365,0.939
B0997,1530,4/5/2015 20:30,14.7435,13.173,0.943
B0997,1531,4/5/2015 21:00,14.7427,12.98,0.93
B0997,1532,4/5/2015 21:30,14.7466,12.787,0.942
B0997,1533,4/5/2015 22:00,14.748,12.594,0.941
B0997,1534,4/5/2015 22:30,14.7453,12.497,0.942
B0997,1535,4/5/2015 23:00,14.7496,12.401,0.949
B0997,1536,4/5/2015 23:30,14.7469,12.304,0.944
B0997,1537,4/6/2015 0:00,14.744,12.207,0.942
B0997,1538,4/6/2015 0:30,14.7412,12.11,0.942
B0997,1539,4/6/2015 1:00,14.7479,12.013,0.947
B0997,1540,4/6/2015 1:30,14.7474,11.916,0.946
B0997,1541,4/6/2015 2:00,14.7474,11.916,0.942
B0997,1542,4/6/2015 2:30,14.7447,11.819,0.943
B0997,1543,4/6/2015 3:00,14.7447,11.819,0.949
B0997,1544,4/6/2015 3:30,14.7419,11.722,0.938
B0997,1545,4/6/2015 4:00,14.7486,11.625,0.948
B0997,1546,4/6/2015 4:30,14.7486,11.625,0.948
B0997,1547,4/6/2015 5:00,14.7529,11.528,0.942
B0997,1548,4/6/2015 5:30,14.7577,11.528,0.947
B0997,1549,4/6/2015 6:00,14.7625,11.528,0.947
B0997,1550,4/6/2015 6:30,14.7717,11.431,0.951
B0997,1551,4/6/2015 7:00,14.7692,11.431,0.943
B0997,1552,4/6/2015 7:30,14.7721,11.528,0.942
B0997,1553,4/6/2015 8:00,14.7748,11.625,0.942
B0997,1554,4/6/2015 8:30,14.7757,11.819,0.945
B0997,1555,4/6/2015 9:00,14.7722,12.11,0.937
B0997,1556,4/6/2015 9:30,14.7735,12.401,0.936
B0997,1557,4/6/2015 10:00,14.7756,12.883,0.94
B0997,1558,4/6/2015 10:30,14.7693,13.076,0.932
B0997,1559,4/6/2015 11:00,14.7682,13.365,0.937
B0997,1560,4/6/2015 11:30,14.7647,13.654,0.932
B0997,1561,4/6/2015 12:00,14.7621,14.134,0.937
B0997,1562,4/6/2015 12:30,14.757,14.613,0.936
B0997,1563,4/6/2015 13:00,14.7521,15.091,0.938
B0997,1564,4/6/2015 13:30,14.7425,15.091,0.937
B0997,1565,4/6/2015 14:00,14.7425,15.091,0.948
B0997,1566,4/6/2015 14:30,14.7361,15.282,0.951
B0997,1567,4/6/2015 15:00,14.729,15.282,0.946
B0997,1568,4/6/2015 15:30,14.7266,15.282,0.944
B0997,1569,4/6/2015 16:00,14.7261,15.187,0.94
B0997,1570,4/6/2015 16:30,14.7257,15.091,0.95
B0997,1571,4/6/2015 17:00,14.7252,14.996,0.947
B0997,1572,4/6/2015 17:30,14.7252,14.996,0.95
B0997,1573,4/6/2015 18:00,14.7202,14.9,0.937
B0997,1574,4/6/2015 18:30,14.7173,14.804,0.94
B0997,1575,4/6/2015 19:00,14.7216,14.709,0.944
B0997,1576,4/6/2015 19:30,14.7189,14.613,0.95
B0997,1577,4/6/2015 20:00,14.7184,14.517,0.94
B0997,1578,4/6/2015 20:30,14.7228,14.421,0.956
B0997,1579,4/6/2015 21:00,14.7223,14.325,0.951
B0997,1580,4/6/2015 21:30,14.7267,14.23,0.95
B0997,1581,4/6/2015 22:00,14.7286,14.134,0.944
B0997,1582,4/6/2015 22:30,14.7358,14.134,0.961
B0997,1583,4/6/2015 23:00,14.7377,14.038,0.96
B0997,1584,4/6/2015 23:30,14.7402,14.038,0.96
B0997,1585,4/7/2015 0:00,14.7377,14.038,0.965
B0997,1586,4/7/2015 0:30,14.7445,13.942,0.981
B0997,1587,4/7/2015 1:00,14.7564,13.942,1.002
B0997,1588,4/7/2015 1:30,14.754,13.942,1.035
B0997,1589,4/7/2015 2:00,14.7731,13.942,1.083
B0997,1590,4/7/2015 2:30,14.7847,13.846,1.113
B0997,1591,4/7/2015 3:00,14.7938,13.75,1.139
B0997,1592,4/7/2015 3:30,14.7862,13.654,1.129
B0997,1593,4/7/2015 4:00,14.7791,13.654,1.114
B0997,1594,4/7/2015 4:30,14.7834,13.558,1.122
B0997,1595,4/7/2015 5:00,14.7857,13.558,1.119
B0997,1596,4/7/2015 5:30,14.7809,13.558,1.114
B0997,1597,4/7/2015 6:00,14.7762,13.558,1.087
B0997,1598,4/7/2015 6:30,14.7714,13.558,1.076
B0997,1599,4/7/2015 7:00,14.7667,13.558,1.058
B0997,1600,4/7/2015 7:30,14.7714,13.558,1.068
B0997,1601,4/7/2015 8:00,14.7572,13.558,1.039
B0997,1602,4/7/2015 8:30,14.7576,13.654,1.042
B0997,1603,4/7/2015 9:00,14.7508,13.75,1.027
B0997,1604,4/7/2015 9:30,14.7537,13.846,1.021
B0997,1605,4/7/2015 10:00,14.7521,14.038,1.02
B0997,1606,4/7/2015 10:30,14.7529,14.23,1.016
B0997,1607,4/7/2015 11:00,14.7499,14.613,1.012
B0997,1608,4/7/2015 11:30,14.7444,14.996,1.001
B0997,1609,4/7/2015 12:00,14.7448,15.091,1.006
B0997,1610,4/7/2015 12:30,14.7457,15.282,0.998
B0997,1611,4/7/2015 13:00,14.7486,15.378,0.999
B0997,1612,4/7/2015 13:30,14.7418,15.473,0.999
B0997,1613,4/7/2015 14:00,14.7351,15.569,0.987
B0997,1614,4/7/2015 14:30,14.7347,15.473,0.993
B0997,1615,4/7/2015 15:00,14.7342,15.378,0.997
B0997,1616,4/7/2015 15:30,14.7266,15.282,0.989
B0997,1617,4/7/2015 16:00,14.7409,15.282,1.027
B0997,1618,4/7/2015 16:30,14.7405,15.187,1.037
B0997,1619,4/7/2015 17:00,14.74,15.091,1.037
B0997,1620,4/7/2015 17:30,14.7731,14.996,1.089
B0997,1621,4/7/2015 18:00,14.8204,14.9,1.225
B0997,1622,4/7/2015 18:30,14.9084,14.804,1.427
B0997,1623,4/7/2015 19:00,14.8913,14.709,1.388
B0997,1624,4/7/2015 19:30,14.8761,14.517,1.367
B0997,1625,4/7/2015 20:00,14.9039,14.325,1.423
B0997,1626,4/7/2015 20:30,14.8891,14.23,1.385
B0997,1627,4/7/2015 21:00,14.8691,14.038,1.335
B0997,1628,4/7/2015 21:30,14.8543,13.942,1.292
B0997,1629,4/7/2015 22:00,14.84,13.942,1.272
B0997,1630,4/7/2015 22:30,14.8324,13.846,1.232
B0997,1631,4/7/2015 23:00,14.8276,13.846,1.228
B0997,1632,4/7/2015 23:30,14.8205,13.846,1.21
B0997,1633,4/8/2015 0:00,14.8128,13.75,1.192
B0997,1634,4/8/2015 0:30,14.7938,13.75,1.181
B0997,1635,4/8/2015 1:00,14.7962,13.75,1.177
B0997,1636,4/8/2015 1:30,14.7862,13.654,1.173
B0997,1637,4/8/2015 2:00,14.7791,13.654,1.163
B0997,1638,4/8/2015 2:30,14.7766,13.654,1.158
B0997,1639,4/8/2015 3:00,14.7762,13.558,1.16
B0997,1640,4/8/2015 3:30,14.7762,13.558,1.151
B0997,1641,4/8/2015 4:00,14.7734,13.461,1.141
B0997,1642,4/8/2015 4:30,14.7734,13.461,1.148
B0997,1643,4/8/2015 5:00,14.7706,13.365,1.138
B0997,1644,4/8/2015 5:30,14.7706,13.365,1.135
B0997,1645,4/8/2015 6:00,14.7702,13.269,1.124
B0997,1646,4/8/2015 6:30,14.7654,13.269,1.115
B0997,1647,4/8/2015 7:00,14.7698,13.173,1.125
B0997,1648,4/8/2015 7:30,14.7673,13.173,1.125
B0997,1649,4/8/2015 8:00,14.7677,13.269,1.116
B0997,1650,4/8/2015 8:30,14.7682,13.365,1.105
B0997,1651,4/8/2015 9:00,14.767,13.654,1.102
B0997,1652,4/8/2015 9:30,14.7635,13.942,1.099
B0997,1653,4/8/2015 10:00,14.7657,14.421,1.105
B0997,1654,4/8/2015 10:30,14.7612,14.996,1.091
B0997,1655,4/8/2015 11:00,14.7561,15.473,1.092
B0997,1656,4/8/2015 11:30,14.754,16.046,1.095
B0997,1657,4/8/2015 12:00,14.7495,16.618,1.096
B0997,1658,4/8/2015 12:30,14.7444,17.094,1.096
B0997,1659,4/8/2015 13:00,14.7382,17.284,1.092
B0997,1660,4/8/2015 13:30,14.7257,17.189,1.083
B0997,1661,4/8/2015 14:00,14.7242,17.379,1.08
B0997,1662,4/8/2015 14:30,14.7167,17.284,1.089
B0997,1663,4/8/2015 15:00,14.7099,17.379,1.087
B0997,1664,4/8/2015 15:30,14.7016,17.665,1.086
B0997,1665,4/8/2015 16:00,14.6973,17.76,1.085
B0997,1666,4/8/2015 16:30,14.6901,17.76,1.071
B0997,1667,4/8/2015 17:00,14.6897,17.665,1.077
B0997,1668,4/8/2015 17:30,14.6912,17.475,1.074
B0997,1669,4/8/2015 18:00,14.6903,17.284,1.064
B0997,1670,4/8/2015 18:30,14.6967,17.094,1.09
B0997,1671,4/8/2015 19:00,14.7006,16.903,1.094
B0997,1672,4/8/2015 19:30,14.6997,16.713,1.085
B0997,1673,4/8/2015 20:00,14.7012,16.523,1.088
B0997,1674,4/8/2015 20:30,14.7028,16.332,1.076
B0997,1675,4/8/2015 21:00,14.7042,16.141,1.069
B0997,1676,4/8/2015 21:30,14.7062,16.046,1.072
B0997,1677,4/8/2015 22:00,14.71,15.855,1.072
B0997,1678,4/8/2015 22:30,14.7073,15.76,1.067
B0997,1679,4/8/2015 23:00,14.7045,15.664,1.068
B0997,1680,4/8/2015 23:30,14.6993,15.569,1.062
B0997,1681,4/9/2015 0:00,14.6964,15.473,1.068
B0997,1682,4/9/2015 0:30,14.6988,15.473,1.067
B0997,1683,4/9/2015 1:00,14.7032,15.378,1.061
B0997,1684,4/9/2015 1:30,14.7055,15.378,1.063
B0997,1685,4/9/2015 2:00,14.7051,15.282,1.071
B0997,1686,4/9/2015 2:30,14.698,15.282,1.063
B0997,1687,4/9/2015 3:00,14.6975,15.187,1.071
B0997,1688,4/9/2015 3:30,14.6923,15.091,1.061
B0997,1689,4/9/2015 4:00,14.6946,15.091,1.066
B0997,1690,4/9/2015 4:30,14.6942,14.996,1.062
B0997,1691,4/9/2015 5:00,14.6938,14.9,1.059
B0997,1692,4/9/2015 5:30,14.6958,14.804,1.056
B0997,1693,4/9/2015 6:00,14.7002,14.709,1.057
B0997,1694,4/9/2015 6:30,14.7045,14.613,1.058
B0997,1695,4/9/2015 7:00,14.7041,14.517,1.05
B0997,1696,4/9/2015 7:30,14.7064,14.517,1.046
B0997,1697,4/9/2015 8:00,14.7089,14.517,1.046
B0997,1698,4/9/2015 8:30,14.7097,14.709,1.037
B0997,1699,4/9/2015 9:00,14.7134,14.996,1.039
B0997,1700,4/9/2015 9:30,14.7218,15.282,1.043
B0997,1701,4/9/2015 10:00,14.7139,15.664,1.026
B0997,1702,4/9/2015 10:30,14.719,16.237,1.034
B0997,1703,4/9/2015 11:00,14.7173,16.903,1.037
B0997,1704,4/9/2015 11:30,14.7099,17.379,1.031
B0997,1705,4/9/2015 12:00,14.7054,17.95,1.042
B0997,1706,4/9/2015 12:30,14.7,18.331,1.031
B0997,1707,4/9/2015 13:00,14.6965,18.616,1.036
B0997,1708,4/9/2015 13:30,14.6883,18.901,1.029
B0997,1709,4/9/2015 14:00,14.682,19.092,1.029
B0997,1710,4/9/2015 14:30,14.6777,19.187,1.032
B0997,1711,4/9/2015 15:00,14.6748,19.092,1.038
B0997,1712,4/9/2015 15:30,14.6648,18.996,1.025
B0997,1713,4/9/2015 16:00,14.6648,18.996,1.027
B0997,1714,4/9/2015 16:30,14.6648,18.996,1.025
B0997,1715,4/9/2015 17:00,14.6643,18.901,1.025
B0997,1716,4/9/2015 17:30,14.6635,18.711,1.022
B0997,1717,4/9/2015 18:00,14.6674,18.521,1.033
B0997,1718,4/9/2015 18:30,14.664,18.331,1.024
B0997,1719,4/9/2015 19:00,14.6636,18.236,1.021
B0997,1720,4/9/2015 19:30,14.6652,18.045,1.033
B0997,1721,4/9/2015 20:00,14.6643,17.855,1.034
B0997,1722,4/9/2015 20:30,14.6658,17.665,1.029
B0997,1723,4/9/2015 21:00,14.663,17.57,1.019
B0997,1724,4/9/2015 21:30,14.6649,17.475,1.021
B0997,1725,4/9/2015 22:00,14.664,17.284,1.015
B0997,1726,4/9/2015 22:30,14.6659,17.189,1.021
B0997,1727,4/9/2015 23:00,14.668,17.094,1.03
B0997,1728,4/9/2015 23:30,14.6632,17.094,1.021
B0997,1729,4/10/2015 0:00,14.6651,16.999,1.025
B0997,1730,4/10/2015 0:30,14.6651,16.999,1.022
B0997,1731,4/10/2015 1:00,14.6675,16.999,1.026
B0997,1732,4/10/2015 1:30,14.6646,16.903,1.01
B0997,1733,4/10/2015 2:00,14.66,16.903,1.012
B0997,1734,4/10/2015 2:30,14.6642,16.808,1.021
B0997,1735,4/10/2015 3:00,14.6595,16.808,1.023
B0997,1736,4/10/2015 3:30,14.6519,16.713,1.017
B0997,1737,4/10/2015 4:00,14.6491,16.618,1.016
B0997,1738,4/10/2015 4:30,14.6462,16.523,1.014
B0997,1739,4/10/2015 5:00,14.6487,16.523,1.025
B0997,1740,4/10/2015 5:30,14.6487,16.523,1.013
B0997,1741,4/10/2015 6:00,14.6487,16.523,1.022
B0997,1742,4/10/2015 6:30,14.6535,16.523,1.021
B0997,1743,4/10/2015 7:00,14.6629,16.523,1.03
B0997,1744,4/10/2015 7:30,14.6606,16.523,1.02
B0997,1745,4/10/2015 8:00,14.6606,16.523,1.014
B0997,1746,4/10/2015 8:30,14.6629,16.523,1.021
B0997,1747,4/10/2015 9:00,14.6587,16.618,1.01
B0997,1748,4/10/2015 9:30,14.6633,16.618,1.023
B0997,1749,4/10/2015 10:00,14.6638,16.713,1.014
B0997,1750,4/10/2015 10:30,14.6667,16.808,1.014
B0997,1751,4/10/2015 11:00,14.6579,16.999,1.01
B0997,1752,4/10/2015 11:30,14.6588,17.189,1.012
B0997,1753,4/10/2015 12:00,14.6506,17.475,1.011
B0997,1754,4/10/2015 12:30,14.6495,17.76,1.008
B0997,1755,4/10/2015 13:00,14.6495,17.76,1.018
B0997,1756,4/10/2015 13:30,14.6308,17.855,1.003
B0997,1757,4/10/2015 14:00,14.6336,17.95,1.007
B0997,1758,4/10/2015 14:30,14.6269,18.045,1.001
B0997,1759,4/10/2015 15:00,14.6226,18.14,0.998
B0997,1760,4/10/2015 15:30,14.6186,18.331,0.996
B0997,1761,4/10/2015 16:00,14.6172,18.521,0.995
B0997,1762,4/10/2015 16:30,14.6095,18.426,0.995
B0997,1763,4/10/2015 17:00,14.6139,18.331,1.002
B0997,1764,4/10/2015 17:30,14.6182,18.236,1.01
B0997,1765,4/10/2015 18:00,14.6202,18.14,1.013
B0997,1766,4/10/2015 18:30,14.6221,18.045,1.02
B0997,1767,4/10/2015 19:00,14.6237,17.855,1.017
B0997,1768,4/10/2015 19:30,14.6256,17.76,1.019
B0997,1769,4/10/2015 20:00,14.6271,17.57,1.008
B0997,1770,4/10/2015 20:30,14.6339,17.475,1.013
B0997,1771,4/10/2015 21:00,14.6401,17.284,1.01
B0997,1772,4/10/2015 21:30,14.6421,17.189,1.005
B0997,1773,4/10/2015 22:00,14.6513,17.094,1.012
B0997,1774,4/10/2015 22:30,14.6508,16.999,1.011
B0997,1775,4/10/2015 23:00,14.6504,16.903,1.007
B0997,1776,4/10/2015 23:30,14.6548,16.808,1.012
B0997,1777,4/11/2015 0:00,14.6543,16.713,1.009
B0997,1778,4/11/2015 0:30,14.6587,16.618,1.014
B0997,1779,4/11/2015 1:00,14.6558,16.523,1.005
B0997,1780,4/11/2015 1:30,14.6526,16.332,1.007
B0997,1781,4/11/2015 2:00,14.6521,16.237,1.013
B0997,1782,4/11/2015 2:30,14.6517,16.141,1.007
B0997,1783,4/11/2015 3:00,14.6532,15.951,0.998
B0997,1784,4/11/2015 3:30,14.65,15.76,0.997
B0997,1785,4/11/2015 4:00,14.6566,15.664,1.003
B0997,1786,4/11/2015 4:30,14.663,15.473,1.008
B0997,1787,4/11/2015 5:00,14.6717,15.282,1.015
B0997,1788,4/11/2015 5:30,14.6761,15.187,1.006
B0997,1789,4/11/2015 6:00,14.6823,14.996,1.006
B0997,1790,4/11/2015 6:30,14.691,14.804,1.005
B0997,1791,4/11/2015 7:00,14.702,14.613,1.005
B0997,1792,4/11/2015 7:30,14.7064,14.517,1
B0997,1793,4/11/2015 8:00,14.706,14.421,0.995
B0997,1794,4/11/2015 8:30,14.7107,14.421,0.999
B0997,1795,4/11/2015 9:00,14.7136,14.517,1.004
B0997,1796,4/11/2015 9:30,14.7145,14.709,0.999
B0997,1797,4/11/2015 10:00,14.7158,14.996,0.999
B0997,1798,4/11/2015 10:30,14.7055,15.378,0.979
B0997,1799,4/11/2015 11:00,14.7077,15.855,0.996
B0997,1800,4/11/2015 11:30,14.7028,16.332,0.994
B0997,1801,4/11/2015 12:00,14.6949,16.713,0.995
B0997,1802,4/11/2015 12:30,14.6894,17.094,0.988
B0997,1803,4/11/2015 13:00,14.688,17.284,0.991
B0997,1804,4/11/2015 13:30,14.6816,17.475,0.978
B0997,1805,4/11/2015 14:00,14.6735,17.76,0.98
B0997,1806,4/11/2015 14:30,14.6639,17.76,0.985
B0997,1807,4/11/2015 15:00,14.6614,17.76,0.98
B0997,1808,4/11/2015 15:30,14.6587,17.665,0.983
B0997,1809,4/11/2015 16:00,14.6587,17.665,0.981
B0997,1810,4/11/2015 16:30,14.6626,17.475,0.981
B0997,1811,4/11/2015 17:00,14.6674,17.475,0.983
B0997,1812,4/11/2015 17:30,14.6693,17.379,0.981
B0997,1813,4/11/2015 18:00,14.6736,17.284,0.986
B0997,1814,4/11/2015 18:30,14.6751,17.094,0.98
B0997,1815,4/11/2015 19:00,14.6814,16.903,0.981
B0997,1816,4/11/2015 19:30,14.6854,16.713,0.989
B0997,1817,4/11/2015 20:00,14.6868,16.523,0.987
B0997,1818,4/11/2015 20:30,14.6951,16.237,0.993
B0997,1819,4/11/2015 21:00,14.7015,16.046,0.998
B0997,1820,4/11/2015 21:30,14.7049,15.76,0.997
B0997,1821,4/11/2015 22:00,14.7112,15.569,0.993
B0997,1822,4/11/2015 22:30,14.7174,15.378,0.996
B0997,1823,4/11/2015 23:00,14.7213,15.187,0.987
B0997,1824,4/11/2015 23:30,14.7252,14.996,0.994
B0997,1825,4/12/2015 0:00,14.7292,14.804,0.995
B0997,1826,4/12/2015 0:30,14.7289,14.709,0.992
B0997,1827,4/12/2015 1:00,14.728,14.517,0.998
B0997,1828,4/12/2015 1:30,14.7276,14.421,0.989
B0997,1829,4/12/2015 2:00,14.729,14.23,0.988
B0997,1830,4/12/2015 2:30,14.7238,14.134,0.978
B0997,1831,4/12/2015 3:00,14.7306,14.038,0.985
B0997,1832,4/12/2015 3:30,14.7321,13.846,0.979
B0997,1833,4/12/2015 4:00,14.7412,13.75,0.985
B0997,1834,4/12/2015 4:30,14.7456,13.654,0.985
B0997,1835,4/12/2015 5:00,14.7451,13.558,0.985
B0997,1836,4/12/2015 5:30,14.7519,13.461,0.979
B0997,1837,4/12/2015 6:00,14.7515,13.365,0.985
B0997,1838,4/12/2015 6:30,14.7606,13.269,0.99
B0997,1839,4/12/2015 7:00,14.7673,13.173,0.99
B0997,1840,4/12/2015 7:30,14.7721,13.173,0.98
B0997,1841,4/12/2015 8:00,14.7773,13.269,0.979
B0997,1842,4/12/2015 8:30,14.7778,13.365,0.978
B0997,1843,4/12/2015 9:00,14.7766,13.654,0.971
B0997,1844,4/12/2015 9:30,14.7804,13.942,0.974
B0997,1845,4/12/2015 10:00,14.7792,14.23,0.97
B0997,1846,4/12/2015 10:30,14.7876,14.517,0.979
B0997,1847,4/12/2015 11:00,14.7866,14.804,0.981
B0997,1848,4/12/2015 11:30,14.7783,15.091,0.977
B0997,1849,4/12/2015 12:00,14.7701,15.378,0.978
B0997,1850,4/12/2015 12:30,14.7666,15.664,0.97
B0997,1851,4/12/2015 13:00,14.7654,15.951,0.97
B0997,1852,4/12/2015 13:30,14.7619,16.237,0.972
B0997,1853,4/12/2015 14:00,14.7553,16.332,0.977
B0997,1854,4/12/2015 14:30,14.7413,16.427,0.972
B0997,1855,4/12/2015 15:00,14.7418,16.523,0.967
B0997,1856,4/12/2015 15:30,14.7418,16.523,0.966
B0997,1857,4/12/2015 16:00,14.7395,16.523,0.971
B0997,1858,4/12/2015 16:30,14.737,16.523,0.96
B0997,1859,4/12/2015 17:00,14.7395,16.523,0.97
B0997,1860,4/12/2015 17:30,14.7347,16.523,0.963
B0997,1861,4/12/2015 18:00,14.7413,16.427,0.97
B0997,1862,4/12/2015 18:30,14.7409,16.332,0.974
B0997,1863,4/12/2015 19:00,14.7429,16.237,0.977
B0997,1864,4/12/2015 19:30,14.7492,16.046,0.977
B0997,1865,4/12/2015 20:00,14.7556,15.855,0.978
B0997,1866,4/12/2015 20:30,14.7622,15.76,0.979
B0997,1867,4/12/2015 21:00,14.7757,15.569,0.99
B0997,1868,4/12/2015 21:30,14.7724,15.378,0.983
B0997,1869,4/12/2015 22:00,14.7763,15.187,0.991
B0997,1870,4/12/2015 22:30,14.7731,14.996,0.985
B0997,1871,4/12/2015 23:00,14.7727,14.9,0.975
B0997,1872,4/12/2015 23:30,14.7718,14.709,0.982
B0997,1873,4/13/2015 0:00,14.767,14.709,0.978
B0997,1874,4/13/2015 0:30,14.7666,14.613,0.983
B0997,1875,4/13/2015 1:00,14.7643,14.613,0.975
B0997,1876,4/13/2015 1:30,14.7595,14.613,0.975
B0997,1877,4/13/2015 2:00,14.757,14.613,0.98
B0997,1878,4/13/2015 2:30,14.7499,14.613,0.966
B0997,1879,4/13/2015 3:00,14.7474,14.613,0.972
B0997,1880,4/13/2015 3:30,14.7451,14.613,0.966
B0997,1881,4/13/2015 4:00,14.7451,14.613,0.964
B0997,1882,4/13/2015 4:30,14.7474,14.613,0.969
B0997,1883,4/13/2015 5:00,14.7451,14.613,0.968
B0997,1884,4/13/2015 5:30,14.7474,14.613,0.968
B0997,1885,4/13/2015 6:00,14.7522,14.613,0.973
B0997,1886,4/13/2015 6:30,14.7599,14.709,0.974
B0997,1887,4/13/2015 7:00,14.7622,14.709,0.977
B0997,1888,4/13/2015 7:30,14.7647,14.709,0.982
B0997,1889,4/13/2015 8:00,14.7647,14.709,0.979
B0997,1890,4/13/2015 8:30,14.767,14.709,0.97
B0997,1891,4/13/2015 9:00,14.7651,14.804,0.964
B0997,1892,4/13/2015 9:30,14.7746,14.804,0.986
B0997,1893,4/13/2015 10:00,14.7746,14.804,0.976
B0997,1894,4/13/2015 10:30,14.775,14.9,0.975
B0997,1895,4/13/2015 11:00,14.7679,14.9,0.977
B0997,1896,4/13/2015 11:30,14.7702,14.9,0.987
B0997,1897,4/13/2015 12:00,14.7635,14.996,0.986
B0997,1898,4/13/2015 12:30,14.7612,14.996,0.993
B0997,1899,4/13/2015 13:00,14.7564,14.996,0.997
B0997,1900,4/13/2015 13:30,14.7521,15.091,0.986
B0997,1901,4/13/2015 14:00,14.7448,15.091,0.985
B0997,1902,4/13/2015 14:30,14.7329,15.091,0.984
B0997,1903,4/13/2015 15:00,14.7309,15.187,0.99
B0997,1904,4/13/2015 15:30,14.7261,15.187,0.983
B0997,1905,4/13/2015 16:00,14.7213,15.187,0.988
B0997,1906,4/13/2015 16:30,14.7213,15.187,0.977
B0997,1907,4/13/2015 17:00,14.719,15.187,0.984
B0997,1908,4/13/2015 17:30,14.719,15.187,0.985
B0997,1909,4/13/2015 18:00,14.7167,15.187,0.979
B0997,1910,4/13/2015 18:30,14.7167,15.187,0.986
B0997,1911,4/13/2015 19:00,14.719,15.187,0.987
B0997,1912,4/13/2015 19:30,14.7234,15.091,0.992
B0997,1913,4/13/2015 20:00,14.7353,15.091,1.008
B0997,1914,4/13/2015 20:30,14.74,15.091,1.02
B0997,1915,4/13/2015 21:00,14.7448,15.091,1.026
B0997,1916,4/13/2015 21:30,14.7448,15.091,1.026
B0997,1917,4/13/2015 22:00,14.7444,14.996,1.031
B0997,1918,4/13/2015 22:30,14.7521,15.091,1.059
B0997,1919,4/13/2015 23:00,14.7521,15.091,1.07
B0997,1920,4/13/2015 23:30,14.7516,14.996,1.069
B0997,1921,4/14/2015 0:00,14.7588,14.996,1.097
B0997,1922,4/14/2015 0:30,14.7564,14.996,1.109
B0997,1923,4/14/2015 1:00,14.7535,14.9,1.119
B0997,1924,4/14/2015 1:30,14.756,14.9,1.135
B0997,1925,4/14/2015 2:00,14.7535,14.9,1.146
B0997,1926,4/14/2015 2:30,14.7583,14.9,1.169
B0997,1927,4/14/2015 3:00,14.7535,14.9,1.169
B0997,1928,4/14/2015 3:30,14.7487,14.9,1.163
B0997,1929,4/14/2015 4:00,14.7464,14.9,1.167
B0997,1930,4/14/2015 4:30,14.744,14.9,1.167
B0997,1931,4/14/2015 5:00,14.744,14.9,1.167
B0997,1932,4/14/2015 5:30,14.7464,14.9,1.174
B0997,1933,4/14/2015 6:00,14.7469,14.996,1.176
B0997,1934,4/14/2015 6:30,14.7492,14.996,1.164
B0997,1935,4/14/2015 7:00,14.7469,14.996,1.169
B0997,1936,4/14/2015 7:30,14.7469,14.996,1.16
B0997,1937,4/14/2015 8:00,14.7448,15.091,1.158
B0997,1938,4/14/2015 8:30,14.7473,15.091,1.168
B0997,1939,4/14/2015 9:00,14.7382,15.187,1.149
B0997,1940,4/14/2015 9:30,14.7357,15.187,1.139
B0997,1941,4/14/2015 10:00,14.7334,15.187,1.139
B0997,1942,4/14/2015 10:30,14.7313,15.282,1.128
B0997,1943,4/14/2015 11:00,14.727,15.378,1.134
B0997,1944,4/14/2015 11:30,14.7155,15.473,1.125
B0997,1945,4/14/2015 12:00,14.7097,15.76,1.132
B0997,1946,4/14/2015 12:30,14.7042,16.141,1.11
B0997,1947,4/14/2015 13:00,14.7064,16.618,1.119
B0997,1948,4/14/2015 13:30,14.7049,16.808,1.115
B0997,1949,4/14/2015 14:00,14.6923,17.189,1.108
B0997,1950,4/14/2015 14:30,14.682,17.57,1.101
B0997,1951,4/14/2015 15:00,14.6783,17.76,1.108
B0997,1952,4/14/2015 15:30,14.6719,17.95,1.101
B0997,1953,4/14/2015 16:00,14.6604,18.045,1.087
B0997,1954,4/14/2015 16:30,14.6604,18.045,1.085
B0997,1955,4/14/2015 17:00,14.6627,18.045,1.094
B0997,1956,4/14/2015 17:30,14.6527,17.95,1.086
B0997,1957,4/14/2015 18:00,14.6595,17.855,1.089
B0997,1958,4/14/2015 18:30,14.6682,17.665,1.096
B0997,1959,4/14/2015 19:00,14.6693,17.379,1.091
B0997,1960,4/14/2015 19:30,14.6732,17.189,1.089
B0997,1961,4/14/2015 20:00,14.6842,16.999,1.089
B0997,1962,4/14/2015 20:30,14.691,16.903,1.092
B0997,1963,4/14/2015 21:00,14.6901,16.713,1.078
B0997,1964,4/14/2015 21:30,14.6968,16.618,1.082
B0997,1965,4/14/2015 22:00,14.6988,16.523,1.084
B0997,1966,4/14/2015 22:30,14.6941,16.523,1.079
B0997,1967,4/14/2015 23:00,14.6959,16.427,1.086
B0997,1968,4/14/2015 23:30,14.6907,16.332,1.076
B0997,1969,4/15/2015 0:00,14.6951,16.237,1.078
B0997,1970,4/15/2015 0:30,14.6946,16.141,1.079
B0997,1971,4/15/2015 1:00,14.6894,16.046,1.067
B0997,1972,4/15/2015 1:30,14.6986,15.951,1.071
B0997,1973,4/15/2015 2:00,14.6981,15.855,1.065
B0997,1974,4/15/2015 2:30,14.6981,15.855,1.072
B0997,1975,4/15/2015 3:00,14.7049,15.76,1.077
B0997,1976,4/15/2015 3:30,14.7025,15.76,1.063
B0997,1977,4/15/2015 4:00,14.7025,15.76,1.065
B0997,1978,4/15/2015 4:30,14.702,15.664,1.065
B0997,1979,4/15/2015 5:00,14.7093,15.664,1.061
B0997,1980,4/15/2015 5:30,14.7089,15.569,1.065
B0997,1981,4/15/2015 6:00,14.7231,15.569,1.078
B0997,1982,4/15/2015 6:30,14.749,15.473,1.107
B0997,1983,4/15/2015 7:00,14.7701,15.378,1.151
B0997,1984,4/15/2015 7:30,14.7863,15.282,1.178
B0997,1985,4/15/2015 8:00,14.7936,15.282,1.19
B0997,1986,4/15/2015 8:30,14.7979,15.187,1.195
B0997,1987,4/15/2015 9:00,14.795,15.091,1.179
B0997,1988,4/15/2015 9:30,14.7998,15.091,1.181
B0997,1989,4/15/2015 10:00,14.8114,14.996,1.197
B0997,1990,4/15/2015 10:30,14.8304,14.996,1.231
B0997,1991,4/15/2015 11:00,14.842,14.9,1.262
B0997,1992,4/15/2015 11:30,14.8491,14.9,1.268
B0997,1993,4/15/2015 12:00,14.863,14.804,1.306
B0997,1994,4/15/2015 12:30,14.8751,14.804,1.319
B0997,1995,4/15/2015 13:00,14.8813,14.613,1.334
B0997,1996,4/15/2015 13:30,14.8928,14.517,1.367
B0997,1997,4/15/2015 14:00,14.888,14.517,1.353
B0997,1998,4/15/2015 14:30,14.8804,14.421,1.338
B0997,1999,4/15/2015 15:00,14.8752,14.325,1.329
B0997,2000,4/15/2015 15:30,14.8748,14.23,1.328
B0997,2001,4/15/2015 16:00,14.8748,14.23,1.318
B0997,2002,4/15/2015 16:30,14.8768,14.134,1.315
B0997,2003,4/15/2015 17:00,14.8835,14.038,1.33
B0997,2004,4/15/2015 17:30,14.8906,14.038,1.335
B0997,2005,4/15/2015 18:00,14.8997,13.942,1.343
B0997,2006,4/15/2015 18:30,14.9045,13.942,1.344
B0997,2007,4/15/2015 19:00,14.9113,13.846,1.351
B0997,2008,4/15/2015 19:30,14.9132,13.75,1.344
B0997,2009,4/15/2015 20:00,14.9253,13.75,1.355
B0997,2010,4/15/2015 20:30,14.9319,13.654,1.356
B0997,2011,4/15/2015 21:00,14.9392,13.654,1.351
B0997,2012,4/15/2015 21:30,14.9387,13.558,1.351
B0997,2013,4/15/2015 22:00,14.9383,13.461,1.35
B0997,2014,4/15/2015 22:30,14.9383,13.461,1.354
B0997,2015,4/15/2015 23:00,14.9406,13.461,1.36
B0997,2016,4/15/2015 23:30,14.9354,13.365,1.353
