SiteID,Water RowID,Date.Time,Air BP psi,Air Temp C,Air logger ID
B0997,1,3/5/2015 0:00,14.1206,18.331,10246124
B0997,2,3/5/2015 0:30,14.118,16.903,10246124
B0997,3,3/5/2015 1:00,14.1125,16.713,10246124
B0997,4,3/5/2015 1:30,14.1083,16.903,10246124
B0997,5,3/5/2015 2:00,14.1132,16.903,10246124
B0997,6,3/5/2015 2:30,14.1035,16.903,10246124
B0997,7,3/5/2015 3:00,14.0987,16.903,10246124
B0997,8,3/5/2015 3:30,14.0909,16.713,10246124
B0997,9,3/5/2015 4:00,14.0884,16.713,10246124
B0997,10,3/5/2015 4:30,14.0864,16.808,10246124
B0997,11,3/5/2015 5:00,14.0891,16.903,10246124
B0997,12,3/5/2015 5:30,14.0939,16.903,10246124
B0997,13,3/5/2015 6:00,14.0939,16.903,10246124
B0997,14,3/5/2015 6:30,14.0911,16.808,10246124
B0997,15,3/5/2015 7:00,14.0919,16.999,10246124
B0997,16,3/5/2015 7:30,14.0945,17.094,10246124
B0997,17,3/5/2015 8:00,14.0972,17.189,10246124
B0997,18,3/5/2015 8:30,14.098,17.379,10246124
B0997,19,3/5/2015 9:00,14.0965,17.665,10246124
B0997,20,3/5/2015 9:30,14.099,17.665,10246124
B0997,21,3/5/2015 10:00,14.1007,17.475,10246124
B0997,22,3/5/2015 10:30,14.1055,17.475,10246124
B0997,23,3/5/2015 11:00,14.1167,11.041,10246124
B0997,24,3/5/2015 11:30,14.1407,7.582,10246124
B0997,25,3/5/2015 12:00,14.1493,6.573,10246124
B0997,26,3/5/2015 12:30,14.1503,6.166,10246124
B0997,27,3/5/2015 13:00,14.1555,6.268,10246124
B0997,28,3/5/2015 13:30,14.1476,6.775,10246124
B0997,29,3/5/2015 14:00,14.1473,8.082,10246124
B0997,30,3/5/2015 14:30,14.1377,9.472,10246124
B0997,31,3/5/2015 15:00,14.1428,9.571,10246124
B0997,32,3/5/2015 15:30,14.1599,8.978,10246124
B0997,33,3/5/2015 16:00,14.1661,8.68,10246124
B0997,34,3/5/2015 16:30,14.1898,7.179,10246124
B0997,35,3/5/2015 17:00,14.1918,5.655,10246124
B0997,36,3/5/2015 17:30,14.2064,4.311,10246124
B0997,37,3/5/2015 18:00,14.213,3.367,10246124
B0997,38,3/5/2015 18:30,14.2281,3.578,10246124
B0997,39,3/5/2015 19:00,14.2455,3.049,10246124
B0997,40,3/5/2015 19:30,14.2516,2.73,10246124
B0997,41,3/5/2015 20:00,14.2669,2.303,10246124
B0997,42,3/5/2015 20:30,14.2833,2.195,10246124
B0997,43,3/5/2015 21:00,14.2901,2.088,10246124
B0997,44,3/5/2015 21:30,14.2971,1.98,10246124
B0997,45,3/5/2015 22:00,14.3,1.439,10246124
B0997,46,3/5/2015 22:30,14.3086,1.112,10246124
B0997,47,3/5/2015 23:00,14.3142,0.674,10246124
B0997,48,3/5/2015 23:30,14.3148,0.121,10246124
B0997,49,3/6/2015 0:00,14.3181,-0.325,10246124
B0997,50,3/6/2015 0:30,14.3218,-0.662,10246124
B0997,51,3/6/2015 1:00,14.3265,-0.662,10246124
B0997,52,3/6/2015 1:30,14.3326,-1.001,10246124
B0997,53,3/6/2015 2:00,14.3319,-1.228,10246124
B0997,54,3/6/2015 2:30,14.3339,-1.341,10246124
B0997,55,3/6/2015 3:00,14.338,-1.57,10246124
B0997,56,3/6/2015 3:30,14.3371,-1.799,10246124
B0997,57,3/6/2015 4:00,14.3412,-2.03,10246124
B0997,58,3/6/2015 4:30,14.3457,-2.145,10246124
B0997,59,3/6/2015 5:00,14.3528,-2.145,10246124
B0997,60,3/6/2015 5:30,14.3589,-2.494,10246124
B0997,61,3/6/2015 6:00,14.3645,-2.962,10246124
B0997,62,3/6/2015 6:30,14.3645,-3.672,10246124
B0997,63,3/6/2015 7:00,14.4916,-3.672,10246124
B0997,64,3/6/2015 7:30,14.4349,-4.152,10246124
B0997,65,3/6/2015 8:00,14.4932,-3.197,10246124
B0997,66,3/6/2015 8:30,14.6097,-1.341,10246124
B0997,67,3/6/2015 9:00,14.6716,-0.102,10246124
B0997,68,3/6/2015 9:30,14.3934,0.674,10246124
B0997,69,3/6/2015 10:00,14.3915,1.548,10246124
B0997,70,3/6/2015 10:30,14.3928,4.727,10246124
B0997,71,3/6/2015 11:00,14.3893,4.415,10246124
B0997,72,3/6/2015 11:30,14.3885,6.268,10246124
B0997,73,3/6/2015 12:00,14.387,5.141,10246124
B0997,74,3/6/2015 12:30,14.3803,7.381,10246124
B0997,75,3/6/2015 13:00,14.3731,8.779,10246124
B0997,76,3/6/2015 13:30,14.3608,7.983,10246124
B0997,77,3/6/2015 14:00,14.3505,8.481,10246124
B0997,78,3/6/2015 14:30,14.3497,8.978,10246124
B0997,79,3/6/2015 15:00,14.3457,8.481,10246124
B0997,80,3/6/2015 15:30,14.3402,8.978,10246124
B0997,81,3/6/2015 16:00,14.3412,9.275,10246124
B0997,82,3/6/2015 16:30,14.3367,8.68,10246124
B0997,83,3/6/2015 17:00,14.3377,7.582,10246124
B0997,84,3/6/2015 17:30,14.3364,7.179,10246124
B0997,85,3/6/2015 18:00,14.3387,5.757,10246124
B0997,86,3/6/2015 18:30,14.3339,3.683,10246124
B0997,87,3/6/2015 19:00,14.3399,1.872,10246124
B0997,88,3/6/2015 19:30,14.3471,0.453,10246124
B0997,89,3/6/2015 20:00,14.3537,-0.437,10246124
B0997,90,3/6/2015 20:30,14.3563,-1.114,10246124
B0997,91,3/6/2015 21:00,14.3595,-1.57,10246124
B0997,92,3/6/2015 21:30,14.3608,-1.914,10246124
B0997,93,3/6/2015 22:00,14.3671,-2.145,10246124
B0997,94,3/6/2015 22:30,14.3644,-2.261,10246124
B0997,95,3/6/2015 23:00,14.3637,-2.494,10246124
B0997,96,3/6/2015 23:30,14.3653,-2.727,10246124
B0997,97,3/7/2015 0:00,14.3618,-3.079,10246124
B0997,98,3/7/2015 0:30,14.3589,-3.197,10246124
B0997,99,3/7/2015 1:00,14.3558,-3.434,10246124
B0997,100,3/7/2015 1:30,14.355,-3.672,10246124
B0997,101,3/7/2015 2:00,14.3518,-3.911,10246124
B0997,102,3/7/2015 2:30,14.3518,-3.911,10246124
B0997,103,3/7/2015 3:00,14.3442,-4.031,10246124
B0997,104,3/7/2015 3:30,14.341,-4.272,10246124
B0997,105,3/7/2015 4:00,14.3454,-4.393,10246124
B0997,106,3/7/2015 4:30,14.3483,-4.272,10246124
B0997,107,3/7/2015 5:00,14.3502,-4.393,10246124
B0997,108,3/7/2015 5:30,14.3574,-4.393,10246124
B0997,109,3/7/2015 6:00,14.3558,-4.152,10246124
B0997,110,3/7/2015 6:30,14.3579,-4.272,10246124
B0997,111,3/7/2015 7:00,14.365,-4.272,10246124
B0997,112,3/7/2015 7:30,14.3658,-4.031,10246124
B0997,113,3/7/2015 8:00,14.3661,-3.197,10246124
B0997,114,3/7/2015 8:30,14.368,-0.437,10246124
B0997,115,3/7/2015 9:00,14.3728,2.41,10246124
B0997,116,3/7/2015 9:30,14.3711,8.182,10246124
B0997,117,3/7/2015 10:00,14.3748,9.275,10246124
B0997,118,3/7/2015 10:30,14.3743,12.497,10246124
B0997,119,3/7/2015 11:00,14.3728,13.461,10246124
B0997,120,3/7/2015 11:30,14.3711,14.325,10246124
B0997,121,3/7/2015 12:00,14.3615,13.654,10246124
B0997,122,3/7/2015 12:30,14.3545,15.76,10246124
B0997,123,3/7/2015 13:00,14.3425,17.094,10246124
B0997,124,3/7/2015 13:30,14.3342,16.808,10246124
B0997,125,3/7/2015 14:00,14.3196,18.045,10246124
B0997,126,3/7/2015 14:30,14.3123,18.045,10246124
B0997,127,3/7/2015 15:00,14.3068,17.855,10246124
B0997,128,3/7/2015 15:30,14.3036,18.331,10246124
B0997,129,3/7/2015 16:00,14.2981,18.806,10246124
B0997,130,3/7/2015 16:30,14.2985,18.236,10246124
B0997,131,3/7/2015 17:00,14.2916,16.332,10246124
B0997,132,3/7/2015 17:30,14.2968,15.76,10246124
B0997,133,3/7/2015 18:00,14.2983,12.787,10246124
B0997,134,3/7/2015 18:30,14.3014,9.571,10246124
B0997,135,3/7/2015 19:00,14.303,7.28,10246124
B0997,136,3/7/2015 19:30,14.3078,5.86,10246124
B0997,137,3/7/2015 20:00,14.3067,4.831,10246124
B0997,138,3/7/2015 20:30,14.3107,3.893,10246124
B0997,139,3/7/2015 21:00,14.3078,3.049,10246124
B0997,140,3/7/2015 21:30,14.3081,2.41,10246124
B0997,141,3/7/2015 22:00,14.3083,1.764,10246124
B0997,142,3/7/2015 22:30,14.3045,1.33,10246124
B0997,143,3/7/2015 23:00,14.3078,0.893,10246124
B0997,144,3/7/2015 23:30,14.3019,0.563,10246124
B0997,145,3/8/2015 0:00,14.3032,0.232,10246124
B0997,146,3/8/2015 0:30,14.2997,-0.102,10246124
B0997,147,3/8/2015 1:00,14.301,-0.437,10246124
B0997,148,3/8/2015 1:30,14.3022,-0.774,10246124
B0997,149,3/8/2015 2:00,14.3014,-1.001,10246124
B0997,150,3/8/2015 2:30,14.2959,-1.228,10246124
B0997,151,3/8/2015 3:00,14.2932,-1.341,10246124
B0997,152,3/8/2015 3:30,14.2904,-1.456,10246124
B0997,153,3/8/2015 4:00,14.2948,-1.57,10246124
B0997,154,3/8/2015 4:30,14.2975,-1.456,10246124
B0997,155,3/8/2015 5:00,14.3004,-1.341,10246124
B0997,156,3/8/2015 5:30,14.3055,-1.228,10246124
B0997,157,3/8/2015 6:00,14.3075,-1.341,10246124
B0997,158,3/8/2015 6:30,14.3103,-1.228,10246124
B0997,159,3/8/2015 7:00,14.3119,-0.774,10246124
B0997,160,3/8/2015 7:30,14.312,1.439,10246124
B0997,161,3/8/2015 8:00,14.3119,6.37,10246124
B0997,162,3/8/2015 8:30,14.3141,11.139,10246124
B0997,163,3/8/2015 9:00,14.3164,13.173,10246124
B0997,164,3/8/2015 9:30,14.3178,16.237,10246124
B0997,165,3/8/2015 10:00,14.3151,16.808,10246124
B0997,166,3/8/2015 10:30,14.3113,19.758,10246124
B0997,167,3/8/2015 11:00,14.3048,20.615,10246124
B0997,168,3/8/2015 11:30,14.308,21.473,10246124
B0997,169,3/8/2015 12:00,14.301,20.901,10246124
B0997,170,3/8/2015 12:30,14.2891,22.908,10246124
B0997,171,3/8/2015 13:00,14.2788,23.388,10246124
B0997,172,3/8/2015 13:30,14.2653,23.004,10246124
B0997,173,3/8/2015 14:00,14.259,23.869,10246124
B0997,174,3/8/2015 14:30,14.2479,24.158,10246124
B0997,175,3/8/2015 15:00,14.24,23.966,10246124
B0997,176,3/8/2015 15:30,14.2446,24.545,10246124
B0997,177,3/8/2015 16:00,14.2418,24.448,10246124
B0997,178,3/8/2015 16:30,14.2415,23.1,10246124
B0997,179,3/8/2015 17:00,14.2376,20.71,10246124
B0997,180,3/8/2015 17:30,14.2397,19.948,10246124
B0997,181,3/8/2015 18:00,14.2389,19.092,10246124
B0997,182,3/8/2015 18:30,14.2472,18.045,10246124
B0997,183,3/8/2015 19:00,14.2511,15.091,10246124
B0997,184,3/8/2015 19:30,14.2531,13.654,10246124
B0997,185,3/8/2015 20:00,14.2533,12.98,10246124
B0997,186,3/8/2015 20:30,14.2526,12.787,10246124
B0997,187,3/8/2015 21:00,14.2505,12.883,10246124
B0997,188,3/8/2015 21:30,14.2584,13.076,10246124
B0997,189,3/8/2015 22:00,14.2559,13.75,10246124
B0997,190,3/8/2015 22:30,14.2576,14.23,10246124
B0997,191,3/8/2015 23:00,14.2569,14.038,10246124
B0997,192,3/8/2015 23:30,14.2539,12.497,10246124
B0997,193,3/9/2015 0:00,14.2556,11.625,10246124
B0997,194,3/9/2015 0:30,14.2616,11.236,10246124
B0997,195,3/9/2015 1:00,14.269,13.365,10246124
B0997,196,3/9/2015 1:30,14.2682,14.517,10246124
B0997,197,3/9/2015 2:00,14.2611,14.517,10246124
B0997,198,3/9/2015 2:30,14.2576,14.9,10246124
B0997,199,3/9/2015 3:00,14.2576,14.9,10246124
B0997,200,3/9/2015 3:30,14.2531,13.654,10246124
B0997,201,3/9/2015 4:00,14.2481,13.558,10246124
B0997,202,3/9/2015 4:30,14.2553,12.883,10246124
B0997,203,3/9/2015 5:00,14.2588,11.819,10246124
B0997,204,3/9/2015 5:30,14.2636,11.139,10246124
B0997,205,3/9/2015 6:00,14.2721,12.207,10246124
B0997,206,3/9/2015 6:30,14.28,12.401,10246124
B0997,207,3/9/2015 7:00,14.2859,11.334,10246124
B0997,208,3/9/2015 7:30,14.2962,9.472,10246124
B0997,209,3/9/2015 8:00,14.3028,9.275,10246124
B0997,210,3/9/2015 8:30,14.3058,9.472,10246124
B0997,211,3/9/2015 9:00,14.3038,9.571,10246124
B0997,212,3/9/2015 9:30,14.3045,9.768,10246124
B0997,213,3/9/2015 10:00,14.2993,10.357,10246124
B0997,214,3/9/2015 10:30,14.3007,11.431,10246124
B0997,215,3/9/2015 11:00,14.2985,12.883,10246124
B0997,216,3/9/2015 11:30,14.2999,14.613,10246124
B0997,217,3/9/2015 12:00,14.2996,15.855,10246124
B0997,218,3/9/2015 12:30,14.2981,16.141,10246124
B0997,219,3/9/2015 13:00,14.291,17.475,10246124
B0997,220,3/9/2015 13:30,14.2817,18.901,10246124
B0997,221,3/9/2015 14:00,14.2759,21.282,10246124
B0997,222,3/9/2015 14:30,14.2707,21.187,10246124
B0997,223,3/9/2015 15:00,14.2626,22.238,10246124
B0997,224,3/9/2015 15:30,14.2634,20.519,10246124
B0997,225,3/9/2015 16:00,14.2659,19.853,10246124
B0997,226,3/9/2015 16:30,14.2617,18.711,10246124
B0997,227,3/9/2015 17:00,14.263,18.426,10246124
B0997,228,3/9/2015 17:30,14.2652,17.665,10246124
B0997,229,3/9/2015 18:00,14.2685,16.618,10246124
B0997,230,3/9/2015 18:30,14.2687,15.282,10246124
B0997,231,3/9/2015 19:00,14.2762,14.038,10246124
B0997,232,3/9/2015 19:30,14.281,13.365,10246124
B0997,233,3/9/2015 20:00,14.281,12.69,10246124
B0997,234,3/9/2015 20:30,14.2839,12.11,10246124
B0997,235,3/9/2015 21:00,14.2852,11.819,10246124
B0997,236,3/9/2015 21:30,14.2869,11.625,10246124
B0997,237,3/9/2015 22:00,14.2842,11.528,10246124
B0997,238,3/9/2015 22:30,14.2787,11.334,10246124
B0997,239,3/9/2015 23:00,14.2859,11.334,10246124
B0997,240,3/9/2015 23:30,14.2835,11.334,10246124
B0997,241,3/10/2015 0:00,14.2811,11.334,10246124
B0997,242,3/10/2015 0:30,14.2787,11.334,10246124
B0997,243,3/10/2015 1:00,14.2732,11.139,10246124
B0997,244,3/10/2015 1:30,14.2752,11.041,10246124
B0997,245,3/10/2015 2:00,14.2749,10.944,10246124
B0997,246,3/10/2015 2:30,14.2774,10.944,10246124
B0997,247,3/10/2015 3:00,14.2721,10.846,10246124
B0997,248,3/10/2015 3:30,14.2694,10.748,10246124
B0997,249,3/10/2015 4:00,14.2671,10.748,10246124
B0997,250,3/10/2015 4:30,14.2623,10.748,10246124
B0997,251,3/10/2015 5:00,14.2671,10.748,10246124
B0997,252,3/10/2015 5:30,14.2646,10.748,10246124
B0997,253,3/10/2015 6:00,14.2691,10.651,10246124
B0997,254,3/10/2015 6:30,14.2684,10.455,10246124
B0997,255,3/10/2015 7:00,14.2704,10.357,10246124
B0997,256,3/10/2015 7:30,14.2736,10.553,10246124
B0997,257,3/10/2015 8:00,14.2769,10.846,10246124
B0997,258,3/10/2015 8:30,14.2817,11.528,10246124
B0997,259,3/10/2015 9:00,14.2827,12.497,10246124
B0997,260,3/10/2015 9:30,14.2822,12.98,10246124
B0997,261,3/10/2015 10:00,14.2848,13.75,10246124
B0997,262,3/10/2015 10:30,14.2807,15.951,10246124
B0997,263,3/10/2015 11:00,14.2758,17.284,10246124
B0997,264,3/10/2015 11:30,14.2713,16.713,10246124
B0997,265,3/10/2015 12:00,14.2642,19.377,10246124
B0997,266,3/10/2015 12:30,14.2521,21.378,10246124
B0997,267,3/10/2015 13:00,14.2478,22.142,10246124
B0997,268,3/10/2015 13:30,14.2468,22.525,10246124
B0997,269,3/10/2015 14:00,14.2382,23.484,10246124
B0997,270,3/10/2015 14:30,14.2339,24.255,10246124
B0997,271,3/10/2015 15:00,14.2314,23.581,10246124
B0997,272,3/10/2015 15:30,14.2288,22.238,10246124
B0997,273,3/10/2015 16:00,14.2236,22.142,10246124
B0997,274,3/10/2015 16:30,14.2233,21.378,10246124
B0997,275,3/10/2015 17:00,14.2283,18.806,10246124
B0997,276,3/10/2015 17:30,14.2283,16.808,10246124
B0997,277,3/10/2015 18:00,14.2231,16.713,10246124
B0997,278,3/10/2015 18:30,14.2243,16.332,10246124
B0997,279,3/10/2015 19:00,14.2256,16.046,10246124
B0997,280,3/10/2015 19:30,14.2233,15.378,10246124
B0997,281,3/10/2015 20:00,14.224,14.9,10246124
B0997,282,3/10/2015 20:30,14.2205,14.613,10246124
B0997,283,3/10/2015 21:00,14.2273,14.517,10246124
B0997,284,3/10/2015 21:30,14.2246,14.421,10246124
B0997,285,3/10/2015 22:00,14.2243,14.325,10246124
B0997,286,3/10/2015 22:30,14.2268,14.325,10246124
B0997,287,3/10/2015 23:00,14.2225,13.846,10246124
B0997,288,3/10/2015 23:30,14.2178,13.846,10246124
B0997,289,3/11/2015 0:00,14.2198,13.75,10246124
B0997,290,3/11/2015 0:30,14.2188,15.473,10246124
B0997,291,3/11/2015 1:00,14.2183,16.046,10246124
B0997,292,3/11/2015 1:30,14.2183,17.379,10246124
B0997,293,3/11/2015 2:00,14.2204,16.618,10246124
B0997,294,3/11/2015 2:30,14.2208,18.045,10246124
B0997,295,3/11/2015 3:00,14.2166,18.901,10246124
B0997,296,3/11/2015 3:30,14.2115,18.14,10246124
B0997,297,3/11/2015 4:00,14.2138,17.475,10246124
B0997,298,3/11/2015 4:30,14.2083,16.618,10246124
B0997,299,3/11/2015 5:00,14.2105,16.523,10246124
B0997,300,3/11/2015 5:30,14.2163,15.473,10246124
B0997,301,3/11/2015 6:00,14.2195,14.996,10246124
B0997,302,3/11/2015 6:30,14.2233,14.709,10246124
B0997,303,3/11/2015 7:00,14.2223,14.421,10246124
B0997,304,3/11/2015 7:30,14.2278,14.613,10246124
B0997,305,3/11/2015 8:00,14.2308,15.473,10246124
B0997,306,3/11/2015 8:30,14.2376,16.713,10246124
B0997,307,3/11/2015 9:00,14.24,18.045,10246124
B0997,308,3/11/2015 9:30,14.2384,19.567,10246124
B0997,309,3/11/2015 10:00,14.2366,21.091,10246124
B0997,310,3/11/2015 10:30,14.2373,21.951,10246124
B0997,311,3/11/2015 11:00,14.2381,22.812,10246124
B0997,312,3/11/2015 11:30,14.2389,23.677,10246124
B0997,313,3/11/2015 12:00,14.2376,23.966,10246124
B0997,314,3/11/2015 12:30,14.2347,25.805,10246124
B0997,315,3/11/2015 13:00,14.2297,24.448,10246124
B0997,316,3/11/2015 13:30,14.232,23.773,10246124
B0997,317,3/11/2015 14:00,14.2286,24.158,10246124
B0997,318,3/11/2015 14:30,14.2302,22.621,10246124
B0997,319,3/11/2015 15:00,14.2389,17.094,10246124
B0997,320,3/11/2015 15:30,14.2401,16.713,10246124
B0997,321,3/11/2015 16:00,14.2386,16.999,10246124
B0997,322,3/11/2015 16:30,14.2455,16.903,10246124
B0997,323,3/11/2015 17:00,14.2497,16.713,10246124
B0997,324,3/11/2015 17:30,14.2507,16.332,10246124
B0997,325,3/11/2015 18:00,14.2539,15.855,10246124
B0997,326,3/11/2015 18:30,14.2555,15.664,10246124
B0997,327,3/11/2015 19:00,14.2621,15.473,10246124
B0997,328,3/11/2015 19:30,14.2707,15.187,10246124
B0997,329,3/11/2015 20:00,14.2727,15.091,10246124
B0997,330,3/11/2015 20:30,14.2745,14.9,10246124
B0997,331,3/11/2015 21:00,14.2755,14.517,10246124
B0997,332,3/11/2015 21:30,14.2817,14.23,10246124
B0997,333,3/11/2015 22:00,14.2827,13.846,10246124
B0997,334,3/11/2015 22:30,14.2882,13.365,10246124
B0997,335,3/11/2015 23:00,14.291,12.787,10246124
B0997,336,3/11/2015 23:30,14.2958,12.11,10246124
B0997,337,3/12/2015 0:00,14.299,11.625,10246124
B0997,338,3/12/2015 0:30,14.3025,11.236,10246124
B0997,339,3/12/2015 1:00,14.303,10.748,10246124
B0997,340,3/12/2015 1:30,14.3041,10.357,10246124
B0997,341,3/12/2015 2:00,14.3062,10.259,10246124
B0997,342,3/12/2015 2:30,14.3096,10.553,10246124
B0997,343,3/12/2015 3:00,14.31,10.651,10246124
B0997,344,3/12/2015 3:30,14.313,10.846,10246124
B0997,345,3/12/2015 4:00,14.3151,10.748,10246124
B0997,346,3/12/2015 4:30,14.3203,10.161,10246124
B0997,347,3/12/2015 5:00,14.3258,9.669,10246124
B0997,348,3/12/2015 5:30,14.3278,9.571,10246124
B0997,349,3/12/2015 6:00,14.3367,10.063,10246124
B0997,350,3/12/2015 6:30,14.3422,10.259,10246124
B0997,351,3/12/2015 7:00,14.346,10.651,10246124
B0997,352,3/12/2015 7:30,14.3474,11.041,10246124
B0997,353,3/12/2015 8:00,14.3574,11.819,10246124
B0997,354,3/12/2015 8:30,14.3645,13.173,10246124
B0997,355,3/12/2015 9:00,14.3693,15.187,10246124
B0997,356,3/12/2015 9:30,14.3732,16.903,10246124
B0997,357,3/12/2015 10:00,14.3811,17.76,10246124
B0997,358,3/12/2015 10:30,14.3785,19.662,10246124
B0997,359,3/12/2015 11:00,14.3754,21.473,10246124
B0997,360,3/12/2015 11:30,14.3731,22.142,10246124
B0997,361,3/12/2015 12:00,14.3683,21.473,10246124
B0997,362,3/12/2015 12:30,14.3653,22.621,10246124
B0997,363,3/12/2015 13:00,14.3605,23.292,10246124
B0997,364,3/12/2015 13:30,14.3573,21.76,10246124
B0997,365,3/12/2015 14:00,14.3544,20.996,10246124
B0997,366,3/12/2015 14:30,14.3524,21.76,10246124
B0997,367,3/12/2015 15:00,14.3551,21.187,10246124
B0997,368,3/12/2015 15:30,14.3537,20.805,10246124
B0997,369,3/12/2015 16:00,14.3564,20.234,10246124
B0997,370,3/12/2015 16:30,14.3592,19.662,10246124
B0997,371,3/12/2015 17:00,14.3577,19.282,10246124
B0997,372,3/12/2015 17:30,14.3608,18.806,10246124
B0997,373,3/12/2015 18:00,14.368,18.14,10246124
B0997,374,3/12/2015 18:30,14.3705,17.475,10246124
B0997,375,3/12/2015 19:00,14.3756,16.903,10246124
B0997,376,3/12/2015 19:30,14.378,16.237,10246124
B0997,377,3/12/2015 20:00,14.3803,15.569,10246124
B0997,378,3/12/2015 20:30,14.3835,15.091,10246124
B0997,379,3/12/2015 21:00,14.3931,15.091,10246124
B0997,380,3/12/2015 21:30,14.3931,15.091,10246124
B0997,381,3/12/2015 22:00,14.3921,15.473,10246124
B0997,382,3/12/2015 22:30,14.3956,15.091,10246124
B0997,383,3/12/2015 23:00,14.4007,14.517,10246124
B0997,384,3/12/2015 23:30,14.3993,14.134,10246124
B0997,385,3/13/2015 0:00,14.3979,13.75,10246124
B0997,386,3/13/2015 0:30,14.3946,13.461,10246124
B0997,387,3/13/2015 1:00,14.3931,13.076,10246124
B0997,388,3/13/2015 1:30,14.3993,12.787,10246124
B0997,389,3/13/2015 2:00,14.3931,12.401,10246124
B0997,390,3/13/2015 2:30,14.3924,12.207,10246124
B0997,391,3/13/2015 3:00,14.389,11.916,10246124
B0997,392,3/13/2015 3:30,14.3835,11.722,10246124
B0997,393,3/13/2015 4:00,14.3831,11.625,10246124
B0997,394,3/13/2015 4:30,14.3869,11.334,10246124
B0997,395,3/13/2015 5:00,14.3962,10.553,10246124
B0997,396,3/13/2015 5:30,14.3959,9.768,10246124
B0997,397,3/13/2015 6:00,14.3972,8.779,10246124
B0997,398,3/13/2015 6:30,14.3985,8.481,10246124
B0997,399,3/13/2015 7:00,14.3957,8.382,10246124
B0997,400,3/13/2015 7:30,14.4034,8.481,10246124
B0997,401,3/13/2015 8:00,14.4062,8.581,10246124
B0997,402,3/13/2015 8:30,14.4078,8.382,10246124
B0997,403,3/13/2015 9:00,14.413,8.481,10246124
B0997,404,3/13/2015 9:30,14.4112,8.68,10246124
B0997,405,3/13/2015 10:00,14.4109,8.581,10246124
B0997,406,3/13/2015 10:30,14.4112,9.373,10246124
B0997,407,3/13/2015 11:00,14.4075,10.357,10246124
B0997,408,3/13/2015 11:30,14.4034,9.866,10246124
B0997,409,3/13/2015 12:00,14.3972,9.472,10246124
B0997,410,3/13/2015 12:30,14.3934,10.455,10246124
B0997,411,3/13/2015 13:00,14.3793,9.866,10246124
B0997,412,3/13/2015 13:30,14.3728,9.373,10246124
B0997,413,3/13/2015 14:00,14.366,8.779,10246124
B0997,414,3/13/2015 14:30,14.3656,7.983,10246124
B0997,415,3/13/2015 15:00,14.3641,6.166,10246124
B0997,416,3/13/2015 15:30,14.3558,5.86,10246124
B0997,417,3/13/2015 16:00,14.349,5.962,10246124
B0997,418,3/13/2015 16:30,14.3425,6.166,10246124
B0997,419,3/13/2015 17:00,14.3432,6.37,10246124
B0997,420,3/13/2015 17:30,14.3425,6.166,10246124
B0997,421,3/13/2015 18:00,14.349,5.962,10246124
B0997,422,3/13/2015 18:30,14.3493,6.064,10246124
B0997,423,3/13/2015 19:00,14.3448,6.166,10246124
B0997,424,3/13/2015 19:30,14.3428,6.268,10246124
B0997,425,3/13/2015 20:00,14.3435,6.471,10246124
B0997,426,3/13/2015 20:30,14.339,6.573,10246124
B0997,427,3/13/2015 21:00,14.337,6.674,10246124
B0997,428,3/13/2015 21:30,14.3347,6.674,10246124
B0997,429,3/13/2015 22:00,14.3281,6.877,10246124
B0997,430,3/13/2015 22:30,14.3233,6.877,10246124
B0997,431,3/13/2015 23:00,14.3178,6.674,10246124
B0997,432,3/13/2015 23:30,14.3154,6.674,10246124
B0997,433,3/14/2015 0:00,14.2993,6.877,10246124
B0997,434,3/14/2015 0:30,14.2975,7.079,10246124
B0997,435,3/14/2015 1:00,14.293,7.179,10246124
B0997,436,3/14/2015 1:30,14.2935,7.28,10246124
B0997,437,3/14/2015 2:00,14.2862,7.28,10246124
B0997,438,3/14/2015 2:30,14.2787,7.179,10246124
B0997,439,3/14/2015 3:00,14.2671,7.28,10246124
B0997,440,3/14/2015 3:30,14.2626,7.381,10246124
B0997,441,3/14/2015 4:00,14.2553,7.381,10246124
B0997,442,3/14/2015 4:30,14.2533,7.481,10246124
B0997,443,3/14/2015 5:00,14.2513,7.582,10246124
B0997,444,3/14/2015 5:30,14.2516,7.682,10246124
B0997,445,3/14/2015 6:00,14.2471,7.782,10246124
B0997,446,3/14/2015 6:30,14.2447,7.782,10246124
B0997,447,3/14/2015 7:00,14.24,7.782,10246124
B0997,448,3/14/2015 7:30,14.2375,7.782,10246124
B0997,449,3/14/2015 8:00,14.2379,7.882,10246124
B0997,450,3/14/2015 8:30,14.2365,8.182,10246124
B0997,451,3/14/2015 9:00,14.231,8.68,10246124
B0997,452,3/14/2015 9:30,14.2299,9.077,10246124
B0997,453,3/14/2015 10:00,14.2302,9.866,10246124
B0997,454,3/14/2015 10:30,14.2196,10.259,10246124
B0997,455,3/14/2015 11:00,14.2127,11.041,10246124
B0997,456,3/14/2015 11:30,14.2076,12.304,10246124
B0997,457,3/14/2015 12:00,14.1906,14.996,10246124
B0997,458,3/14/2015 12:30,14.1857,14.996,10246124
B0997,459,3/14/2015 13:00,14.1741,15.76,10246124
B0997,460,3/14/2015 13:30,14.1664,16.332,10246124
B0997,461,3/14/2015 14:00,14.1599,18.521,10246124
B0997,462,3/14/2015 14:30,14.1557,20.043,10246124
B0997,463,3/14/2015 15:00,14.1512,21.473,10246124
B0997,464,3/14/2015 15:30,14.1492,21.569,10246124
B0997,465,3/14/2015 16:00,14.1399,21.664,10246124
B0997,466,3/14/2015 16:30,14.1389,21.378,10246124
B0997,467,3/14/2015 17:00,14.1434,19.948,10246124
B0997,468,3/14/2015 17:30,14.1489,19.472,10246124
B0997,469,3/14/2015 18:00,14.1484,18.711,10246124
B0997,470,3/14/2015 18:30,14.1502,17.855,10246124
B0997,471,3/14/2015 19:00,14.1561,16.141,10246124
B0997,472,3/14/2015 19:30,14.1603,14.613,10246124
B0997,473,3/14/2015 20:00,14.1663,13.558,10246124
B0997,474,3/14/2015 20:30,14.1745,13.173,10246124
B0997,475,3/14/2015 21:00,14.1803,12.787,10246124
B0997,476,3/14/2015 21:30,14.1808,12.883,10246124
B0997,477,3/14/2015 22:00,14.1831,12.207,10246124
B0997,478,3/14/2015 22:30,14.1805,11.431,10246124
B0997,479,3/14/2015 23:00,14.183,10.748,10246124
B0997,480,3/14/2015 23:30,14.1853,10.748,10246124
B0997,481,3/15/2015 0:00,14.1845,11.236,10246124
B0997,482,3/15/2015 0:30,14.1805,12.11,10246124
B0997,483,3/15/2015 1:00,14.1845,11.916,10246124
B0997,484,3/15/2015 1:30,14.1834,13.654,10246124
B0997,485,3/15/2015 2:00,14.1851,14.134,10246124
B0997,486,3/15/2015 2:30,14.1914,14.517,10246124
B0997,487,3/15/2015 3:00,14.1947,14.134,10246124
B0997,488,3/15/2015 3:30,14.194,14.613,10246124
B0997,489,3/15/2015 4:00,14.203,14.421,10246124
B0997,490,3/15/2015 4:30,14.2137,14.038,10246124
B0997,491,3/15/2015 5:00,14.222,13.654,10246124
B0997,492,3/15/2015 5:30,14.2275,13.173,10246124
B0997,493,3/15/2015 6:00,14.2336,12.883,10246124
B0997,494,3/15/2015 6:30,14.2408,12.883,10246124
B0997,495,3/15/2015 7:00,14.245,12.69,10246124
B0997,496,3/15/2015 7:30,14.2501,12.787,10246124
B0997,497,3/15/2015 8:00,14.2553,12.883,10246124
B0997,498,3/15/2015 8:30,14.2587,13.846,10246124
B0997,499,3/15/2015 9:00,14.2642,14.709,10246124
B0997,500,3/15/2015 9:30,14.2607,15.76,10246124
B0997,501,3/15/2015 10:00,14.262,18.14,10246124
B0997,502,3/15/2015 10:30,14.2652,18.331,10246124
B0997,503,3/15/2015 11:00,14.263,17.76,10246124
B0997,504,3/15/2015 11:30,14.2642,18.711,10246124
B0997,505,3/15/2015 12:00,14.2597,20.805,10246124
B0997,506,3/15/2015 12:30,14.2536,22.429,10246124
B0997,507,3/15/2015 13:00,14.2446,25.222,10246124
B0997,508,3/15/2015 13:30,14.2372,23.869,10246124
B0997,509,3/15/2015 14:00,14.235,25.222,10246124
B0997,510,3/15/2015 14:30,14.2346,25.125,10246124
B0997,511,3/15/2015 15:00,14.2326,26.488,10246124
B0997,512,3/15/2015 15:30,14.2328,26.585,10246124
B0997,513,3/15/2015 16:00,14.2291,26.879,10246124
B0997,514,3/15/2015 16:30,14.2282,26,10246124
B0997,515,3/15/2015 17:00,14.2279,23.966,10246124
B0997,516,3/15/2015 17:30,14.2327,23.292,10246124
B0997,517,3/15/2015 18:00,14.2359,20.901,10246124
B0997,518,3/15/2015 18:30,14.2424,18.711,10246124
B0997,519,3/15/2015 19:00,14.2459,17.665,10246124
B0997,520,3/15/2015 19:30,14.2531,16.332,10246124
B0997,521,3/15/2015 20:00,14.2617,14.038,10246124
B0997,522,3/15/2015 20:30,14.2632,13.076,10246124
B0997,523,3/15/2015 21:00,14.2642,12.69,10246124
B0997,524,3/15/2015 21:30,14.2677,12.304,10246124
B0997,525,3/15/2015 22:00,14.2626,10.846,10246124
B0997,526,3/15/2015 22:30,14.2633,9.669,10246124
B0997,527,3/15/2015 23:00,14.2595,9.275,10246124
B0997,528,3/15/2015 23:30,14.2605,9.571,10246124
B0997,529,3/16/2015 0:00,14.2578,9.472,10246124
B0997,530,3/16/2015 0:30,14.2581,9.571,10246124
B0997,531,3/16/2015 1:00,14.2568,9.866,10246124
B0997,532,3/16/2015 1:30,14.2584,11.041,10246124
B0997,533,3/16/2015 2:00,14.2581,10.944,10246124
B0997,534,3/16/2015 2:30,14.2578,10.161,10246124
B0997,535,3/16/2015 3:00,14.256,11.041,10246124
B0997,536,3/16/2015 3:30,14.2511,12.401,10246124
B0997,537,3/16/2015 4:00,14.2513,11.041,10246124
B0997,538,3/16/2015 4:30,14.255,9.373,10246124
B0997,539,3/16/2015 5:00,14.2585,9.669,10246124
B0997,540,3/16/2015 5:30,14.2619,12.013,10246124
B0997,541,3/16/2015 6:00,14.2558,9.571,10246124
B0997,542,3/16/2015 6:30,14.2513,7.582,10246124
B0997,543,3/16/2015 7:00,14.2566,6.37,10246124
B0997,544,3/16/2015 7:30,14.2591,7.079,10246124
B0997,545,3/16/2015 8:00,14.2585,9.669,10246124
B0997,546,3/16/2015 8:30,14.2617,14.709,10246124
B0997,547,3/16/2015 9:00,14.2597,17.475,10246124
B0997,548,3/16/2015 9:30,14.2603,18.996,10246124
B0997,549,3/16/2015 10:00,14.2559,21.76,10246124
B0997,550,3/16/2015 10:30,14.2566,24.545,10246124
B0997,551,3/16/2015 11:00,14.2524,26,10246124
B0997,552,3/16/2015 11:30,14.2446,26.488,10246124
B0997,553,3/16/2015 12:00,14.2423,25.222,10246124
B0997,554,3/16/2015 12:30,14.2376,26.585,10246124
B0997,555,3/16/2015 13:00,14.231,28.655,10246124
B0997,556,3/16/2015 13:30,14.2225,28.953,10246124
B0997,557,3/16/2015 14:00,14.216,29.152,10246124
B0997,558,3/16/2015 14:30,14.2072,28.754,10246124
B0997,559,3/16/2015 15:00,14.2005,30.154,10246124
B0997,560,3/16/2015 15:30,14.1983,30.862,10246124
B0997,561,3/16/2015 16:00,14.1899,30.558,10246124
B0997,562,3/16/2015 16:30,14.1815,30.255,10246124
B0997,563,3/16/2015 17:00,14.1744,28.357,10246124
B0997,564,3/16/2015 17:30,14.1731,27.37,10246124
B0997,565,3/16/2015 18:00,14.1709,25.513,10246124
B0997,566,3/16/2015 18:30,14.1712,20.996,10246124
B0997,567,3/16/2015 19:00,14.1729,17.475,10246124
B0997,568,3/16/2015 19:30,14.1734,15.569,10246124
B0997,569,3/16/2015 20:00,14.1756,14.134,10246124
B0997,570,3/16/2015 20:30,14.1758,12.883,10246124
B0997,571,3/16/2015 21:00,14.1722,11.819,10246124
B0997,572,3/16/2015 21:30,14.1737,10.846,10246124
B0997,573,3/16/2015 22:00,14.1732,10.063,10246124
B0997,574,3/16/2015 22:30,14.1734,9.373,10246124
B0997,575,3/16/2015 23:00,14.1709,8.68,10246124
B0997,576,3/16/2015 23:30,14.1666,8.082,10246124
B0997,577,3/17/2015 0:00,14.1671,7.582,10246124
B0997,578,3/17/2015 0:30,14.1654,7.079,10246124
B0997,579,3/17/2015 1:00,14.1616,6.674,10246124
B0997,580,3/17/2015 1:30,14.1606,6.37,10246124
B0997,581,3/17/2015 2:00,14.1548,6.064,10246124
B0997,582,3/17/2015 2:30,14.1503,5.45,10246124
B0997,583,3/17/2015 3:00,14.1493,5.141,10246124
B0997,584,3/17/2015 3:30,14.1418,5.037,10246124
B0997,585,3/17/2015 4:00,14.1302,5.141,10246124
B0997,586,3/17/2015 4:30,14.1302,5.141,10246124
B0997,587,3/17/2015 5:00,14.1297,5.757,10246124
B0997,588,3/17/2015 5:30,14.1313,12.497,10246124
B0997,589,3/17/2015 6:00,14.131,16.523,10246124
B0997,590,3/17/2015 6:30,14.1262,17.189,10246124
B0997,591,3/17/2015 7:00,14.1241,17.95,10246124
B0997,592,3/17/2015 7:30,14.1248,18.14,10246124
B0997,593,3/17/2015 8:00,14.123,18.996,10246124
B0997,594,3/17/2015 8:30,14.1206,20.329,10246124
B0997,595,3/17/2015 9:00,14.1233,21.76,10246124
B0997,596,3/17/2015 9:30,14.1254,24.931,10246124
B0997,597,3/17/2015 10:00,14.1222,24.062,10246124
B0997,598,3/17/2015 10:30,14.1162,26.39,10246124
B0997,599,3/17/2015 11:00,14.1164,27.075,10246124
B0997,600,3/17/2015 11:30,14.1171,27.272,10246124
B0997,601,3/17/2015 12:00,14.1136,26.977,10246124
B0997,602,3/17/2015 12:30,14.12,27.37,10246124
B0997,603,3/17/2015 13:00,14.1139,28.357,10246124
B0997,604,3/17/2015 13:30,14.1046,28.456,10246124
B0997,605,3/17/2015 14:00,14.0997,29.053,10246124
B0997,606,3/17/2015 14:30,14.1017,28.953,10246124
B0997,607,3/17/2015 15:00,14.1058,28.754,10246124
B0997,608,3/17/2015 15:30,14.1104,29.352,10246124
B0997,609,3/17/2015 16:00,14.1129,28.06,10246124
B0997,610,3/17/2015 16:30,14.1113,26.977,10246124
B0997,611,3/17/2015 17:00,14.1099,25.319,10246124
B0997,612,3/17/2015 17:30,14.1229,24.255,10246124
B0997,613,3/17/2015 18:00,14.1338,23.292,10246124
B0997,614,3/17/2015 18:30,14.1409,21.951,10246124
B0997,615,3/17/2015 19:00,14.1492,20.901,10246124
B0997,616,3/17/2015 19:30,14.1574,19.853,10246124
B0997,617,3/17/2015 20:00,14.1677,19.377,10246124
B0997,618,3/17/2015 20:30,14.1705,18.806,10246124
B0997,619,3/17/2015 21:00,14.1725,18.711,10246124
B0997,620,3/17/2015 21:30,14.176,18.331,10246124
B0997,621,3/17/2015 22:00,14.1822,18.045,10246124
B0997,622,3/17/2015 22:30,14.1853,17.57,10246124
B0997,623,3/17/2015 23:00,14.1864,17.189,10246124
B0997,624,3/17/2015 23:30,14.1898,16.141,10246124
B0997,625,3/18/2015 0:00,14.1915,15.951,10246124
B0997,626,3/18/2015 0:30,14.1864,15.855,10246124
B0997,627,3/18/2015 1:00,14.1861,15.091,10246124
B0997,628,3/18/2015 1:30,14.1874,14.804,10246124
B0997,629,3/18/2015 2:00,14.1927,14.23,10246124
B0997,630,3/18/2015 2:30,14.1927,13.558,10246124
B0997,631,3/18/2015 3:00,14.1934,13.076,10246124
B0997,632,3/18/2015 3:30,14.1948,12.787,10246124
B0997,633,3/18/2015 4:00,14.2006,12.401,10246124
B0997,634,3/18/2015 4:30,14.2072,12.207,10246124
B0997,635,3/18/2015 5:00,14.2151,11.722,10246124
B0997,636,3/18/2015 5:30,14.2169,11.528,10246124
B0997,637,3/18/2015 6:00,14.2207,11.236,10246124
B0997,638,3/18/2015 6:30,14.2302,10.553,10246124
B0997,639,3/18/2015 7:00,14.2405,10.063,10246124
B0997,640,3/18/2015 7:30,14.2465,10.357,10246124
B0997,641,3/18/2015 8:00,14.2543,11.236,10246124
B0997,642,3/18/2015 8:30,14.2632,12.401,10246124
B0997,643,3/18/2015 9:00,14.2646,13.461,10246124
B0997,644,3/18/2015 9:30,14.2655,15.091,10246124
B0997,645,3/18/2015 10:00,14.2634,15.187,10246124
B0997,646,3/18/2015 10:30,14.2621,14.804,10246124
B0997,647,3/18/2015 11:00,14.2614,15.951,10246124
B0997,648,3/18/2015 11:30,14.2569,16.046,10246124
B0997,649,3/18/2015 12:00,14.2552,18.236,10246124
B0997,650,3/18/2015 12:30,14.2517,17.284,10246124
B0997,651,3/18/2015 13:00,14.2479,18.236,10246124
B0997,652,3/18/2015 13:30,14.2434,18.331,10246124
B0997,653,3/18/2015 14:00,14.2339,18.996,10246124
B0997,654,3/18/2015 14:30,14.2307,17.475,10246124
B0997,655,3/18/2015 15:00,14.2286,16.903,10246124
B0997,656,3/18/2015 15:30,14.2211,16.808,10246124
B0997,657,3/18/2015 16:00,14.2228,17.284,10246124
B0997,658,3/18/2015 16:30,14.2191,16.903,10246124
B0997,659,3/18/2015 17:00,14.2176,16.523,10246124
B0997,660,3/18/2015 17:30,14.2205,15.951,10246124
B0997,661,3/18/2015 18:00,14.2283,15.473,10246124
B0997,662,3/18/2015 18:30,14.2311,14.9,10246124
B0997,663,3/18/2015 19:00,14.2315,13.654,10246124
B0997,664,3/18/2015 19:30,14.2385,12.883,10246124
B0997,665,3/18/2015 20:00,14.2392,12.401,10246124
B0997,666,3/18/2015 20:30,14.242,11.819,10246124
B0997,667,3/18/2015 21:00,14.2478,11.431,10246124
B0997,668,3/18/2015 21:30,14.2518,11.236,10246124
B0997,669,3/18/2015 22:00,14.246,10.944,10246124
B0997,670,3/18/2015 22:30,14.245,10.651,10246124
B0997,671,3/18/2015 23:00,14.244,10.357,10246124
B0997,672,3/18/2015 23:30,14.2478,10.063,10246124
B0997,673,3/19/2015 0:00,14.2498,9.965,10246124
B0997,674,3/19/2015 0:30,14.2468,9.768,10246124
B0997,675,3/19/2015 1:00,14.2488,9.669,10246124
B0997,676,3/19/2015 1:30,14.251,9.571,10246124
B0997,677,3/19/2015 2:00,14.2502,9.373,10246124
B0997,678,3/19/2015 2:30,14.2495,9.176,10246124
B0997,679,3/19/2015 3:00,14.244,8.978,10246124
B0997,680,3/19/2015 3:30,14.244,8.978,10246124
B0997,681,3/19/2015 4:00,14.2444,9.077,10246124
B0997,682,3/19/2015 4:30,14.2502,8.68,10246124
B0997,683,3/19/2015 5:00,14.2543,7.782,10246124
B0997,684,3/19/2015 5:30,14.2588,7.682,10246124
B0997,685,3/19/2015 6:00,14.2677,7.481,10246124
B0997,686,3/19/2015 6:30,14.2674,7.381,10246124
B0997,687,3/19/2015 7:00,14.2739,7.179,10246124
B0997,688,3/19/2015 7:30,14.2653,6.775,10246124
B0997,689,3/19/2015 8:00,14.2697,6.674,10246124
B0997,690,3/19/2015 8:30,14.2732,6.978,10246124
B0997,691,3/19/2015 9:00,14.2811,7.179,10246124
B0997,692,3/19/2015 9:30,14.2914,7.381,10246124
B0997,693,3/19/2015 10:00,14.2935,7.28,10246124
B0997,694,3/19/2015 10:30,14.298,7.179,10246124
B0997,695,3/19/2015 11:00,14.2938,7.381,10246124
B0997,696,3/19/2015 11:30,14.2904,7.782,10246124
B0997,697,3/19/2015 12:00,14.2917,8.182,10246124
B0997,698,3/19/2015 12:30,14.288,8.481,10246124
B0997,699,3/19/2015 13:00,14.2824,8.978,10246124
B0997,700,3/19/2015 13:30,14.2766,9.373,10246124
B0997,701,3/19/2015 14:00,14.2726,9.571,10246124
B0997,702,3/19/2015 14:30,14.2653,9.571,10246124
B0997,703,3/19/2015 15:00,14.2666,9.275,10246124
B0997,704,3/19/2015 15:30,14.2663,8.481,10246124
B0997,705,3/19/2015 16:00,14.2646,7.983,10246124
B0997,706,3/19/2015 16:30,14.2616,7.782,10246124
B0997,707,3/19/2015 17:00,14.256,7.582,10246124
B0997,708,3/19/2015 17:30,14.2574,7.28,10246124
B0997,709,3/19/2015 18:00,14.2588,6.978,10246124
B0997,710,3/19/2015 18:30,14.2578,6.674,10246124
B0997,711,3/19/2015 19:00,14.2663,6.37,10246124
B0997,712,3/19/2015 19:30,14.2679,6.166,10246124
B0997,713,3/19/2015 20:00,14.2701,6.064,10246124
B0997,714,3/19/2015 20:30,14.2745,5.962,10246124
B0997,715,3/19/2015 21:00,14.2762,5.757,10246124
B0997,716,3/19/2015 21:30,14.283,5.655,10246124
B0997,717,3/19/2015 22:00,14.278,5.552,10246124
B0997,718,3/19/2015 22:30,14.2735,5.655,10246124
B0997,719,3/19/2015 23:00,14.2711,5.655,10246124
B0997,720,3/19/2015 23:30,14.2662,5.655,10246124
B0997,721,3/20/2015 0:00,14.2619,5.757,10246124
B0997,722,3/20/2015 0:30,14.2594,5.757,10246124
B0997,723,3/20/2015 1:00,14.2571,5.757,10246124
B0997,724,3/20/2015 1:30,14.2553,5.962,10246124
B0997,725,3/20/2015 2:00,14.2556,6.064,10246124
B0997,726,3/20/2015 2:30,14.246,6.064,10246124
B0997,727,3/20/2015 3:00,14.2413,6.064,10246124
B0997,728,3/20/2015 3:30,14.2392,6.166,10246124
B0997,729,3/20/2015 4:00,14.2344,6.166,10246124
B0997,730,3/20/2015 4:30,14.2344,6.166,10246124
B0997,731,3/20/2015 5:00,14.2317,6.064,10246124
B0997,732,3/20/2015 5:30,14.234,6.064,10246124
B0997,733,3/20/2015 6:00,14.2365,6.064,10246124
B0997,734,3/20/2015 6:30,14.2365,6.064,10246124
B0997,735,3/20/2015 7:00,14.2317,6.064,10246124
B0997,736,3/20/2015 7:30,14.2317,6.064,10246124
B0997,737,3/20/2015 8:00,14.2368,6.166,10246124
B0997,738,3/20/2015 8:30,14.2375,6.37,10246124
B0997,739,3/20/2015 9:00,14.2362,6.674,10246124
B0997,740,3/20/2015 9:30,14.2355,7.179,10246124
B0997,741,3/20/2015 10:00,14.2341,7.481,10246124
B0997,742,3/20/2015 10:30,14.2314,8.082,10246124
B0997,743,3/20/2015 11:00,14.2352,8.481,10246124
B0997,744,3/20/2015 11:30,14.2279,9.866,10246124
B0997,745,3/20/2015 12:00,14.223,12.594,10246124
B0997,746,3/20/2015 12:30,14.215,15.091,10246124
B0997,747,3/20/2015 13:00,14.2101,16.427,10246124
B0997,748,3/20/2015 13:30,14.203,16.427,10246124
B0997,749,3/20/2015 14:00,14.1953,16.999,10246124
B0997,750,3/20/2015 14:30,14.2008,17.855,10246124
B0997,751,3/20/2015 15:00,14.1973,17.57,10246124
B0997,752,3/20/2015 15:30,14.194,16.618,10246124
B0997,753,3/20/2015 16:00,14.1947,16.808,10246124
B0997,754,3/20/2015 16:30,14.1895,16.713,10246124
B0997,755,3/20/2015 17:00,14.1853,16.903,10246124
B0997,756,3/20/2015 17:30,14.1885,16.427,10246124
B0997,757,3/20/2015 18:00,14.1888,15.855,10246124
B0997,758,3/20/2015 18:30,14.1975,14.9,10246124
B0997,759,3/20/2015 19:00,14.1972,13.461,10246124
B0997,760,3/20/2015 19:30,14.1986,12.497,10246124
B0997,761,3/20/2015 20:00,14.2001,11.528,10246124
B0997,762,3/20/2015 20:30,14.2041,10.651,10246124
B0997,763,3/20/2015 21:00,14.2091,9.965,10246124
B0997,764,3/20/2015 21:30,14.2025,9.472,10246124
B0997,765,3/20/2015 22:00,14.2108,9.077,10246124
B0997,766,3/20/2015 22:30,14.2118,8.68,10246124
B0997,767,3/20/2015 23:00,14.2104,8.282,10246124
B0997,768,3/20/2015 23:30,14.2138,7.882,10246124
B0997,769,3/21/2015 0:00,14.2149,7.481,10246124
B0997,770,3/21/2015 0:30,14.2108,6.978,10246124
B0997,771,3/21/2015 1:00,14.2141,6.573,10246124
B0997,772,3/21/2015 1:30,14.2151,6.166,10246124
B0997,773,3/21/2015 2:00,14.2117,5.86,10246124
B0997,774,3/21/2015 2:30,14.2154,5.552,10246124
B0997,775,3/21/2015 3:00,14.2093,5.141,10246124
B0997,776,3/21/2015 3:30,14.2041,5.037,10246124
B0997,777,3/21/2015 4:00,14.2054,4.727,10246124
B0997,778,3/21/2015 4:30,14.2049,4.519,10246124
B0997,779,3/21/2015 5:00,14.2117,4.415,10246124
B0997,780,3/21/2015 5:30,14.2167,4.519,10246124
B0997,781,3/21/2015 6:00,14.227,4.727,10246124
B0997,782,3/21/2015 6:30,14.2347,6.268,10246124
B0997,783,3/21/2015 7:00,14.2341,7.481,10246124
B0997,784,3/21/2015 7:30,14.2357,7.983,10246124
B0997,785,3/21/2015 8:00,14.24,9.866,10246124
B0997,786,3/21/2015 8:30,14.2413,12.98,10246124
B0997,787,3/21/2015 9:00,14.2394,15.187,10246124
B0997,788,3/21/2015 9:30,14.2452,18.806,10246124
B0997,789,3/21/2015 10:00,14.2417,19.187,10246124
B0997,790,3/21/2015 10:30,14.2439,20.424,10246124
B0997,791,3/21/2015 11:00,14.2434,23.581,10246124
B0997,792,3/21/2015 11:30,14.235,22.621,10246124
B0997,793,3/21/2015 12:00,14.2265,22.908,10246124
B0997,794,3/21/2015 12:30,14.2249,23.773,10246124
B0997,795,3/21/2015 13:00,14.2167,25.513,10246124
B0997,796,3/21/2015 13:30,14.212,25.513,10246124
B0997,797,3/21/2015 14:00,14.2015,26.585,10246124
B0997,798,3/21/2015 14:30,14.1953,26.879,10246124
B0997,799,3/21/2015 15:00,14.1837,26.977,10246124
B0997,800,3/21/2015 15:30,14.1889,28.357,10246124
B0997,801,3/21/2015 16:00,14.1835,26.292,10246124
B0997,802,3/21/2015 16:30,14.1832,24.931,10246124
B0997,803,3/21/2015 17:00,14.1848,23.388,10246124
B0997,804,3/21/2015 17:30,14.1867,22.621,10246124
B0997,805,3/21/2015 18:00,14.1908,21.091,10246124
B0997,806,3/21/2015 18:30,14.1922,18.806,10246124
B0997,807,3/21/2015 19:00,14.1963,16.618,10246124
B0997,808,3/21/2015 19:30,14.2012,15.282,10246124
B0997,809,3/21/2015 20:00,14.2082,14.517,10246124
B0997,810,3/21/2015 20:30,14.2067,14.134,10246124
B0997,811,3/21/2015 21:00,14.2037,14.613,10246124
B0997,812,3/21/2015 21:30,14.208,15.855,10246124
B0997,813,3/21/2015 22:00,14.204,16.713,10246124
B0997,814,3/21/2015 22:30,14.2022,17.57,10246124
B0997,815,3/21/2015 23:00,14.2043,16.808,10246124
B0997,816,3/21/2015 23:30,14.2067,16.141,10246124
B0997,817,3/22/2015 0:00,14.208,15.855,10246124
B0997,818,3/22/2015 0:30,14.2037,14.613,10246124
B0997,819,3/22/2015 1:00,14.2064,14.038,10246124
B0997,820,3/22/2015 1:30,14.2057,13.846,10246124
B0997,821,3/22/2015 2:00,14.2009,13.846,10246124
B0997,822,3/22/2015 2:30,14.2034,13.846,10246124
B0997,823,3/22/2015 3:00,14.2009,13.846,10246124
B0997,824,3/22/2015 3:30,14.1972,13.461,10246124
B0997,825,3/22/2015 4:00,14.1934,13.076,10246124
B0997,826,3/22/2015 4:30,14.1951,12.883,10246124
B0997,827,3/22/2015 5:00,14.2002,14.325,10246124
B0997,828,3/22/2015 5:30,14.2005,15.091,10246124
B0997,829,3/22/2015 6:00,14.1961,14.517,10246124
B0997,830,3/22/2015 6:30,14.2034,13.173,10246124
B0997,831,3/22/2015 7:00,14.2062,12.594,10246124
B0997,832,3/22/2015 7:30,14.2062,12.594,10246124
B0997,833,3/22/2015 8:00,14.2124,12.98,10246124
B0997,834,3/22/2015 8:30,14.2122,14.325,10246124
B0997,835,3/22/2015 9:00,14.2183,16.713,10246124
B0997,836,3/22/2015 9:30,14.2146,17.665,10246124
B0997,837,3/22/2015 10:00,14.2166,18.236,10246124
B0997,838,3/22/2015 10:30,14.2211,18.806,10246124
B0997,839,3/22/2015 11:00,14.2153,19.187,10246124
B0997,840,3/22/2015 11:30,14.2111,19.377,10246124
B0997,841,3/22/2015 12:00,14.2015,21.378,10246124
B0997,842,3/22/2015 12:30,14.1944,22.717,10246124
B0997,843,3/22/2015 13:00,14.1889,22.525,10246124
B0997,844,3/22/2015 13:30,14.1854,22.908,10246124
B0997,845,3/22/2015 14:00,14.1874,20.805,10246124
B0997,846,3/22/2015 14:30,14.1798,19.377,10246124
B0997,847,3/22/2015 15:00,14.1715,18.426,10246124
B0997,848,3/22/2015 15:30,14.1715,17.76,10246124
B0997,849,3/22/2015 16:00,14.1712,17.665,10246124
B0997,850,3/22/2015 16:30,14.1722,17.284,10246124
B0997,851,3/22/2015 17:00,14.1677,17.379,10246124
B0997,852,3/22/2015 17:30,14.1732,16.903,10246124
B0997,853,3/22/2015 18:00,14.1716,16.427,10246124
B0997,854,3/22/2015 18:30,14.1702,16.046,10246124
B0997,855,3/22/2015 19:00,14.1638,15.569,10246124
B0997,856,3/22/2015 19:30,14.1713,14.996,10246124
B0997,857,3/22/2015 20:00,14.1713,14.325,10246124
B0997,858,3/22/2015 20:30,14.18,13.365,10246124
B0997,859,3/22/2015 21:00,14.1908,12.304,10246124
B0997,860,3/22/2015 21:30,14.1983,11.722,10246124
B0997,861,3/22/2015 22:00,14.2011,11.139,10246124
B0997,862,3/22/2015 22:30,14.198,10.944,10246124
B0997,863,3/22/2015 23:00,14.1956,10.944,10246124
B0997,864,3/22/2015 23:30,14.1932,10.944,10246124
B0997,865,3/23/2015 0:00,14.188,10.846,10246124
B0997,866,3/23/2015 0:30,14.1853,10.748,10246124
B0997,867,3/23/2015 1:00,14.1802,10.651,10246124
B0997,868,3/23/2015 1:30,14.175,10.553,10246124
B0997,869,3/23/2015 2:00,14.1722,10.455,10246124
B0997,870,3/23/2015 2:30,14.1647,10.357,10246124
B0997,871,3/23/2015 3:00,14.1548,10.259,10246124
B0997,872,3/23/2015 3:30,14.1568,10.161,10246124
B0997,873,3/23/2015 4:00,14.1637,10.063,10246124
B0997,874,3/23/2015 4:30,14.1671,10.357,10246124
B0997,875,3/23/2015 5:00,14.1671,10.357,10246124
B0997,876,3/23/2015 5:30,14.1692,10.259,10246124
B0997,877,3/23/2015 6:00,14.1782,10.063,10246124
B0997,878,3/23/2015 6:30,14.1822,9.866,10246124
B0997,879,3/23/2015 7:00,14.189,9.768,10246124
B0997,880,3/23/2015 7:30,14.1908,10.259,10246124
B0997,881,3/23/2015 8:00,14.1953,11.528,10246124
B0997,882,3/23/2015 8:30,14.2051,12.98,10246124
B0997,883,3/23/2015 9:00,14.2098,14.996,10246124
B0997,884,3/23/2015 9:30,14.2156,17.284,10246124
B0997,885,3/23/2015 10:00,14.218,17.95,10246124
B0997,886,3/23/2015 10:30,14.2214,18.236,10246124
B0997,887,3/23/2015 11:00,14.2228,18.616,10246124
B0997,888,3/23/2015 11:30,14.2211,18.806,10246124
B0997,889,3/23/2015 12:00,14.2169,19.662,10246124
B0997,890,3/23/2015 12:30,14.2201,19.853,10246124
B0997,891,3/23/2015 13:00,14.2166,19.567,10246124
B0997,892,3/23/2015 13:30,14.2108,18.616,10246124
B0997,893,3/23/2015 14:00,14.2046,20.234,10246124
B0997,894,3/23/2015 14:30,14.2005,20.424,10246124
B0997,895,3/23/2015 15:00,14.194,21.951,10246124
B0997,896,3/23/2015 15:30,14.1972,23.484,10246124
B0997,897,3/23/2015 16:00,14.1864,21.855,10246124
B0997,898,3/23/2015 16:30,14.1901,20.234,10246124
B0997,899,3/23/2015 17:00,14.1905,19.662,10246124
B0997,900,3/23/2015 17:30,14.1898,18.806,10246124
B0997,901,3/23/2015 18:00,14.1915,17.95,10246124
B0997,902,3/23/2015 18:30,14.1992,16.046,10246124
B0997,903,3/23/2015 19:00,14.2037,13.942,10246124
B0997,904,3/23/2015 19:30,14.2059,12.497,10246124
B0997,905,3/23/2015 20:00,14.2093,11.431,10246124
B0997,906,3/23/2015 20:30,14.2182,10.553,10246124
B0997,907,3/23/2015 21:00,14.2231,9.866,10246124
B0997,908,3/23/2015 21:30,14.2286,9.373,10246124
B0997,909,3/23/2015 22:00,14.2327,9.176,10246124
B0997,910,3/23/2015 22:30,14.2413,9.571,10246124
B0997,911,3/23/2015 23:00,14.2402,9.965,10246124
B0997,912,3/23/2015 23:30,14.2392,10.357,10246124
B0997,913,3/24/2015 0:00,14.233,10.651,10246124
B0997,914,3/24/2015 0:30,14.2334,10.748,10246124
B0997,915,3/24/2015 1:00,14.2352,10.553,10246124
B0997,916,3/24/2015 1:30,14.2352,10.553,10246124
B0997,917,3/24/2015 2:00,14.2368,10.357,10246124
B0997,918,3/24/2015 2:30,14.2352,9.866,10246124
B0997,919,3/24/2015 3:00,14.2334,10.063,10246124
B0997,920,3/24/2015 3:30,14.234,10.259,10246124
B0997,921,3/24/2015 4:00,14.2365,10.259,10246124
B0997,922,3/24/2015 4:30,14.2413,10.259,10246124
B0997,923,3/24/2015 5:00,14.245,9.275,10246124
B0997,924,3/24/2015 5:30,14.246,8.182,10246124
B0997,925,3/24/2015 6:00,14.2508,7.481,10246124
B0997,926,3/24/2015 6:30,14.2536,6.877,10246124
B0997,927,3/24/2015 7:00,14.2636,6.978,10246124
B0997,928,3/24/2015 7:30,14.2674,7.381,10246124
B0997,929,3/24/2015 8:00,14.2721,8.779,10246124
B0997,930,3/24/2015 8:30,14.2721,10.846,10246124
B0997,931,3/24/2015 9:00,14.2742,12.787,10246124
B0997,932,3/24/2015 9:30,14.2745,15.569,10246124
B0997,933,3/24/2015 10:00,14.2762,16.046,10246124
B0997,934,3/24/2015 10:30,14.2745,17.57,10246124
B0997,935,3/24/2015 11:00,14.2679,21.091,10246124
B0997,936,3/24/2015 11:30,14.2649,20.901,10246124
B0997,937,3/24/2015 12:00,14.2579,20.329,10246124
B0997,938,3/24/2015 12:30,14.253,22.908,10246124
B0997,939,3/24/2015 13:00,14.2484,22.333,10246124
B0997,940,3/24/2015 13:30,14.242,23.196,10246124
B0997,941,3/24/2015 14:00,14.2353,22.717,10246124
B0997,942,3/24/2015 14:30,14.2385,23.581,10246124
B0997,943,3/24/2015 15:00,14.2365,23.677,10246124
B0997,944,3/24/2015 15:30,14.2339,24.255,10246124
B0997,945,3/24/2015 16:00,14.2292,23.004,10246124
B0997,946,3/24/2015 16:30,14.232,23.1,10246124
B0997,947,3/24/2015 17:00,14.2291,22.333,10246124
B0997,948,3/24/2015 17:30,14.2315,21.664,10246124
B0997,949,3/24/2015 18:00,14.2339,20.996,10246124
B0997,950,3/24/2015 18:30,14.2384,19.567,10246124
B0997,951,3/24/2015 19:00,14.2369,17.855,10246124
B0997,952,3/24/2015 19:30,14.2434,16.332,10246124
B0997,953,3/24/2015 20:00,14.2453,14.804,10246124
B0997,954,3/24/2015 20:30,14.2484,13.654,10246124
B0997,955,3/24/2015 21:00,14.2505,12.883,10246124
B0997,956,3/24/2015 21:30,14.2536,12.401,10246124
B0997,957,3/24/2015 22:00,14.2523,12.013,10246124
B0997,958,3/24/2015 22:30,14.255,11.431,10246124
B0997,959,3/24/2015 23:00,14.2533,10.944,10246124
B0997,960,3/24/2015 23:30,14.2574,10.748,10246124
B0997,961,3/25/2015 0:00,14.2608,11.041,10246124
B0997,962,3/25/2015 0:30,14.2677,10.944,10246124
B0997,963,3/25/2015 1:00,14.2671,10.748,10246124
B0997,964,3/25/2015 1:30,14.2681,10.357,10246124
B0997,965,3/25/2015 2:00,14.2653,10.259,10246124
B0997,966,3/25/2015 2:30,14.2674,10.161,10246124
B0997,967,3/25/2015 3:00,14.2598,10.063,10246124
B0997,968,3/25/2015 3:30,14.2629,10.259,10246124
B0997,969,3/25/2015 4:00,14.2601,10.846,10246124
B0997,970,3/25/2015 4:30,14.2646,11.431,10246124
B0997,971,3/25/2015 5:00,14.2684,11.819,10246124
B0997,972,3/25/2015 5:30,14.2742,12.11,10246124
B0997,973,3/25/2015 6:00,14.2772,12.304,10246124
B0997,974,3/25/2015 6:30,14.2807,12.594,10246124
B0997,975,3/25/2015 7:00,14.2865,12.883,10246124
B0997,976,3/25/2015 7:30,14.2875,13.173,10246124
B0997,977,3/25/2015 8:00,14.2955,13.365,10246124
B0997,978,3/25/2015 8:30,14.2996,13.173,10246124
B0997,979,3/25/2015 9:00,14.3017,12.401,10246124
B0997,980,3/25/2015 9:30,14.3013,12.304,10246124
B0997,981,3/25/2015 10:00,14.3003,12.013,10246124
B0997,982,3/25/2015 10:30,14.303,12.11,10246124
B0997,983,3/25/2015 11:00,14.3007,12.11,10246124
B0997,984,3/25/2015 11:30,14.2983,12.11,10246124
B0997,985,3/25/2015 12:00,14.2935,12.11,10246124
B0997,986,3/25/2015 12:30,14.29,12.497,10246124
B0997,987,3/25/2015 13:00,14.2865,12.883,10246124
B0997,988,3/25/2015 13:30,14.2787,13.365,10246124
B0997,989,3/25/2015 14:00,14.2762,14.038,10246124
B0997,990,3/25/2015 14:30,14.27,14.325,10246124
B0997,991,3/25/2015 15:00,14.2687,14.613,10246124
B0997,992,3/25/2015 15:30,14.2637,15.282,10246124
B0997,993,3/25/2015 16:00,14.2562,15.187,10246124
B0997,994,3/25/2015 16:30,14.2572,15.473,10246124
B0997,995,3/25/2015 17:00,14.2542,15.282,10246124
B0997,996,3/25/2015 17:30,14.2552,14.9,10246124
B0997,997,3/25/2015 18:00,14.2579,14.325,10246124
B0997,998,3/25/2015 18:30,14.2566,13.942,10246124
B0997,999,3/25/2015 19:00,14.2531,13.654,10246124
B0997,1000,3/25/2015 19:30,14.2553,13.558,10246124
B0997,1001,3/25/2015 20:00,14.2529,13.558,10246124
B0997,1002,3/25/2015 20:30,14.2476,13.461,10246124
B0997,1003,3/25/2015 21:00,14.2476,13.461,10246124
B0997,1004,3/25/2015 21:30,14.2453,13.461,10246124
B0997,1005,3/25/2015 22:00,14.2426,13.365,10246124
B0997,1006,3/25/2015 22:30,14.2378,13.365,10246124
B0997,1007,3/25/2015 23:00,14.2326,13.269,10246124
B0997,1008,3/25/2015 23:30,14.2278,13.269,10246124
B0997,1009,3/26/2015 0:00,14.2254,13.269,10246124
B0997,1010,3/26/2015 0:30,14.223,13.269,10246124
B0997,1011,3/26/2015 1:00,14.2134,13.269,10246124
B0997,1012,3/26/2015 1:30,14.2085,13.269,10246124
B0997,1013,3/26/2015 2:00,14.2014,13.269,10246124
B0997,1014,3/26/2015 2:30,14.1938,13.173,10246124
B0997,1015,3/26/2015 3:00,14.1889,13.173,10246124
B0997,1016,3/26/2015 3:30,14.1793,13.173,10246124
B0997,1017,3/26/2015 4:00,14.1745,13.173,10246124
B0997,1018,3/26/2015 4:30,14.1721,13.173,10246124
B0997,1019,3/26/2015 5:00,14.1645,13.076,10246124
B0997,1020,3/26/2015 5:30,14.164,12.883,10246124
B0997,1021,3/26/2015 6:00,14.1635,12.787,10246124
B0997,1022,3/26/2015 6:30,14.164,12.883,10246124
B0997,1023,3/26/2015 7:00,14.167,13.076,10246124
B0997,1024,3/26/2015 7:30,14.168,13.365,10246124
B0997,1025,3/26/2015 8:00,14.1673,14.517,10246124
B0997,1026,3/26/2015 8:30,14.1644,15.76,10246124
B0997,1027,3/26/2015 9:00,14.1609,16.141,10246124
B0997,1028,3/26/2015 9:30,14.1564,16.903,10246124
B0997,1029,3/26/2015 10:00,14.1506,17.95,10246124
B0997,1030,3/26/2015 10:30,14.1439,18.806,10246124
B0997,1031,3/26/2015 11:00,14.1378,21.091,10246124
B0997,1032,3/26/2015 11:30,14.1248,21.473,10246124
B0997,1033,3/26/2015 12:00,14.1168,22.621,10246124
B0997,1034,3/26/2015 12:30,14.1145,22.621,10246124
B0997,1035,3/26/2015 13:00,14.109,23.1,10246124
B0997,1036,3/26/2015 13:30,14.1049,23.292,10246124
B0997,1037,3/26/2015 14:00,14.0939,23.581,10246124
B0997,1038,3/26/2015 14:30,14.0882,22.046,10246124
B0997,1039,3/26/2015 15:00,14.0837,22.142,10246124
B0997,1040,3/26/2015 15:30,14.0859,22.046,10246124
B0997,1041,3/26/2015 16:00,14.0777,22.429,10246124
B0997,1042,3/26/2015 16:30,14.069,22.046,10246124
B0997,1043,3/26/2015 17:00,14.0621,21.473,10246124
B0997,1044,3/26/2015 17:30,14.0556,20.996,10246124
B0997,1045,3/26/2015 18:00,14.0611,20.519,10246124
B0997,1046,3/26/2015 18:30,14.0572,20.138,10246124
B0997,1047,3/26/2015 19:00,14.0529,19.567,10246124
B0997,1048,3/26/2015 19:30,14.0518,19.282,10246124
B0997,1049,3/26/2015 20:00,14.0504,18.901,10246124
B0997,1050,3/26/2015 20:30,14.0531,18.331,10246124
B0997,1051,3/26/2015 21:00,14.056,17.76,10246124
B0997,1052,3/26/2015 21:30,14.0533,16.999,10246124
B0997,1053,3/26/2015 22:00,14.0469,15.855,10246124
B0997,1054,3/26/2015 22:30,14.0494,15.187,10246124
B0997,1055,3/26/2015 23:00,14.0462,14.996,10246124
B0997,1056,3/26/2015 23:30,14.044,16.427,10246124
B0997,1057,3/27/2015 0:00,14.0385,16.903,10246124
B0997,1058,3/27/2015 0:30,14.044,17.76,10246124
B0997,1059,3/27/2015 1:00,14.0434,14.9,10246124
B0997,1060,3/27/2015 1:30,14.0455,12.69,10246124
B0997,1061,3/27/2015 2:00,14.0369,12.304,10246124
B0997,1062,3/27/2015 2:30,14.0356,11.916,10246124
B0997,1063,3/27/2015 3:00,14.0294,11.528,10246124
B0997,1064,3/27/2015 3:30,14.0308,11.236,10246124
B0997,1065,3/27/2015 4:00,14.028,11.139,10246124
B0997,1066,3/27/2015 4:30,14.0318,10.846,10246124
B0997,1067,3/27/2015 5:00,14.0311,10.651,10246124
B0997,1068,3/27/2015 5:30,14.0336,10.651,10246124
B0997,1069,3/27/2015 6:00,14.0381,9.866,10246124
B0997,1070,3/27/2015 6:30,14.045,8.382,10246124
B0997,1071,3/27/2015 7:00,14.0526,7.782,10246124
B0997,1072,3/27/2015 7:30,14.0515,8.182,10246124
B0997,1073,3/27/2015 8:00,14.0543,7.582,10246124
B0997,1074,3/27/2015 8:30,14.0595,7.682,10246124
B0997,1075,3/27/2015 9:00,14.0581,7.983,10246124
B0997,1076,3/27/2015 9:30,14.0618,8.382,10246124
B0997,1077,3/27/2015 10:00,14.0679,8.779,10246124
B0997,1078,3/27/2015 10:30,14.0624,9.965,10246124
B0997,1079,3/27/2015 11:00,14.07,10.063,10246124
B0997,1080,3/27/2015 11:30,14.0705,10.944,10246124
B0997,1081,3/27/2015 12:00,14.0688,12.497,10246124
B0997,1082,3/27/2015 12:30,14.0682,10.944,10246124
B0997,1083,3/27/2015 13:00,14.0666,9.768,10246124
B0997,1084,3/27/2015 13:30,14.0687,8.978,10246124
B0997,1085,3/27/2015 14:00,14.0674,9.275,10246124
B0997,1086,3/27/2015 14:30,14.0701,8.68,10246124
B0997,1087,3/27/2015 15:00,14.0634,9.571,10246124
B0997,1088,3/27/2015 15:30,14.0679,9.472,10246124
B0997,1089,3/27/2015 16:00,14.0697,9.275,10246124
B0997,1090,3/27/2015 16:30,14.0707,10.259,10246124
B0997,1091,3/27/2015 17:00,14.0685,11.722,10246124
B0997,1092,3/27/2015 17:30,14.0765,11.236,10246124
B0997,1093,3/27/2015 18:00,14.0752,10.161,10246124
B0997,1094,3/27/2015 18:30,14.079,9.176,10246124
B0997,1095,3/27/2015 19:00,14.0882,8.382,10246124
B0997,1096,3/27/2015 19:30,14.0968,8.082,10246124
B0997,1097,3/27/2015 20:00,14.103,7.782,10246124
B0997,1098,3/27/2015 20:30,14.1055,7.079,10246124
B0997,1099,3/27/2015 21:00,14.1093,6.775,10246124
B0997,1100,3/27/2015 21:30,14.1154,6.471,10246124
B0997,1101,3/27/2015 22:00,14.1191,6.166,10246124
B0997,1102,3/27/2015 22:30,14.126,5.347,10246124
B0997,1103,3/27/2015 23:00,14.1315,4.831,10246124
B0997,1104,3/27/2015 23:30,14.1352,4.519,10246124
B0997,1105,3/28/2015 0:00,14.1386,4.102,10246124
B0997,1106,3/28/2015 0:30,14.142,3.683,10246124
B0997,1107,3/28/2015 1:00,14.1458,3.367,10246124
B0997,1108,3/28/2015 1:30,14.1471,3.049,10246124
B0997,1109,3/28/2015 2:00,14.1436,2.73,10246124
B0997,1110,3/28/2015 2:30,14.145,2.41,10246124
B0997,1111,3/28/2015 3:00,14.1439,2.088,10246124
B0997,1112,3/28/2015 3:30,14.146,1.98,10246124
B0997,1113,3/28/2015 4:00,14.1534,1.33,10246124
B0997,1114,3/28/2015 4:30,14.1547,1.003,10246124
B0997,1115,3/28/2015 5:00,14.1612,0.784,10246124
B0997,1116,3/28/2015 5:30,14.1663,0.893,10246124
B0997,1117,3/28/2015 6:00,14.1724,0.563,10246124
B0997,1118,3/28/2015 6:30,14.1812,0.343,10246124
B0997,1119,3/28/2015 7:00,14.1902,0.121,10246124
B0997,1120,3/28/2015 7:30,14.2035,0.563,10246124
B0997,1121,3/28/2015 8:00,14.2102,1.112,10246124
B0997,1122,3/28/2015 8:30,14.2137,1.439,10246124
B0997,1123,3/28/2015 9:00,14.2125,3.261,10246124
B0997,1124,3/28/2015 9:30,14.2185,3.578,10246124
B0997,1125,3/28/2015 10:00,14.2172,5.347,10246124
B0997,1126,3/28/2015 10:30,14.2217,6.674,10246124
B0997,1127,3/28/2015 11:00,14.2227,9.077,10246124
B0997,1128,3/28/2015 11:30,14.2166,9.373,10246124
B0997,1129,3/28/2015 12:00,14.2146,8.779,10246124
B0997,1130,3/28/2015 12:30,14.2111,9.866,10246124
B0997,1131,3/28/2015 13:00,14.2121,10.161,10246124
B0997,1132,3/28/2015 13:30,14.208,10.357,10246124
B0997,1133,3/28/2015 14:00,14.2049,10.846,10246124
B0997,1134,3/28/2015 14:30,14.2056,11.722,10246124
B0997,1135,3/28/2015 15:00,14.2047,14.23,10246124
B0997,1136,3/28/2015 15:30,14.203,13.75,10246124
B0997,1137,3/28/2015 16:00,14.2044,12.11,10246124
B0997,1138,3/28/2015 16:30,14.2066,12.013,10246124
B0997,1139,3/28/2015 17:00,14.2117,10.748,10246124
B0997,1140,3/28/2015 17:30,14.2176,8.978,10246124
B0997,1141,3/28/2015 18:00,14.2269,7.481,10246124
B0997,1142,3/28/2015 18:30,14.2372,6.268,10246124
B0997,1143,3/28/2015 19:00,14.2468,5.552,10246124
B0997,1144,3/28/2015 19:30,14.2518,4.934,10246124
B0997,1145,3/28/2015 20:00,14.2569,4.311,10246124
B0997,1146,3/28/2015 20:30,14.2658,4.102,10246124
B0997,1147,3/28/2015 21:00,14.2743,3.788,10246124
B0997,1148,3/28/2015 21:30,14.2768,3.788,10246124
B0997,1149,3/28/2015 22:00,14.2832,3.578,10246124
B0997,1150,3/28/2015 22:30,14.2885,2.303,10246124
B0997,1151,3/28/2015 23:00,14.2956,1.548,10246124
B0997,1152,3/28/2015 23:30,14.2984,0.232,10246124
B0997,1153,3/29/2015 0:00,14.2983,-0.549,10246124
B0997,1154,3/29/2015 0:30,14.3019,-0.887,10246124
B0997,1155,3/29/2015 1:00,14.3055,-1.228,10246124
B0997,1156,3/29/2015 1:30,14.3087,-1.001,10246124
B0997,1157,3/29/2015 2:00,14.312,-1.456,10246124
B0997,1158,3/29/2015 2:30,14.3152,-1.914,10246124
B0997,1159,3/29/2015 3:00,14.3204,-1.799,10246124
B0997,1160,3/29/2015 3:30,14.3207,-1.684,10246124
B0997,1161,3/29/2015 4:00,14.3268,-2.03,10246124
B0997,1162,3/29/2015 4:30,14.3345,-2.61,10246124
B0997,1163,3/29/2015 5:00,14.3381,-2.962,10246124
B0997,1164,3/29/2015 5:30,14.3394,-3.316,10246124
B0997,1165,3/29/2015 6:00,14.3506,-3.553,10246124
B0997,1166,3/29/2015 6:30,14.357,-3.792,10246124
B0997,1167,3/29/2015 7:00,14.3634,-3.316,10246124
B0997,1168,3/29/2015 7:30,14.3669,-2.261,10246124
B0997,1169,3/29/2015 8:00,14.3719,0.01,10246124
B0997,1170,3/29/2015 8:30,14.3747,2.943,10246124
B0997,1171,3/29/2015 9:00,14.3756,4.623,10246124
B0997,1172,3/29/2015 9:30,14.3767,6.37,10246124
B0997,1173,3/29/2015 10:00,14.3721,7.079,10246124
B0997,1174,3/29/2015 10:30,14.3703,8.68,10246124
B0997,1175,3/29/2015 11:00,14.3618,11.722,10246124
B0997,1176,3/29/2015 11:30,14.3584,11.431,10246124
B0997,1177,3/29/2015 12:00,14.3547,11.722,10246124
B0997,1178,3/29/2015 12:30,14.346,13.365,10246124
B0997,1179,3/29/2015 13:00,14.3389,13.365,10246124
B0997,1180,3/29/2015 13:30,14.3371,13.558,10246124
B0997,1181,3/29/2015 14:00,14.3254,14.325,10246124
B0997,1182,3/29/2015 14:30,14.3106,15.569,10246124
B0997,1183,3/29/2015 15:00,14.3113,16.427,10246124
B0997,1184,3/29/2015 15:30,14.3016,17.094,10246124
B0997,1185,3/29/2015 16:00,14.3009,15.569,10246124
B0997,1186,3/29/2015 16:30,14.2896,15.091,10246124
B0997,1187,3/29/2015 17:00,14.294,14.325,10246124
B0997,1188,3/29/2015 17:30,14.2882,13.365,10246124
B0997,1189,3/29/2015 18:00,14.2835,12.013,10246124
B0997,1190,3/29/2015 18:30,14.2814,10.748,10246124
B0997,1191,3/29/2015 19:00,14.2856,9.866,10246124
B0997,1192,3/29/2015 19:30,14.2852,7.682,10246124
B0997,1193,3/29/2015 20:00,14.2855,6.37,10246124
B0997,1194,3/29/2015 20:30,14.2878,5.655,10246124
B0997,1195,3/29/2015 21:00,14.2888,4.519,10246124
B0997,1196,3/29/2015 21:30,14.2801,4.102,10246124
B0997,1197,3/29/2015 22:00,14.2826,4.831,10246124
B0997,1198,3/29/2015 22:30,14.2727,4.727,10246124
B0997,1199,3/29/2015 23:00,14.2701,6.775,10246124
B0997,1200,3/29/2015 23:30,14.2629,7.481,10246124
B0997,1201,3/30/2015 0:00,14.2633,7.582,10246124
B0997,1202,3/30/2015 0:30,14.2546,5.757,10246124
B0997,1203,3/30/2015 1:00,14.2529,5.244,10246124
B0997,1204,3/30/2015 1:30,14.2408,4.519,10246124
B0997,1205,3/30/2015 2:00,14.2355,9.965,10246124
B0997,1206,3/30/2015 2:30,14.2227,11.139,10246124
B0997,1207,3/30/2015 3:00,14.2086,11.916,10246124
B0997,1208,3/30/2015 3:30,14.2056,11.722,10246124
B0997,1209,3/30/2015 4:00,14.2001,11.528,10246124
B0997,1210,3/30/2015 4:30,14.2021,11.431,10246124
B0997,1211,3/30/2015 5:00,14.2072,11.528,10246124
B0997,1212,3/30/2015 5:30,14.2151,7.582,10246124
B0997,1213,3/30/2015 6:00,14.2066,5.757,10246124
B0997,1214,3/30/2015 6:30,14.2004,5.347,10246124
B0997,1215,3/30/2015 7:00,14.2001,4.519,10246124
B0997,1216,3/30/2015 7:30,14.2082,4.831,10246124
B0997,1217,3/30/2015 8:00,14.2149,5.347,10246124
B0997,1218,3/30/2015 8:30,14.2183,6.37,10246124
B0997,1219,3/30/2015 9:00,14.2204,7.682,10246124
B0997,1220,3/30/2015 9:30,14.2269,10.259,10246124
B0997,1221,3/30/2015 10:00,14.2247,13.076,10246124
B0997,1222,3/30/2015 10:30,14.2202,14.517,10246124
B0997,1223,3/30/2015 11:00,14.2211,16.808,10246124
B0997,1224,3/30/2015 11:30,14.2159,19.377,10246124
B0997,1225,3/30/2015 12:00,14.2066,19.472,10246124
B0997,1226,3/30/2015 12:30,14.2053,20.424,10246124
B0997,1227,3/30/2015 13:00,14.196,21.855,10246124
B0997,1228,3/30/2015 13:30,14.1908,21.091,10246124
B0997,1229,3/30/2015 14:00,14.1895,21.378,10246124
B0997,1230,3/30/2015 14:30,14.1869,23.292,10246124
B0997,1231,3/30/2015 15:00,14.1802,25.416,10246124
B0997,1232,3/30/2015 15:30,14.1754,25.416,10246124
B0997,1233,3/30/2015 16:00,14.1721,23.869,10246124
B0997,1234,3/30/2015 16:30,14.1703,23.388,10246124
B0997,1235,3/30/2015 17:00,14.1692,22.429,10246124
B0997,1236,3/30/2015 17:30,14.1667,21.091,10246124
B0997,1237,3/30/2015 18:00,14.1698,19.282,10246124
B0997,1238,3/30/2015 18:30,14.1692,15.76,10246124
B0997,1239,3/30/2015 19:00,14.17,13.269,10246124
B0997,1240,3/30/2015 19:30,14.1798,11.236,10246124
B0997,1241,3/30/2015 20:00,14.1895,9.866,10246124
B0997,1242,3/30/2015 20:30,14.1983,8.978,10246124
B0997,1243,3/30/2015 21:00,14.2043,9.275,10246124
B0997,1244,3/30/2015 21:30,14.2114,11.334,10246124
B0997,1245,3/30/2015 22:00,14.2076,9.571,10246124
B0997,1246,3/30/2015 22:30,14.2093,7.983,10246124
B0997,1247,3/30/2015 23:00,14.2083,6.978,10246124
B0997,1248,3/30/2015 23:30,14.2108,6.268,10246124
B0997,1249,3/31/2015 0:00,14.2083,5.552,10246124
B0997,1250,3/31/2015 0:30,14.2109,4.934,10246124
B0997,1251,3/31/2015 1:00,14.212,4.519,10246124
B0997,1252,3/31/2015 1:30,14.2079,3.998,10246124
B0997,1253,3/31/2015 2:00,14.2064,3.578,10246124
B0997,1254,3/31/2015 2:30,14.1999,3.049,10246124
B0997,1255,3/31/2015 3:00,14.1932,2.517,10246124
B0997,1256,3/31/2015 3:30,14.1946,2.195,10246124
B0997,1257,3/31/2015 4:00,14.1932,1.764,10246124
B0997,1258,3/31/2015 4:30,14.1921,1.439,10246124
B0997,1259,3/31/2015 5:00,14.1946,1.439,10246124
B0997,1260,3/31/2015 5:30,14.1941,1.33,10246124
B0997,1261,3/31/2015 6:00,14.1989,1.33,10246124
B0997,1262,3/31/2015 6:30,14.203,1.112,10246124
B0997,1263,3/31/2015 7:00,14.1996,1.548,10246124
B0997,1264,3/31/2015 7:30,14.202,2.943,10246124
B0997,1265,3/31/2015 8:00,14.2056,6.166,10246124
B0997,1266,3/31/2015 8:30,14.1998,9.373,10246124
B0997,1267,3/31/2015 9:00,14.1977,15.664,10246124
B0997,1268,3/31/2015 9:30,14.195,18.236,10246124
B0997,1269,3/31/2015 10:00,14.1867,19.948,10246124
B0997,1270,3/31/2015 10:30,14.1802,20.805,10246124
B0997,1271,3/31/2015 11:00,14.178,24.158,10246124
B0997,1272,3/31/2015 11:30,14.1648,23.869,10246124
B0997,1273,3/31/2015 12:00,14.159,23.581,10246124
B0997,1274,3/31/2015 12:30,14.145,24.351,10246124
B0997,1275,3/31/2015 13:00,14.1309,25.125,10246124
B0997,1276,3/31/2015 13:30,14.1209,25.028,10246124
B0997,1277,3/31/2015 14:00,14.1129,26.781,10246124
B0997,1278,3/31/2015 14:30,14.1017,27.665,10246124
B0997,1279,3/31/2015 15:00,14.0964,29.452,10246124
B0997,1280,3/31/2015 15:30,14.0843,28.159,10246124
B0997,1281,3/31/2015 16:00,14.0806,27.173,10246124
B0997,1282,3/31/2015 16:30,14.0806,28.456,10246124
B0997,1283,3/31/2015 17:00,14.0826,27.075,10246124
B0997,1284,3/31/2015 17:30,14.0859,26,10246124
B0997,1285,3/31/2015 18:00,14.0836,24.062,10246124
B0997,1286,3/31/2015 18:30,14.081,21.378,10246124
B0997,1287,3/31/2015 19:00,14.0862,20.138,10246124
B0997,1288,3/31/2015 19:30,14.0945,20.424,10246124
B0997,1289,3/31/2015 20:00,14.1027,20.71,10246124
B0997,1290,3/31/2015 20:30,14.1075,20.043,10246124
B0997,1291,3/31/2015 21:00,14.1104,16.808,10246124
B0997,1292,3/31/2015 21:30,14.1132,14.9,10246124
B0997,1293,3/31/2015 22:00,14.1143,13.846,10246124
B0997,1294,3/31/2015 22:30,14.1138,12.98,10246124
B0997,1295,3/31/2015 23:00,14.1162,12.304,10246124
B0997,1296,3/31/2015 23:30,14.1162,11.625,10246124
B0997,1297,4/1/2015 0:00,14.1145,11.139,10246124
B0997,1298,4/1/2015 0:30,14.1132,10.748,10246124
B0997,1299,4/1/2015 1:00,14.1139,10.259,10246124
B0997,1300,4/1/2015 1:30,14.1194,9.768,10246124
B0997,1301,4/1/2015 2:00,14.1257,9.472,10246124
B0997,1302,4/1/2015 2:30,14.1294,9.176,10246124
B0997,1303,4/1/2015 3:00,14.1307,8.879,10246124
B0997,1304,4/1/2015 3:30,14.1312,8.978,10246124
B0997,1305,4/1/2015 4:00,14.1318,9.176,10246124
B0997,1306,4/1/2015 4:30,14.138,9.571,10246124
B0997,1307,4/1/2015 5:00,14.1452,9.571,10246124
B0997,1308,4/1/2015 5:30,14.1521,8.779,10246124
B0997,1309,4/1/2015 6:00,14.1593,8.082,10246124
B0997,1310,4/1/2015 6:30,14.1734,7.983,10246124
B0997,1311,4/1/2015 7:00,14.1799,8.481,10246124
B0997,1312,4/1/2015 7:30,14.1912,10.357,10246124
B0997,1313,4/1/2015 8:00,14.1957,14.421,10246124
B0997,1314,4/1/2015 8:30,14.198,17.094,10246124
B0997,1315,4/1/2015 9:00,14.2038,19.377,10246124
B0997,1316,4/1/2015 9:30,14.2146,20.996,10246124
B0997,1317,4/1/2015 10:00,14.2127,23.1,10246124
B0997,1318,4/1/2015 10:30,14.2109,23.292,10246124
B0997,1319,4/1/2015 11:00,14.2072,25.513,10246124
B0997,1320,4/1/2015 11:30,14.2018,26.683,10246124
B0997,1321,4/1/2015 12:00,14.2051,25.61,10246124
B0997,1322,4/1/2015 12:30,14.2008,26.39,10246124
B0997,1323,4/1/2015 13:00,14.1956,27.567,10246124
B0997,1324,4/1/2015 13:30,14.1944,27.272,10246124
B0997,1325,4/1/2015 14:00,14.193,26.879,10246124
B0997,1326,4/1/2015 14:30,14.1918,27.862,10246124
B0997,1327,4/1/2015 15:00,14.1896,28.555,10246124
B0997,1328,4/1/2015 15:30,14.189,27.764,10246124
B0997,1329,4/1/2015 16:00,14.1917,27.173,10246124
B0997,1330,4/1/2015 16:30,14.1982,26.977,10246124
B0997,1331,4/1/2015 17:00,14.1979,25.61,10246124
B0997,1332,4/1/2015 17:30,14.1963,24.545,10246124
B0997,1333,4/1/2015 18:00,14.2014,23.292,10246124
B0997,1334,4/1/2015 18:30,14.2073,20.329,10246124
B0997,1335,4/1/2015 19:00,14.2108,17.284,10246124
B0997,1336,4/1/2015 19:30,14.2223,15.091,10246124
B0997,1337,4/1/2015 20:00,14.2288,13.558,10246124
B0997,1338,4/1/2015 20:30,14.237,12.497,10246124
B0997,1339,4/1/2015 21:00,14.2458,11.528,10246124
B0997,1340,4/1/2015 21:30,14.2526,10.748,10246124
B0997,1341,4/1/2015 22:00,14.2601,10.161,10246124
B0997,1342,4/1/2015 22:30,14.2653,9.571,10246124
B0997,1343,4/1/2015 23:00,14.2708,9.077,10246124
B0997,1344,4/1/2015 23:30,14.2694,8.68,10246124
B0997,1345,4/2/2015 0:00,14.2716,8.581,10246124
B0997,1346,4/2/2015 0:30,14.2729,8.282,10246124
B0997,1347,4/2/2015 1:00,14.2766,7.983,10246124
B0997,1348,4/2/2015 1:30,14.2759,7.782,10246124
B0997,1349,4/2/2015 2:00,14.278,7.682,10246124
B0997,1350,4/2/2015 2:30,14.2746,7.381,10246124
B0997,1351,4/2/2015 3:00,14.2811,7.179,10246124
B0997,1352,4/2/2015 3:30,14.2849,7.582,10246124
B0997,1353,4/2/2015 4:00,14.2887,7.983,10246124
B0997,1354,4/2/2015 4:30,14.2914,8.082,10246124
B0997,1355,4/2/2015 5:00,14.2972,8.382,10246124
B0997,1356,4/2/2015 5:30,14.301,8.779,10246124
B0997,1357,4/2/2015 6:00,14.3065,8.978,10246124
B0997,1358,4/2/2015 6:30,14.3148,9.275,10246124
B0997,1359,4/2/2015 7:00,14.321,9.669,10246124
B0997,1360,4/2/2015 7:30,14.3206,10.259,10246124
B0997,1361,4/2/2015 8:00,14.3213,11.139,10246124
B0997,1362,4/2/2015 8:30,14.3271,12.11,10246124
B0997,1363,4/2/2015 9:00,14.3251,12.883,10246124
B0997,1364,4/2/2015 9:30,14.3289,12.594,10246124
B0997,1365,4/2/2015 10:00,14.3261,12.497,10246124
B0997,1366,4/2/2015 10:30,14.3247,12.11,10246124
B0997,1367,4/2/2015 11:00,14.3209,12.401,10246124
B0997,1368,4/2/2015 11:30,14.3161,12.401,10246124
B0997,1369,4/2/2015 12:00,14.3068,13.173,10246124
B0997,1370,4/2/2015 12:30,14.3068,13.173,10246124
B0997,1371,4/2/2015 13:00,14.3023,13.269,10246124
B0997,1372,4/2/2015 13:30,14.2975,13.269,10246124
B0997,1373,4/2/2015 14:00,14.2935,13.461,10246124
B0997,1374,4/2/2015 14:30,14.2869,13.654,10246124
B0997,1375,4/2/2015 15:00,14.2797,13.654,10246124
B0997,1376,4/2/2015 15:30,14.2721,13.558,10246124
B0997,1377,4/2/2015 16:00,14.2669,13.461,10246124
B0997,1378,4/2/2015 16:30,14.2621,13.461,10246124
B0997,1379,4/2/2015 17:00,14.2563,13.846,10246124
B0997,1380,4/2/2015 17:30,14.2549,14.134,10246124
B0997,1381,4/2/2015 18:00,14.2546,14.038,10246124
B0997,1382,4/2/2015 18:30,14.2542,13.942,10246124
B0997,1383,4/2/2015 19:00,14.2543,13.269,10246124
B0997,1384,4/2/2015 19:30,14.2536,12.401,10246124
B0997,1385,4/2/2015 20:00,14.2581,12.304,10246124
B0997,1386,4/2/2015 20:30,14.2601,12.207,10246124
B0997,1387,4/2/2015 21:00,14.2629,12.304,10246124
B0997,1388,4/2/2015 21:30,14.2516,12.497,10246124
B0997,1389,4/2/2015 22:00,14.237,12.497,10246124
B0997,1390,4/2/2015 22:30,14.246,12.98,10246124
B0997,1391,4/2/2015 23:00,14.2423,12.594,10246124
B0997,1392,4/2/2015 23:30,14.2415,11.722,10246124
B0997,1393,4/3/2015 0:00,14.2392,11.041,10246124
B0997,1394,4/3/2015 0:30,14.2262,10.748,10246124
B0997,1395,4/3/2015 1:00,14.2254,10.553,10246124
B0997,1396,4/3/2015 1:30,14.2207,10.553,10246124
B0997,1397,4/3/2015 2:00,14.222,10.944,10246124
B0997,1398,4/3/2015 2:30,14.2189,11.431,10246124
B0997,1399,4/3/2015 3:00,14.2154,13.173,10246124
B0997,1400,4/3/2015 3:30,14.2102,13.076,10246124
B0997,1401,4/3/2015 4:00,14.2082,13.173,10246124
B0997,1402,4/3/2015 4:30,14.2134,13.269,10246124
B0997,1403,4/3/2015 5:00,14.2165,13.461,10246124
B0997,1404,4/3/2015 5:30,14.2112,13.365,10246124
B0997,1405,4/3/2015 6:00,14.2112,13.365,10246124
B0997,1406,4/3/2015 6:30,14.2117,13.461,10246124
B0997,1407,4/3/2015 7:00,14.2043,14.804,10246124
B0997,1408,4/3/2015 7:30,14.203,15.091,10246124
B0997,1409,4/3/2015 8:00,14.207,16.237,10246124
B0997,1410,4/3/2015 8:30,14.1998,18.236,10246124
B0997,1411,4/3/2015 9:00,14.2021,20.234,10246124
B0997,1412,4/3/2015 9:30,14.1998,21.569,10246124
B0997,1413,4/3/2015 10:00,14.1998,20.901,10246124
B0997,1414,4/3/2015 10:30,14.1963,21.282,10246124
B0997,1415,4/3/2015 11:00,14.1975,21.569,10246124
B0997,1416,4/3/2015 11:30,14.1973,20.901,10246124
B0997,1417,4/3/2015 12:00,14.199,20.71,10246124
B0997,1418,4/3/2015 12:30,14.1947,21.473,10246124
B0997,1419,4/3/2015 13:00,14.1886,23.1,10246124
B0997,1420,4/3/2015 13:30,14.1802,24.738,10246124
B0997,1421,4/3/2015 14:00,14.166,28.06,10246124
B0997,1422,4/3/2015 14:30,14.1647,28.357,10246124
B0997,1423,4/3/2015 15:00,14.1539,29.352,10246124
B0997,1424,4/3/2015 15:30,14.1494,29.452,10246124
B0997,1425,4/3/2015 16:00,14.145,28.258,10246124
B0997,1426,4/3/2015 16:30,14.1429,27.075,10246124
B0997,1427,4/3/2015 17:00,14.137,26.097,10246124
B0997,1428,4/3/2015 17:30,14.1348,25.513,10246124
B0997,1429,4/3/2015 18:00,14.1223,25.416,10246124
B0997,1430,4/3/2015 18:30,14.1229,24.255,10246124
B0997,1431,4/3/2015 19:00,14.1172,23.388,10246124
B0997,1432,4/3/2015 19:30,14.118,22.908,10246124
B0997,1433,4/3/2015 20:00,14.1216,21.951,10246124
B0997,1434,4/3/2015 20:30,14.12,22.812,10246124
B0997,1435,4/3/2015 21:00,14.1228,22.238,10246124
B0997,1436,4/3/2015 21:30,14.1306,21.76,10246124
B0997,1437,4/3/2015 22:00,14.1313,21.282,10246124
B0997,1438,4/3/2015 22:30,14.1496,18.331,10246124
B0997,1439,4/3/2015 23:00,14.1503,15.187,10246124
B0997,1440,4/3/2015 23:30,14.1312,15.187,10246124
B0997,1441,4/4/2015 0:00,14.127,15.378,10246124
B0997,1442,4/4/2015 0:30,14.1165,17.855,10246124
B0997,1443,4/4/2015 1:00,14.1186,17.76,10246124
B0997,1444,4/4/2015 1:30,14.1145,17.95,10246124
B0997,1445,4/4/2015 2:00,14.1123,18.045,10246124
B0997,1446,4/4/2015 2:30,14.1203,18.236,10246124
B0997,1447,4/4/2015 3:00,14.1344,17.475,10246124
B0997,1448,4/4/2015 3:30,14.141,15.951,10246124
B0997,1449,4/4/2015 4:00,14.1425,14.325,10246124
B0997,1450,4/4/2015 4:30,14.1474,13.654,10246124
B0997,1451,4/4/2015 5:00,14.1557,13.269,10246124
B0997,1452,4/4/2015 5:30,14.1715,12.98,10246124
B0997,1453,4/4/2015 6:00,14.1815,12.401,10246124
B0997,1454,4/4/2015 6:30,14.1938,11.819,10246124
B0997,1455,4/4/2015 7:00,14.2056,11.722,10246124
B0997,1456,4/4/2015 7:30,14.2149,11.625,10246124
B0997,1457,4/4/2015 8:00,14.2179,11.819,10246124
B0997,1458,4/4/2015 8:30,14.2244,12.304,10246124
B0997,1459,4/4/2015 9:00,14.2333,12.11,10246124
B0997,1460,4/4/2015 9:30,14.2453,13.461,10246124
B0997,1461,4/4/2015 10:00,14.2539,13.846,10246124
B0997,1462,4/4/2015 10:30,14.26,16.237,10246124
B0997,1463,4/4/2015 11:00,14.259,17.95,10246124
B0997,1464,4/4/2015 11:30,14.2592,18.711,10246124
B0997,1465,4/4/2015 12:00,14.2582,17.76,10246124
B0997,1466,4/4/2015 12:30,14.2572,18.14,10246124
B0997,1467,4/4/2015 13:00,14.2565,19.282,10246124
B0997,1468,4/4/2015 13:30,14.26,19.567,10246124
B0997,1469,4/4/2015 14:00,14.2549,20.805,10246124
B0997,1470,4/4/2015 14:30,14.2546,21.378,10246124
B0997,1471,4/4/2015 15:00,14.2563,22.525,10246124
B0997,1472,4/4/2015 15:30,14.2574,21.473,10246124
B0997,1473,4/4/2015 16:00,14.2572,20.138,10246124
B0997,1474,4/4/2015 16:30,14.2614,20.615,10246124
B0997,1475,4/4/2015 17:00,14.2575,18.901,10246124
B0997,1476,4/4/2015 17:30,14.263,18.426,10246124
B0997,1477,4/4/2015 18:00,14.2648,16.903,10246124
B0997,1478,4/4/2015 18:30,14.2679,15.091,10246124
B0997,1479,4/4/2015 19:00,14.2759,13.942,10246124
B0997,1480,4/4/2015 19:30,14.2777,13.076,10246124
B0997,1481,4/4/2015 20:00,14.288,11.236,10246124
B0997,1482,4/4/2015 20:30,14.2993,9.669,10246124
B0997,1483,4/4/2015 21:00,14.3028,8.581,10246124
B0997,1484,4/4/2015 21:30,14.3038,8.182,10246124
B0997,1485,4/4/2015 22:00,14.3103,7.28,10246124
B0997,1486,4/4/2015 22:30,14.3071,6.37,10246124
B0997,1487,4/4/2015 23:00,14.3144,5.655,10246124
B0997,1488,4/4/2015 23:30,14.3119,4.934,10246124
B0997,1489,4/5/2015 0:00,14.3142,4.207,10246124
B0997,1490,4/5/2015 0:30,14.3109,3.261,10246124
B0997,1491,4/5/2015 1:00,14.3129,2.41,10246124
B0997,1492,4/5/2015 1:30,14.3151,1.656,10246124
B0997,1493,4/5/2015 2:00,14.3133,1.112,10246124
B0997,1494,4/5/2015 2:30,14.3135,0.453,10246124
B0997,1495,4/5/2015 3:00,14.3164,-0.102,10246124
B0997,1496,4/5/2015 3:30,14.3204,-0.325,10246124
B0997,1497,4/5/2015 4:00,14.3174,-0.549,10246124
B0997,1498,4/5/2015 4:30,14.3215,-0.774,10246124
B0997,1499,4/5/2015 5:00,14.3258,-0.887,10246124
B0997,1500,4/5/2015 5:30,14.3303,-1.001,10246124
B0997,1501,4/5/2015 6:00,14.3347,-1.114,10246124
B0997,1502,4/5/2015 6:30,14.3394,-1.114,10246124
B0997,1503,4/5/2015 7:00,14.3429,-0.774,10246124
B0997,1504,4/5/2015 7:30,14.3499,0.563,10246124
B0997,1505,4/5/2015 8:00,14.3538,3.155,10246124
B0997,1506,4/5/2015 8:30,14.3576,7.079,10246124
B0997,1507,4/5/2015 9:00,14.3557,11.334,10246124
B0997,1508,4/5/2015 9:30,14.3605,14.038,10246124
B0997,1509,4/5/2015 10:00,14.3587,15.569,10246124
B0997,1510,4/5/2015 10:30,14.3608,16.141,10246124
B0997,1511,4/5/2015 11:00,14.3542,17.665,10246124
B0997,1512,4/5/2015 11:30,14.3434,19.282,10246124
B0997,1513,4/5/2015 12:00,14.3339,17.379,10246124
B0997,1514,4/5/2015 12:30,14.3267,18.711,10246124
B0997,1515,4/5/2015 13:00,14.3184,18.426,10246124
B0997,1516,4/5/2015 13:30,14.3136,19.092,10246124
B0997,1517,4/5/2015 14:00,14.3068,18.521,10246124
B0997,1518,4/5/2015 14:30,14.3023,19.948,10246124
B0997,1519,4/5/2015 15:00,14.2996,19.187,10246124
B0997,1520,4/5/2015 15:30,14.2913,19.567,10246124
B0997,1521,4/5/2015 16:00,14.2916,18.996,10246124
B0997,1522,4/5/2015 16:30,14.289,19.567,10246124
B0997,1523,4/5/2015 17:00,14.2898,17.855,10246124
B0997,1524,4/5/2015 17:30,14.2878,17.284,10246124
B0997,1525,4/5/2015 18:00,14.292,16.427,10246124
B0997,1526,4/5/2015 18:30,14.293,15.378,10246124
B0997,1527,4/5/2015 19:00,14.2935,13.461,10246124
B0997,1528,4/5/2015 19:30,14.2983,12.11,10246124
B0997,1529,4/5/2015 20:00,14.3003,11.334,10246124
B0997,1530,4/5/2015 20:30,14.3028,10.651,10246124
B0997,1531,4/5/2015 21:00,14.3075,9.965,10246124
B0997,1532,4/5/2015 21:30,14.3062,9.571,10246124
B0997,1533,4/5/2015 22:00,14.308,9.373,10246124
B0997,1534,4/5/2015 22:30,14.3048,9.176,10246124
B0997,1535,4/5/2015 23:00,14.3062,8.879,10246124
B0997,1536,4/5/2015 23:30,14.3058,8.779,10246124
B0997,1537,4/6/2015 0:00,14.3035,8.779,10246124
B0997,1538,4/6/2015 0:30,14.301,8.779,10246124
B0997,1539,4/6/2015 1:00,14.3055,8.68,10246124
B0997,1540,4/6/2015 1:30,14.3052,8.581,10246124
B0997,1541,4/6/2015 2:00,14.3072,8.481,10246124
B0997,1542,4/6/2015 2:30,14.3041,8.282,10246124
B0997,1543,4/6/2015 3:00,14.3013,8.182,10246124
B0997,1544,4/6/2015 3:30,14.3035,8.082,10246124
B0997,1545,4/6/2015 4:00,14.3058,8.082,10246124
B0997,1546,4/6/2015 4:30,14.3055,7.983,10246124
B0997,1547,4/6/2015 5:00,14.3128,7.983,10246124
B0997,1548,4/6/2015 5:30,14.3154,8.082,10246124
B0997,1549,4/6/2015 6:00,14.3199,7.983,10246124
B0997,1550,4/6/2015 6:30,14.3274,8.082,10246124
B0997,1551,4/6/2015 7:00,14.3284,8.382,10246124
B0997,1552,4/6/2015 7:30,14.3316,9.275,10246124
B0997,1553,4/6/2015 8:00,14.3347,11.528,10246124
B0997,1554,4/6/2015 8:30,14.3339,14.709,10246124
B0997,1555,4/6/2015 9:00,14.3339,16.046,10246124
B0997,1556,4/6/2015 9:30,14.336,17.95,10246124
B0997,1557,4/6/2015 10:00,14.3361,19.948,10246124
B0997,1558,4/6/2015 10:30,14.3334,18.521,10246124
B0997,1559,4/6/2015 11:00,14.3299,18.901,10246124
B0997,1560,4/6/2015 11:30,14.3289,20.615,10246124
B0997,1561,4/6/2015 12:00,14.3241,20.615,10246124
B0997,1562,4/6/2015 12:30,14.3194,22.621,10246124
B0997,1563,4/6/2015 13:00,14.3135,22.333,10246124
B0997,1564,4/6/2015 13:30,14.3042,21.091,10246124
B0997,1565,4/6/2015 14:00,14.2994,22.429,10246124
B0997,1566,4/6/2015 14:30,14.2917,21.664,10246124
B0997,1567,4/6/2015 15:00,14.2869,20.996,10246124
B0997,1568,4/6/2015 15:30,14.2855,20.615,10246124
B0997,1569,4/6/2015 16:00,14.2865,20.234,10246124
B0997,1570,4/6/2015 16:30,14.282,19.662,10246124
B0997,1571,4/6/2015 17:00,14.2827,18.521,10246124
B0997,1572,4/6/2015 17:30,14.2813,18.14,10246124
B0997,1573,4/6/2015 18:00,14.282,18.331,10246124
B0997,1574,4/6/2015 18:30,14.2778,17.855,10246124
B0997,1575,4/6/2015 19:00,14.2803,17.189,10246124
B0997,1576,4/6/2015 19:30,14.2752,16.427,10246124
B0997,1577,4/6/2015 20:00,14.279,15.473,10246124
B0997,1578,4/6/2015 20:30,14.2762,14.709,10246124
B0997,1579,4/6/2015 21:00,14.278,14.517,10246124
B0997,1580,4/6/2015 21:30,14.2827,14.517,10246124
B0997,1581,4/6/2015 22:00,14.2875,14.517,10246124
B0997,1582,4/6/2015 22:30,14.2872,14.421,10246124
B0997,1583,4/6/2015 23:00,14.2896,14.421,10246124
B0997,1584,4/6/2015 23:30,14.292,14.421,10246124
B0997,1585,4/7/2015 0:00,14.2872,14.421,10246124
B0997,1586,4/7/2015 0:30,14.2875,14.517,10246124
B0997,1587,4/7/2015 1:00,14.29,14.517,10246124
B0997,1588,4/7/2015 1:30,14.2735,14.613,10246124
B0997,1589,4/7/2015 2:00,14.2717,14.804,10246124
B0997,1590,4/7/2015 2:30,14.2704,14.421,10246124
B0997,1591,4/7/2015 3:00,14.2679,13.75,10246124
B0997,1592,4/7/2015 3:30,14.2649,13.558,10246124
B0997,1593,4/7/2015 4:00,14.2642,13.365,10246124
B0997,1594,4/7/2015 4:30,14.2649,13.558,10246124
B0997,1595,4/7/2015 5:00,14.2687,13.942,10246124
B0997,1596,4/7/2015 5:30,14.2659,14.517,10246124
B0997,1597,4/7/2015 6:00,14.2732,14.517,10246124
B0997,1598,4/7/2015 6:30,14.2732,14.517,10246124
B0997,1599,4/7/2015 7:00,14.2762,14.709,10246124
B0997,1600,4/7/2015 7:30,14.2765,14.804,10246124
B0997,1601,4/7/2015 8:00,14.2748,14.996,10246124
B0997,1602,4/7/2015 8:30,14.2737,15.378,10246124
B0997,1603,4/7/2015 9:00,14.2737,16.046,10246124
B0997,1604,4/7/2015 9:30,14.2793,16.903,10246124
B0997,1605,4/7/2015 10:00,14.2778,17.855,10246124
B0997,1606,4/7/2015 10:30,14.2807,19.282,10246124
B0997,1607,4/7/2015 11:00,14.2793,20.901,10246124
B0997,1608,4/7/2015 11:30,14.2787,20.71,10246124
B0997,1609,4/7/2015 12:00,14.2769,20.234,10246124
B0997,1610,4/7/2015 12:30,14.281,20.043,10246124
B0997,1611,4/7/2015 13:00,14.2835,20.043,10246124
B0997,1612,4/7/2015 13:30,14.2769,20.234,10246124
B0997,1613,4/7/2015 14:00,14.2755,20.519,10246124
B0997,1614,4/7/2015 14:30,14.2724,19.662,10246124
B0997,1615,4/7/2015 15:00,14.27,18.331,10246124
B0997,1616,4/7/2015 15:30,14.2658,17.189,10246124
B0997,1617,4/7/2015 16:00,14.2637,16.618,10246124
B0997,1618,4/7/2015 16:30,14.259,16.618,10246124
B0997,1619,4/7/2015 17:00,14.2587,16.523,10246124
B0997,1620,4/7/2015 17:30,14.2692,16.141,10246124
B0997,1621,4/7/2015 18:00,14.2572,16.141,10246124
B0997,1622,4/7/2015 18:30,14.2579,16.332,10246124
B0997,1623,4/7/2015 19:00,14.2576,16.237,10246124
B0997,1624,4/7/2015 19:30,14.2514,15.855,10246124
B0997,1625,4/7/2015 20:00,14.2552,15.569,10246124
B0997,1626,4/7/2015 20:30,14.2566,15.282,10246124
B0997,1627,4/7/2015 21:00,14.2584,15.091,10246124
B0997,1628,4/7/2015 21:30,14.2621,14.804,10246124
B0997,1629,4/7/2015 22:00,14.2566,14.613,10246124
B0997,1630,4/7/2015 22:30,14.2662,14.613,10246124
B0997,1631,4/7/2015 23:00,14.2634,14.517,10246124
B0997,1632,4/7/2015 23:30,14.2639,14.613,10246124
B0997,1633,4/8/2015 0:00,14.2642,14.709,10246124
B0997,1634,4/8/2015 0:30,14.2501,14.804,10246124
B0997,1635,4/8/2015 1:00,14.2542,14.613,10246124
B0997,1636,4/8/2015 1:30,14.2459,14.325,10246124
B0997,1637,4/8/2015 2:00,14.2429,14.134,10246124
B0997,1638,4/8/2015 2:30,14.2426,14.038,10246124
B0997,1639,4/8/2015 3:00,14.2415,13.75,10246124
B0997,1640,4/8/2015 3:30,14.2453,13.461,10246124
B0997,1641,4/8/2015 4:00,14.2466,13.173,10246124
B0997,1642,4/8/2015 4:30,14.2436,12.98,10246124
B0997,1643,4/8/2015 5:00,14.2453,12.787,10246124
B0997,1644,4/8/2015 5:30,14.2468,12.497,10246124
B0997,1645,4/8/2015 6:00,14.2508,12.304,10246124
B0997,1646,4/8/2015 6:30,14.2501,12.11,10246124
B0997,1647,4/8/2015 7:00,14.2501,12.11,10246124
B0997,1648,4/8/2015 7:30,14.2478,12.787,10246124
B0997,1649,4/8/2015 8:00,14.2518,14.613,10246124
B0997,1650,4/8/2015 8:30,14.2572,17.475,10246124
B0997,1651,4/8/2015 9:00,14.2575,18.901,10246124
B0997,1652,4/8/2015 9:30,14.2553,22.238,10246124
B0997,1653,4/8/2015 10:00,14.2549,24.062,10246124
B0997,1654,4/8/2015 10:30,14.2562,25.708,10246124
B0997,1655,4/8/2015 11:00,14.2508,28.159,10246124
B0997,1656,4/8/2015 11:30,14.2473,29.152,10246124
B0997,1657,4/8/2015 12:00,14.2426,27.862,10246124
B0997,1658,4/8/2015 12:30,14.2372,28.357,10246124
B0997,1659,4/8/2015 13:00,14.2327,28.456,10246124
B0997,1660,4/8/2015 13:30,14.2244,27.567,10246124
B0997,1661,4/8/2015 14:00,14.224,28.06,10246124
B0997,1662,4/8/2015 14:30,14.2128,27.665,10246124
B0997,1663,4/8/2015 15:00,14.2069,29.953,10246124
B0997,1664,4/8/2015 15:30,14.199,31.064,10246124
B0997,1665,4/8/2015 16:00,14.1948,29.953,10246124
B0997,1666,4/8/2015 16:30,14.194,30.356,10246124
B0997,1667,4/8/2015 17:00,14.1909,29.552,10246124
B0997,1668,4/8/2015 17:30,14.1938,29.053,10246124
B0997,1669,4/8/2015 18:00,14.1972,27.37,10246124
B0997,1670,4/8/2015 18:30,14.1922,24.738,10246124
B0997,1671,4/8/2015 19:00,14.1943,22.046,10246124
B0997,1672,4/8/2015 19:30,14.1973,20.234,10246124
B0997,1673,4/8/2015 20:00,14.1977,18.996,10246124
B0997,1674,4/8/2015 20:30,14.2043,18.14,10246124
B0997,1675,4/8/2015 21:00,14.2091,17.475,10246124
B0997,1676,4/8/2015 21:30,14.2098,16.999,10246124
B0997,1677,4/8/2015 22:00,14.2133,16.618,10246124
B0997,1678,4/8/2015 22:30,14.2128,16.523,10246124
B0997,1679,4/8/2015 23:00,14.2098,16.332,10246124
B0997,1680,4/8/2015 23:30,14.207,16.237,10246124
B0997,1681,4/9/2015 0:00,14.2015,16.046,10246124
B0997,1682,4/9/2015 0:30,14.2046,16.237,10246124
B0997,1683,4/9/2015 1:00,14.2111,16.713,10246124
B0997,1684,4/9/2015 1:30,14.2128,17.189,10246124
B0997,1685,4/9/2015 2:00,14.2091,16.808,10246124
B0997,1686,4/9/2015 2:30,14.205,16.332,10246124
B0997,1687,4/9/2015 3:00,14.2015,16.046,10246124
B0997,1688,4/9/2015 3:30,14.2002,15.664,10246124
B0997,1689,4/9/2015 4:00,14.2005,15.091,10246124
B0997,1690,4/9/2015 4:30,14.2017,14.709,10246124
B0997,1691,4/9/2015 5:00,14.2027,14.325,10246124
B0997,1692,4/9/2015 5:30,14.2062,13.942,10246124
B0997,1693,4/9/2015 6:00,14.2099,13.654,10246124
B0997,1694,4/9/2015 6:30,14.214,13.461,10246124
B0997,1695,4/9/2015 7:00,14.2167,13.558,10246124
B0997,1696,4/9/2015 7:30,14.2208,14.709,10246124
B0997,1697,4/9/2015 8:00,14.2236,16.808,10246124
B0997,1698,4/9/2015 8:30,14.2281,20.71,10246124
B0997,1699,4/9/2015 9:00,14.231,23.484,10246124
B0997,1700,4/9/2015 9:30,14.2375,25.902,10246124
B0997,1701,4/9/2015 10:00,14.2373,27.764,10246124
B0997,1702,4/9/2015 10:30,14.2388,30.054,10246124
B0997,1703,4/9/2015 11:00,14.2357,31.166,10246124
B0997,1704,4/9/2015 11:30,14.231,31.166,10246124
B0997,1705,4/9/2015 12:00,14.2217,30.659,10246124
B0997,1706,4/9/2015 12:30,14.2211,31.778,10246124
B0997,1707,4/9/2015 13:00,14.2153,30.862,10246124
B0997,1708,4/9/2015 13:30,14.2104,31.472,10246124
B0997,1709,4/9/2015 14:00,14.204,30.457,10246124
B0997,1710,4/9/2015 14:30,14.1985,30.255,10246124
B0997,1711,4/9/2015 15:00,14.193,29.452,10246124
B0997,1712,4/9/2015 15:30,14.1885,29.552,10246124
B0997,1713,4/9/2015 16:00,14.1876,29.953,10246124
B0997,1714,4/9/2015 16:30,14.1883,30.154,10246124
B0997,1715,4/9/2015 17:00,14.1882,29.452,10246124
B0997,1716,4/9/2015 17:30,14.1885,28.258,10246124
B0997,1717,4/9/2015 18:00,14.1876,27.37,10246124
B0997,1718,4/9/2015 18:30,14.1882,26.879,10246124
B0997,1719,4/9/2015 19:00,14.1889,25.805,10246124
B0997,1720,4/9/2015 19:30,14.1856,24.255,10246124
B0997,1721,4/9/2015 20:00,14.1841,23.869,10246124
B0997,1722,4/9/2015 20:30,14.1876,23.484,10246124
B0997,1723,4/9/2015 21:00,14.1895,22.046,10246124
B0997,1724,4/9/2015 21:30,14.1905,20.996,10246124
B0997,1725,4/9/2015 22:00,14.1922,22.142,10246124
B0997,1726,4/9/2015 22:30,14.1914,23.869,10246124
B0997,1727,4/9/2015 23:00,14.1893,23.966,10246124
B0997,1728,4/9/2015 23:30,14.1886,23.1,10246124
B0997,1729,4/10/2015 0:00,14.1889,23.196,10246124
B0997,1730,4/10/2015 0:30,14.1899,23.484,10246124
B0997,1731,4/10/2015 1:00,14.1909,23.1,10246124
B0997,1732,4/10/2015 1:30,14.1947,22.812,10246124
B0997,1733,4/10/2015 2:00,14.1895,22.717,10246124
B0997,1734,4/10/2015 2:30,14.1895,20.71,10246124
B0997,1735,4/10/2015 3:00,14.1843,21.282,10246124
B0997,1736,4/10/2015 3:30,14.1792,21.187,10246124
B0997,1737,4/10/2015 4:00,14.1767,21.187,10246124
B0997,1738,4/10/2015 4:30,14.1747,20.615,10246124
B0997,1739,4/10/2015 5:00,14.1722,20.615,10246124
B0997,1740,4/10/2015 5:30,14.1774,20.043,10246124
B0997,1741,4/10/2015 6:00,14.1735,19.662,10246124
B0997,1742,4/10/2015 6:30,14.179,18.521,10246124
B0997,1743,4/10/2015 7:00,14.1843,18.616,10246124
B0997,1744,4/10/2015 7:30,14.1863,19.187,10246124
B0997,1745,4/10/2015 8:00,14.189,19.948,10246124
B0997,1746,4/10/2015 8:30,14.1885,20.424,10246124
B0997,1747,4/10/2015 9:00,14.1888,21.187,10246124
B0997,1748,4/10/2015 9:30,14.1877,21.569,10246124
B0997,1749,4/10/2015 10:00,14.1922,22.142,10246124
B0997,1750,4/10/2015 10:30,14.1951,22.908,10246124
B0997,1751,4/10/2015 11:00,14.1883,23.677,10246124
B0997,1752,4/10/2015 11:30,14.1883,24.351,10246124
B0997,1753,4/10/2015 12:00,14.1802,25.416,10246124
B0997,1754,4/10/2015 12:30,14.1805,24.835,10246124
B0997,1755,4/10/2015 13:00,14.1763,24.351,10246124
B0997,1756,4/10/2015 13:30,14.1641,25.61,10246124
B0997,1757,4/10/2015 14:00,14.165,25.222,10246124
B0997,1758,4/10/2015 14:30,14.1609,25.416,10246124
B0997,1759,4/10/2015 15:00,14.1581,25.319,10246124
B0997,1760,4/10/2015 15:30,14.1551,27.075,10246124
B0997,1761,4/10/2015 16:00,14.1538,27.37,10246124
B0997,1762,4/10/2015 16:30,14.1461,25.319,10246124
B0997,1763,4/10/2015 17:00,14.1474,25.028,10246124
B0997,1764,4/10/2015 17:30,14.1484,24.641,10246124
B0997,1765,4/10/2015 18:00,14.149,23.484,10246124
B0997,1766,4/10/2015 18:30,14.1479,22.525,10246124
B0997,1767,4/10/2015 19:00,14.1509,22.046,10246124
B0997,1768,4/10/2015 19:30,14.1519,21.664,10246124
B0997,1769,4/10/2015 20:00,14.1581,21.378,10246124
B0997,1770,4/10/2015 20:30,14.1626,21.282,10246124
B0997,1771,4/10/2015 21:00,14.1702,20.71,10246124
B0997,1772,4/10/2015 21:30,14.1747,19.948,10246124
B0997,1773,4/10/2015 22:00,14.1805,19.567,10246124
B0997,1774,4/10/2015 22:30,14.1808,18.996,10246124
B0997,1775,4/10/2015 23:00,14.1818,19.282,10246124
B0997,1776,4/10/2015 23:30,14.1843,18.616,10246124
B0997,1777,4/11/2015 0:00,14.185,18.806,10246124
B0997,1778,4/11/2015 0:30,14.187,18.045,10246124
B0997,1779,4/11/2015 1:00,14.188,17.665,10246124
B0997,1780,4/11/2015 1:30,14.184,17.189,10246124
B0997,1781,4/11/2015 2:00,14.1812,17.094,10246124
B0997,1782,4/11/2015 2:30,14.1832,16.999,10246124
B0997,1783,4/11/2015 3:00,14.1885,16.427,10246124
B0997,1784,4/11/2015 3:30,14.1857,16.332,10246124
B0997,1785,4/11/2015 4:00,14.1898,16.141,10246124
B0997,1786,4/11/2015 4:30,14.194,15.951,10246124
B0997,1787,4/11/2015 5:00,14.1998,15.569,10246124
B0997,1788,4/11/2015 5:30,14.208,15.187,10246124
B0997,1789,4/11/2015 6:00,14.2143,14.9,10246124
B0997,1790,4/11/2015 6:30,14.2233,14.709,10246124
B0997,1791,4/11/2015 7:00,14.2346,14.517,10246124
B0997,1792,4/11/2015 7:30,14.2411,14.325,10246124
B0997,1793,4/11/2015 8:00,14.2429,15.473,10246124
B0997,1794,4/11/2015 8:30,14.2459,16.999,10246124
B0997,1795,4/11/2015 9:00,14.2466,17.855,10246124
B0997,1796,4/11/2015 9:30,14.2494,19.948,10246124
B0997,1797,4/11/2015 10:00,14.2508,21.664,10246124
B0997,1798,4/11/2015 10:30,14.2494,21.951,10246124
B0997,1799,4/11/2015 11:00,14.244,25.708,10246124
B0997,1800,4/11/2015 11:30,14.2398,26.488,10246124
B0997,1801,4/11/2015 12:00,14.2318,25.028,10246124
B0997,1802,4/11/2015 12:30,14.2291,24.931,10246124
B0997,1803,4/11/2015 13:00,14.2265,25.513,10246124
B0997,1804,4/11/2015 13:30,14.2259,26,10246124
B0997,1805,4/11/2015 14:00,14.2167,26.781,10246124
B0997,1806,4/11/2015 14:30,14.205,26.879,10246124
B0997,1807,4/11/2015 15:00,14.2047,29.352,10246124
B0997,1808,4/11/2015 15:30,14.2006,27.665,10246124
B0997,1809,4/11/2015 16:00,14.2015,27.862,10246124
B0997,1810,4/11/2015 16:30,14.2054,26.977,10246124
B0997,1811,4/11/2015 17:00,14.2095,26.781,10246124
B0997,1812,4/11/2015 17:30,14.2121,27.468,10246124
B0997,1813,4/11/2015 18:00,14.2141,24.158,10246124
B0997,1814,4/11/2015 18:30,14.2183,20.71,10246124
B0997,1815,4/11/2015 19:00,14.2241,18.331,10246124
B0997,1816,4/11/2015 19:30,14.2246,16.427,10246124
B0997,1817,4/11/2015 20:00,14.227,15.091,10246124
B0997,1818,4/11/2015 20:30,14.2326,13.942,10246124
B0997,1819,4/11/2015 21:00,14.2368,13.076,10246124
B0997,1820,4/11/2015 21:30,14.2408,12.207,10246124
B0997,1821,4/11/2015 22:00,14.2488,11.722,10246124
B0997,1822,4/11/2015 22:30,14.2536,11.041,10246124
B0997,1823,4/11/2015 23:00,14.2616,10.553,10246124
B0997,1824,4/11/2015 23:30,14.2623,10.063,10246124
B0997,1825,4/12/2015 0:00,14.2661,9.768,10246124
B0997,1826,4/12/2015 0:30,14.2671,9.373,10246124
B0997,1827,4/12/2015 1:00,14.2633,8.978,10246124
B0997,1828,4/12/2015 1:30,14.2671,8.68,10246124
B0997,1829,4/12/2015 2:00,14.2688,8.481,10246124
B0997,1830,4/12/2015 2:30,14.2678,8.182,10246124
B0997,1831,4/12/2015 3:00,14.2719,7.983,10246124
B0997,1832,4/12/2015 3:30,14.2759,7.782,10246124
B0997,1833,4/12/2015 4:00,14.2824,7.582,10246124
B0997,1834,4/12/2015 4:30,14.2867,7.381,10246124
B0997,1835,4/12/2015 5:00,14.2862,7.28,10246124
B0997,1836,4/12/2015 5:30,14.2958,7.28,10246124
B0997,1837,4/12/2015 6:00,14.2927,7.079,10246124
B0997,1838,4/12/2015 6:30,14.2996,6.978,10246124
B0997,1839,4/12/2015 7:00,14.3061,7.481,10246124
B0997,1840,4/12/2015 7:30,14.3155,8.779,10246124
B0997,1841,4/12/2015 8:00,14.321,11.041,10246124
B0997,1842,4/12/2015 8:30,14.3219,15.378,10246124
B0997,1843,4/12/2015 9:00,14.3236,17.855,10246124
B0997,1844,4/12/2015 9:30,14.3261,19.187,10246124
B0997,1845,4/12/2015 10:00,14.3268,20.043,10246124
B0997,1846,4/12/2015 10:30,14.3313,19.948,10246124
B0997,1847,4/12/2015 11:00,14.3296,20.138,10246124
B0997,1848,4/12/2015 11:30,14.3231,21.664,10246124
B0997,1849,4/12/2015 12:00,14.3142,21.855,10246124
B0997,1850,4/12/2015 12:30,14.3142,21.855,10246124
B0997,1851,4/12/2015 13:00,14.3128,22.142,10246124
B0997,1852,4/12/2015 13:30,14.3084,22.908,10246124
B0997,1853,4/12/2015 14:00,14.2997,22.525,10246124
B0997,1854,4/12/2015 14:30,14.2881,22.621,10246124
B0997,1855,4/12/2015 15:00,14.2906,23.292,10246124
B0997,1856,4/12/2015 15:30,14.2911,22.142,10246124
B0997,1857,4/12/2015 16:00,14.2864,22.142,10246124
B0997,1858,4/12/2015 16:30,14.2887,22.142,10246124
B0997,1859,4/12/2015 17:00,14.2869,22.333,10246124
B0997,1860,4/12/2015 17:30,14.2852,21.855,10246124
B0997,1861,4/12/2015 18:00,14.2887,20.805,10246124
B0997,1862,4/12/2015 18:30,14.2868,18.996,10246124
B0997,1863,4/12/2015 19:00,14.2875,17.189,10246124
B0997,1864,4/12/2015 19:30,14.2938,15.569,10246124
B0997,1865,4/12/2015 20:00,14.2996,14.517,10246124
B0997,1866,4/12/2015 20:30,14.3058,13.558,10246124
B0997,1867,4/12/2015 21:00,14.3148,12.69,10246124
B0997,1868,4/12/2015 21:30,14.3144,11.916,10246124
B0997,1869,4/12/2015 22:00,14.3148,11.334,10246124
B0997,1870,4/12/2015 22:30,14.3144,11.236,10246124
B0997,1871,4/12/2015 23:00,14.3183,11.625,10246124
B0997,1872,4/12/2015 23:30,14.3141,11.819,10246124
B0997,1873,4/13/2015 0:00,14.3113,12.401,10246124
B0997,1874,4/13/2015 0:30,14.3086,12.98,10246124
B0997,1875,4/13/2015 1:00,14.3096,13.269,10246124
B0997,1876,4/13/2015 1:30,14.3048,13.269,10246124
B0997,1877,4/13/2015 2:00,14.3003,13.365,10246124
B0997,1878,4/13/2015 2:30,14.299,13.654,10246124
B0997,1879,4/13/2015 3:00,14.294,13.654,10246124
B0997,1880,4/13/2015 3:30,14.2945,13.75,10246124
B0997,1881,4/13/2015 4:00,14.2951,13.942,10246124
B0997,1882,4/13/2015 4:30,14.2955,14.038,10246124
B0997,1883,4/13/2015 5:00,14.2935,14.134,10246124
B0997,1884,4/13/2015 5:30,14.2958,14.134,10246124
B0997,1885,4/13/2015 6:00,14.2983,14.134,10246124
B0997,1886,4/13/2015 6:30,14.3058,14.23,10246124
B0997,1887,4/13/2015 7:00,14.3068,14.517,10246124
B0997,1888,4/13/2015 7:30,14.3071,14.613,10246124
B0997,1889,4/13/2015 8:00,14.3086,14.996,10246124
B0997,1890,4/13/2015 8:30,14.3144,15.282,10246124
B0997,1891,4/13/2015 9:00,14.3154,15.569,10246124
B0997,1892,4/13/2015 9:30,14.3154,15.569,10246124
B0997,1893,4/13/2015 10:00,14.3196,15.378,10246124
B0997,1894,4/13/2015 10:30,14.3206,15.664,10246124
B0997,1895,4/13/2015 11:00,14.3123,16.046,10246124
B0997,1896,4/13/2015 11:30,14.3106,15.569,10246124
B0997,1897,4/13/2015 12:00,14.3041,15.76,10246124
B0997,1898,4/13/2015 12:30,14.2988,15.664,10246124
B0997,1899,4/13/2015 13:00,14.2923,15.855,10246124
B0997,1900,4/13/2015 13:30,14.2927,15.951,10246124
B0997,1901,4/13/2015 14:00,14.2861,16.141,10246124
B0997,1902,4/13/2015 14:30,14.2745,16.903,10246124
B0997,1903,4/13/2015 15:00,14.2697,16.903,10246124
B0997,1904,4/13/2015 15:30,14.2682,17.189,10246124
B0997,1905,4/13/2015 16:00,14.261,17.189,10246124
B0997,1906,4/13/2015 16:30,14.2658,17.189,10246124
B0997,1907,4/13/2015 17:00,14.2607,17.094,10246124
B0997,1908,4/13/2015 17:30,14.2603,16.999,10246124
B0997,1909,4/13/2015 18:00,14.2603,16.999,10246124
B0997,1910,4/13/2015 18:30,14.2572,16.808,10246124
B0997,1911,4/13/2015 19:00,14.2592,16.713,10246124
B0997,1912,4/13/2015 19:30,14.2614,16.618,10246124
B0997,1913,4/13/2015 20:00,14.2662,16.618,10246124
B0997,1914,4/13/2015 20:30,14.2658,16.523,10246124
B0997,1915,4/13/2015 21:00,14.2682,16.523,10246124
B0997,1916,4/13/2015 21:30,14.2682,16.523,10246124
B0997,1917,4/13/2015 22:00,14.2655,16.427,10246124
B0997,1918,4/13/2015 22:30,14.261,16.523,10246124
B0997,1919,4/13/2015 23:00,14.2562,16.523,10246124
B0997,1920,4/13/2015 23:30,14.2562,16.523,10246124
B0997,1921,4/14/2015 0:00,14.2511,16.427,10246124
B0997,1922,4/14/2015 0:30,14.2439,16.427,10246124
B0997,1923,4/14/2015 1:00,14.2366,16.427,10246124
B0997,1924,4/14/2015 1:30,14.2318,16.427,10246124
B0997,1925,4/14/2015 2:00,14.2246,16.427,10246124
B0997,1926,4/14/2015 2:30,14.2198,16.427,10246124
B0997,1927,4/14/2015 3:00,14.215,16.427,10246124
B0997,1928,4/14/2015 3:30,14.2128,17.189,10246124
B0997,1929,4/14/2015 4:00,14.2088,17.379,10246124
B0997,1930,4/14/2015 4:30,14.206,17.95,10246124
B0997,1931,4/14/2015 5:00,14.206,17.95,10246124
B0997,1932,4/14/2015 5:30,14.2056,17.855,10246124
B0997,1933,4/14/2015 6:00,14.2053,17.76,10246124
B0997,1934,4/14/2015 6:30,14.2128,17.855,10246124
B0997,1935,4/14/2015 7:00,14.2083,17.95,10246124
B0997,1936,4/14/2015 7:30,14.2121,18.331,10246124
B0997,1937,4/14/2015 8:00,14.2111,18.711,10246124
B0997,1938,4/14/2015 8:30,14.2091,18.806,10246124
B0997,1939,4/14/2015 9:00,14.208,19.187,10246124
B0997,1940,4/14/2015 9:30,14.2101,19.092,10246124
B0997,1941,4/14/2015 10:00,14.2076,19.092,10246124
B0997,1942,4/14/2015 10:30,14.2104,19.187,10246124
B0997,1943,4/14/2015 11:00,14.2035,19.948,10246124
B0997,1944,4/14/2015 11:30,14.196,19.853,10246124
B0997,1945,4/14/2015 12:00,14.187,21.378,10246124
B0997,1946,4/14/2015 12:30,14.1909,23.1,10246124
B0997,1947,4/14/2015 13:00,14.1895,24.641,10246124
B0997,1948,4/14/2015 13:30,14.1896,23.388,10246124
B0997,1949,4/14/2015 14:00,14.1802,25.416,10246124
B0997,1950,4/14/2015 14:30,14.1729,26.683,10246124
B0997,1951,4/14/2015 15:00,14.1658,28.655,10246124
B0997,1952,4/14/2015 15:30,14.1625,29.053,10246124
B0997,1953,4/14/2015 16:00,14.1571,28.258,10246124
B0997,1954,4/14/2015 16:30,14.1581,27.272,10246124
B0997,1955,4/14/2015 17:00,14.1567,26.879,10246124
B0997,1956,4/14/2015 17:30,14.15,26.39,10246124
B0997,1957,4/14/2015 18:00,14.1554,25.222,10246124
B0997,1958,4/14/2015 18:30,14.1613,23.581,10246124
B0997,1959,4/14/2015 19:00,14.1644,21.76,10246124
B0997,1960,4/14/2015 19:30,14.1692,19.758,10246124
B0997,1961,4/14/2015 20:00,14.1802,18.806,10246124
B0997,1962,4/14/2015 20:30,14.1857,18.331,10246124
B0997,1963,4/14/2015 21:00,14.1908,17.76,10246124
B0997,1964,4/14/2015 21:30,14.196,17.189,10246124
B0997,1965,4/14/2015 22:00,14.197,16.808,10246124
B0997,1966,4/14/2015 22:30,14.1943,16.713,10246124
B0997,1967,4/14/2015 23:00,14.1932,16.427,10246124
B0997,1968,4/14/2015 23:30,14.1922,16.141,10246124
B0997,1969,4/15/2015 0:00,14.196,15.855,10246124
B0997,1970,4/15/2015 0:30,14.195,15.569,10246124
B0997,1971,4/15/2015 1:00,14.195,15.569,10246124
B0997,1972,4/15/2015 1:30,14.2025,15.664,10246124
B0997,1973,4/15/2015 2:00,14.2046,16.237,10246124
B0997,1974,4/15/2015 2:30,14.2015,16.713,10246124
B0997,1975,4/15/2015 3:00,14.206,16.618,10246124
B0997,1976,4/15/2015 3:30,14.2098,16.332,10246124
B0997,1977,4/15/2015 4:00,14.2088,16.046,10246124
B0997,1978,4/15/2015 4:30,14.2085,15.951,10246124
B0997,1979,4/15/2015 5:00,14.2173,15.76,10246124
B0997,1980,4/15/2015 5:30,14.2153,15.187,10246124
B0997,1981,4/15/2015 6:00,14.224,14.9,10246124
B0997,1982,4/15/2015 6:30,14.2373,14.613,10246124
B0997,1983,4/15/2015 7:00,14.2391,14.421,10246124
B0997,1984,4/15/2015 7:30,14.2436,14.325,10246124
B0997,1985,4/15/2015 8:00,14.2456,14.23,10246124
B0997,1986,4/15/2015 8:30,14.2481,14.23,10246124
B0997,1987,4/15/2015 9:00,14.2518,13.942,10246124
B0997,1988,4/15/2015 9:30,14.2559,13.75,10246124
B0997,1989,4/15/2015 10:00,14.2604,13.654,10246124
B0997,1990,4/15/2015 10:30,14.2646,13.461,10246124
B0997,1991,4/15/2015 11:00,14.2632,13.75,10246124
B0997,1992,4/15/2015 11:30,14.2674,13.558,10246124
B0997,1993,4/15/2015 12:00,14.2649,12.883,10246124
B0997,1994,4/15/2015 12:30,14.2714,12.013,10246124
B0997,1995,4/15/2015 13:00,14.2711,11.916,10246124
B0997,1996,4/15/2015 13:30,14.2684,11.819,10246124
B0997,1997,4/15/2015 14:00,14.2694,11.431,10246124
B0997,1998,4/15/2015 14:30,14.2684,11.139,10246124
B0997,1999,4/15/2015 15:00,14.2671,10.748,10246124
B0997,2000,4/15/2015 15:30,14.2671,10.748,10246124
B0997,2001,4/15/2015 16:00,14.2714,10.651,10246124
B0997,2002,4/15/2015 16:30,14.2746,10.846,10246124
B0997,2003,4/15/2015 17:00,14.2749,10.944,10246124
B0997,2004,4/15/2015 17:30,14.2797,10.944,10246124
B0997,2005,4/15/2015 18:00,14.2856,10.553,10246124
B0997,2006,4/15/2015 18:30,14.29,10.455,10246124
B0997,2007,4/15/2015 19:00,14.2938,10.161,10246124
B0997,2008,4/15/2015 19:30,14.2987,10.161,10246124
B0997,2009,4/15/2015 20:00,14.3058,10.161,10246124
B0997,2010,4/15/2015 20:30,14.3123,9.965,10246124
B0997,2011,4/15/2015 21:00,14.3216,9.866,10246124
B0997,2012,4/15/2015 21:30,14.3213,9.768,10246124
B0997,2013,4/15/2015 22:00,14.3213,9.768,10246124
B0997,2014,4/15/2015 22:30,14.3193,9.866,10246124
B0997,2015,4/15/2015 23:00,14.3193,9.866,10246124
B0997,2016,4/15/2015 23:30,14.3168,9.866,10246124
