SiteID,Date.Time,Air Temp C,Water Temp C,Sensor Depth ft,Discharge
CB192,1/1/2016 0:00,8.779,13.173,2.97,172
CB192,1/1/2016 0:30,8.082,13.076,2.96,170
CB192,1/1/2016 1:00,7.582,12.98,2.97,172
CB192,1/1/2016 1:30,7.28,12.883,2.95,169
CB192,1/1/2016 2:00,6.978,12.69,2.94,167
CB192,1/1/2016 2:30,6.37,12.594,2.92,163
CB192,1/1/2016 3:00,6.064,12.497,2.91,162
CB192,1/1/2016 3:30,6.37,12.401,2.92,163
CB192,1/1/2016 4:00,6.471,12.207,2.9,160
CB192,1/1/2016 4:30,6.471,12.207,2.87,154
CB192,1/1/2016 5:00,6.37,12.11,2.87,154
CB192,1/1/2016 5:30,6.166,12.013,2.86,153
CB192,1/1/2016 6:00,6.064,11.916,2.85,151
CB192,1/1/2016 6:30,5.757,11.819,2.83,147
CB192,1/1/2016 7:00,5.757,11.722,2.83,147
CB192,1/1/2016 7:30,5.655,11.625,2.82,145
CB192,1/1/2016 8:00,5.552,11.528,2.86,153
CB192,1/1/2016 8:30,5.655,11.528,2.84,149
CB192,1/1/2016 9:00,6.064,11.431,2.86,153
CB192,1/1/2016 9:30,6.877,11.334,2.83,147
CB192,1/1/2016 10:00,7.682,11.334,2.82,145
CB192,1/1/2016 10:30,8.481,11.334,2.8,142
CB192,1/1/2016 11:00,9.768,11.431,2.8,142
CB192,1/1/2016 11:30,11.528,11.431,2.82,145
CB192,1/1/2016 12:00,11.819,11.625,2.78,138
CB192,1/1/2016 12:30,12.304,11.625,2.77,137
CB192,1/1/2016 13:00,12.013,11.722,2.76,135
CB192,1/1/2016 13:30,11.722,11.625,2.76,135
CB192,1/1/2016 14:00,11.528,11.625,2.75,133
CB192,1/1/2016 14:30,11.334,11.625,2.75,133
CB192,1/1/2016 15:00,10.944,11.625,2.75,133
CB192,1/1/2016 15:30,10.846,11.625,2.72,128
CB192,1/1/2016 16:00,10.357,11.625,2.73,130
CB192,1/1/2016 16:30,9.866,11.528,2.73,130
CB192,1/1/2016 17:00,9.373,11.528,2.72,128
CB192,1/1/2016 17:30,8.68,11.431,2.72,128
CB192,1/1/2016 18:00,7.481,11.334,2.71,127
CB192,1/1/2016 18:30,6.877,11.236,2.72,128
CB192,1/1/2016 19:00,7.381,11.139,2.74,132
CB192,1/1/2016 19:30,7.28,11.139,2.7,125
CB192,1/1/2016 20:00,6.674,11.041,2.7,125
CB192,1/1/2016 20:30,6.775,10.944,2.69,124
CB192,1/1/2016 21:00,6.268,10.748,2.7,125
CB192,1/1/2016 21:30,6.573,10.651,2.7,125
CB192,1/1/2016 22:00,6.064,10.553,2.7,125
CB192,1/1/2016 22:30,5.244,10.455,2.76,135
CB192,1/1/2016 23:00,5.347,10.357,2.71,127
CB192,1/1/2016 23:30,4.934,10.259,2.7,125
CB192,1/2/2016 0:00,4.519,10.161,2.72,128
CB192,1/2/2016 0:30,4.102,10.063,2.74,132
CB192,1/2/2016 1:00,3.578,9.965,2.68,122
CB192,1/2/2016 1:30,3.261,9.866,2.69,124
CB192,1/2/2016 2:00,2.837,9.768,2.65,117
CB192,1/2/2016 2:30,1.872,9.669,2.64,116
CB192,1/2/2016 3:00,1.003,9.571,2.64,116
CB192,1/2/2016 3:30,0.343,9.373,2.64,116
CB192,1/2/2016 4:00,-0.325,9.275,2.63,114
CB192,1/2/2016 4:30,-0.774,9.176,2.63,114
CB192,1/2/2016 5:00,-1.114,9.077,2.65,117
CB192,1/2/2016 5:30,-1.57,8.879,2.62,113
CB192,1/2/2016 6:00,-1.799,8.779,2.63,114
CB192,1/2/2016 6:30,-1.914,8.68,2.63,114
CB192,1/2/2016 7:00,-2.03,8.581,2.63,114
CB192,1/2/2016 7:30,-2.261,8.481,2.63,114
CB192,1/2/2016 8:00,-2.261,8.382,2.63,114
CB192,1/2/2016 8:30,-2.03,8.282,2.63,114
CB192,1/2/2016 9:00,-1.341,8.182,2.62,113
CB192,1/2/2016 9:30,0.01,8.082,2.63,114
CB192,1/2/2016 10:00,1.439,8.082,2.63,114
CB192,1/2/2016 10:30,3.367,8.182,2.62,113
CB192,1/2/2016 11:00,5.141,8.182,2.61,111
CB192,1/2/2016 11:30,6.471,8.282,2.6,110
CB192,1/2/2016 12:00,7.782,8.382,2.61,111
CB192,1/2/2016 12:30,8.182,8.581,2.6,110
CB192,1/2/2016 13:00,8.581,8.779,2.6,110
CB192,1/2/2016 13:30,9.275,8.879,2.6,110
CB192,1/2/2016 14:00,10.357,8.978,2.59,108
CB192,1/2/2016 14:30,11.041,9.077,2.59,108
CB192,1/2/2016 15:00,10.651,9.176,2.58,107
CB192,1/2/2016 15:30,9.373,9.176,2.59,108
CB192,1/2/2016 16:00,8.779,9.176,2.58,107
CB192,1/2/2016 16:30,8.182,9.176,2.59,108
CB192,1/2/2016 17:00,6.471,9.077,2.58,107
CB192,1/2/2016 17:30,4.727,8.978,2.57,105
CB192,1/2/2016 18:00,3.049,8.879,2.58,107
CB192,1/2/2016 18:30,1.764,8.779,2.57,105
CB192,1/2/2016 19:00,0.784,8.779,2.57,105
CB192,1/2/2016 19:30,0.121,8.68,2.56,104
CB192,1/2/2016 20:00,-0.325,8.581,2.56,104
CB192,1/2/2016 20:30,-0.549,8.481,2.56,104
CB192,1/2/2016 21:00,-0.887,8.382,2.56,104
CB192,1/2/2016 21:30,-1.114,8.282,2.55,103
CB192,1/2/2016 22:00,-1.456,8.282,2.56,104
CB192,1/2/2016 22:30,-1.57,8.182,2.55,103
CB192,1/2/2016 23:00,-1.914,8.082,2.55,103
CB192,1/2/2016 23:30,-1.914,7.983,2.55,103
CB192,1/3/2016 0:00,-2.03,7.882,2.54,101
CB192,1/3/2016 0:30,-2.145,7.782,2.54,101
CB192,1/3/2016 1:00,-2.145,7.782,2.54,101
CB192,1/3/2016 1:30,-2.261,7.682,2.54,101
CB192,1/3/2016 2:00,-2.61,7.582,2.53,100
CB192,1/3/2016 2:30,-2.727,7.582,2.54,101
CB192,1/3/2016 3:00,-3.079,7.481,2.54,101
CB192,1/3/2016 3:30,-3.079,7.381,2.53,100
CB192,1/3/2016 4:00,-3.434,7.28,2.53,100
CB192,1/3/2016 4:30,-3.434,7.28,2.52,98
CB192,1/3/2016 5:00,-3.911,7.179,2.53,100
CB192,1/3/2016 5:30,-4.031,7.079,2.53,100
CB192,1/3/2016 6:00,-4.152,6.978,2.52,98
CB192,1/3/2016 6:30,-4.272,6.978,2.52,98
CB192,1/3/2016 7:00,-4.272,6.877,2.52,98
CB192,1/3/2016 7:30,-4.272,6.775,2.51,97
CB192,1/3/2016 8:00,-4.031,6.775,2.52,98
CB192,1/3/2016 8:30,-3.434,6.674,2.51,97
CB192,1/3/2016 9:00,-2.03,6.674,2.51,97
CB192,1/3/2016 9:30,-0.549,6.674,2.51,97
CB192,1/3/2016 10:00,0.343,6.775,2.52,98
CB192,1/3/2016 10:30,2.624,6.877,2.51,97
CB192,1/3/2016 11:00,6.775,6.978,2.51,97
CB192,1/3/2016 11:30,8.182,7.179,2.5,96
CB192,1/3/2016 12:00,9.669,7.381,2.5,96
CB192,1/3/2016 12:30,10.846,7.582,2.5,96
CB192,1/3/2016 13:00,11.819,7.782,2.5,96
CB192,1/3/2016 13:30,12.497,7.983,2.49,94
CB192,1/3/2016 14:00,13.173,8.182,2.49,94
CB192,1/3/2016 14:30,13.076,8.282,2.49,94
CB192,1/3/2016 15:00,12.98,8.382,2.49,94
CB192,1/3/2016 15:30,11.334,8.481,2.49,94
CB192,1/3/2016 16:00,9.965,8.481,2.48,93
CB192,1/3/2016 16:30,8.481,8.481,2.49,94
CB192,1/3/2016 17:00,7.079,8.481,2.48,93
CB192,1/3/2016 17:30,5.244,8.481,2.48,93
CB192,1/3/2016 18:00,3.683,8.382,2.48,93
CB192,1/3/2016 18:30,2.837,8.382,2.48,93
CB192,1/3/2016 19:00,2.41,8.282,2.47,92
CB192,1/3/2016 19:30,2.517,8.282,2.47,92
CB192,1/3/2016 20:00,3.155,8.182,2.48,93
CB192,1/3/2016 20:30,3.578,8.182,2.47,92
CB192,1/3/2016 21:00,3.578,8.182,2.47,92
CB192,1/3/2016 21:30,2.943,8.182,2.47,92
CB192,1/3/2016 22:00,2.41,8.082,2.47,92
CB192,1/3/2016 22:30,1.764,8.082,2.47,92
CB192,1/3/2016 23:00,1.33,7.983,2.46,90
CB192,1/3/2016 23:30,0.674,7.983,2.46,90
CB192,1/4/2016 0:00,-0.102,7.882,2.45,89
CB192,1/4/2016 0:30,-0.549,7.882,2.46,90
CB192,1/4/2016 1:00,-0.887,7.782,2.46,90
CB192,1/4/2016 1:30,-1.114,7.782,2.46,90
CB192,1/4/2016 2:00,-1.341,7.682,2.45,89
CB192,1/4/2016 2:30,-1.228,7.682,2.45,89
CB192,1/4/2016 3:00,-0.887,7.582,2.45,89
CB192,1/4/2016 3:30,-0.774,7.582,2.45,89
CB192,1/4/2016 4:00,-0.887,7.481,2.44,88
CB192,1/4/2016 4:30,-0.887,7.481,2.45,89
CB192,1/4/2016 5:00,-1.001,7.381,2.43,86
CB192,1/4/2016 5:30,-1.228,7.381,2.44,88
CB192,1/4/2016 6:00,-1.228,7.28,2.44,88
CB192,1/4/2016 6:30,-1.456,7.179,2.44,88
CB192,1/4/2016 7:00,-1.228,7.179,2.44,88
CB192,1/4/2016 7:30,-1.684,7.079,2.44,88
CB192,1/4/2016 8:00,-2.03,6.978,2.43,86
CB192,1/4/2016 8:30,-1.799,6.978,2.43,86
CB192,1/4/2016 9:00,0.784,6.877,2.42,85
CB192,1/4/2016 9:30,1.764,6.877,2.42,85
CB192,1/4/2016 10:00,2.517,6.877,2.42,85
CB192,1/4/2016 10:30,3.155,6.877,2.42,85
CB192,1/4/2016 11:00,3.578,6.877,2.39,81
CB192,1/4/2016 11:30,3.998,6.978,2.37,79
CB192,1/4/2016 12:00,3.998,7.079,2.38,80
CB192,1/4/2016 12:30,4.207,7.179,2.37,79
CB192,1/4/2016 13:00,3.578,7.28,2.37,79
CB192,1/4/2016 13:30,2.837,7.381,2.38,80
CB192,1/4/2016 14:00,3.049,7.381,2.38,80
CB192,1/4/2016 14:30,3.367,7.381,2.37,79
CB192,1/4/2016 15:00,3.367,7.381,2.37,79
CB192,1/4/2016 15:30,3.683,7.381,2.36,78
CB192,1/4/2016 16:00,3.049,7.28,2.35,77
CB192,1/4/2016 16:30,1.764,7.28,2.36,78
CB192,1/4/2016 17:00,1.112,7.179,2.35,77
CB192,1/4/2016 17:30,0.563,7.079,2.35,77
CB192,1/4/2016 18:00,0.232,6.978,2.35,77
CB192,1/4/2016 18:30,-0.887,6.775,2.35,77
CB192,1/4/2016 19:00,-1.684,6.674,2.34,75
CB192,1/4/2016 19:30,-1.57,6.573,2.34,75
CB192,1/4/2016 20:00,-1.341,6.471,2.37,79
CB192,1/4/2016 20:30,-1.228,6.37,2.38,80
CB192,1/4/2016 21:00,-1.456,6.268,2.36,78
CB192,1/4/2016 21:30,-1.684,6.166,2.36,78
CB192,1/4/2016 22:00,-1.914,6.064,2.35,77
CB192,1/4/2016 22:30,-2.261,5.962,2.36,78
CB192,1/4/2016 23:00,-2.61,5.962,2.35,77
CB192,1/4/2016 23:30,-2.61,5.86,2.33,74
CB192,1/5/2016 0:00,-2.145,5.757,2.32,73
CB192,1/5/2016 0:30,-2.727,5.655,2.33,74
CB192,1/5/2016 1:00,-3.079,5.552,2.32,73
CB192,1/5/2016 1:30,-3.316,5.552,2.32,73
CB192,1/5/2016 2:00,-3.792,5.45,2.31,72
CB192,1/5/2016 2:30,-4.031,5.347,2.31,72
CB192,1/5/2016 3:00,-4.636,5.244,2.32,73
CB192,1/5/2016 3:30,-4.88,5.244,2.31,72
CB192,1/5/2016 4:00,-5.125,5.141,2.32,73
CB192,1/5/2016 4:30,-5.249,5.037,2.3,71
CB192,1/5/2016 5:00,-5.62,4.934,2.31,72
CB192,1/5/2016 5:30,-6.373,4.831,2.3,71
CB192,1/5/2016 6:00,-6.754,4.727,2.3,71
CB192,1/5/2016 6:30,-6.882,4.727,2.3,71
CB192,1/5/2016 7:00,-7.267,4.623,2.3,71
CB192,1/5/2016 7:30,-7.657,4.519,2.29,70
CB192,1/5/2016 8:00,-7.918,4.415,2.3,71
CB192,1/5/2016 8:30,-7.527,4.311,2.3,71
CB192,1/5/2016 9:00,-6.246,4.311,2.3,71
CB192,1/5/2016 9:30,-4.272,4.207,2.29,70
CB192,1/5/2016 10:00,-2.145,4.311,2.29,70
CB192,1/5/2016 10:30,-1.001,4.311,2.29,70
CB192,1/5/2016 11:00,-0.102,4.415,2.29,70
CB192,1/5/2016 11:30,0.674,4.519,2.28,69
CB192,1/5/2016 12:00,1.33,4.623,2.29,70
CB192,1/5/2016 12:30,1.33,4.831,2.29,70
CB192,1/5/2016 13:00,1.872,5.037,2.29,70
CB192,1/5/2016 13:30,2.303,5.141,2.29,70
CB192,1/5/2016 14:00,2.943,5.244,2.29,70
CB192,1/5/2016 14:30,3.472,5.347,2.29,70
CB192,1/5/2016 15:00,3.261,5.45,2.28,69
CB192,1/5/2016 15:30,2.943,5.45,2.28,69
CB192,1/5/2016 16:00,2.624,5.45,2.28,69
CB192,1/5/2016 16:30,1.872,5.45,2.28,69
CB192,1/5/2016 17:00,1.112,5.45,2.28,69
CB192,1/5/2016 17:30,-0.437,5.347,2.27,68
CB192,1/5/2016 18:00,-1.914,5.347,2.28,69
CB192,1/5/2016 18:30,-2.494,5.244,2.28,69
CB192,1/5/2016 19:00,-3.197,5.037,2.28,69
CB192,1/5/2016 19:30,-3.792,4.934,2.27,68
CB192,1/5/2016 20:00,-4.393,4.831,2.28,69
CB192,1/5/2016 20:30,-5.003,4.727,2.29,70
CB192,1/5/2016 21:00,-5.372,4.623,2.28,69
CB192,1/5/2016 21:30,-5.745,4.623,2.28,69
CB192,1/5/2016 22:00,-6.246,4.519,2.26,66
CB192,1/5/2016 22:30,-6.626,4.415,2.28,69
CB192,1/5/2016 23:00,-6.882,4.311,2.27,68
CB192,1/5/2016 23:30,-7.138,4.207,2.27,68
CB192,1/6/2016 0:00,-7.527,4.102,2.28,69
CB192,1/6/2016 0:30,-7.787,4.102,2.27,68
CB192,1/6/2016 1:00,-8.05,3.998,2.26,66
CB192,1/6/2016 1:30,-8.182,3.893,2.27,68
CB192,1/6/2016 2:00,-8.447,3.788,2.27,68
CB192,1/6/2016 2:30,-8.713,3.683,2.26,66
CB192,1/6/2016 3:00,-8.847,3.683,2.26,66
CB192,1/6/2016 3:30,-8.982,3.578,2.26,66
CB192,1/6/2016 4:00,-9.117,3.472,2.27,68
CB192,1/6/2016 4:30,-9.252,3.472,2.26,66
CB192,1/6/2016 5:00,-9.388,3.367,2.25,65
CB192,1/6/2016 5:30,-9.388,3.261,2.27,68
CB192,1/6/2016 6:00,-9.525,3.261,2.26,66
CB192,1/6/2016 6:30,-9.525,3.155,2.27,68
CB192,1/6/2016 7:00,-9.799,3.049,2.28,69
CB192,1/6/2016 7:30,-9.799,3.049,2.25,65
CB192,1/6/2016 8:00,-9.799,2.943,2.24,64
CB192,1/6/2016 8:30,-9.388,2.943,2.25,65
CB192,1/6/2016 9:00,-8.05,2.837,2.24,64
CB192,1/6/2016 9:30,-5.249,2.837,2.24,64
CB192,1/6/2016 10:00,-2.494,2.943,2.25,65
CB192,1/6/2016 10:30,-1.456,3.049,2.25,65
CB192,1/6/2016 11:00,-0.437,3.155,2.24,64
CB192,1/6/2016 11:30,0.893,3.261,2.24,64
CB192,1/6/2016 12:00,1.656,3.472,2.23,63
CB192,1/6/2016 12:30,2.088,3.683,2.24,64
CB192,1/6/2016 13:00,2.624,3.893,2.24,64
CB192,1/6/2016 13:30,3.472,4.102,2.24,64
CB192,1/6/2016 14:00,4.415,4.311,2.25,65
CB192,1/6/2016 14:30,5.141,4.415,2.24,64
CB192,1/6/2016 15:00,4.727,4.519,2.23,63
CB192,1/6/2016 15:30,4.519,4.623,2.23,63
CB192,1/6/2016 16:00,3.683,4.727,2.24,64
CB192,1/6/2016 16:30,3.049,4.727,2.24,64
CB192,1/6/2016 17:00,1.98,4.831,2.24,64
CB192,1/6/2016 17:30,0.453,4.831,2.23,63
CB192,1/6/2016 18:00,-1.228,4.727,2.24,64
CB192,1/6/2016 18:30,-1.799,4.623,2.23,63
CB192,1/6/2016 19:00,-2.03,4.623,2.24,64
CB192,1/6/2016 19:30,-2.03,4.519,2.23,63
CB192,1/6/2016 20:00,-1.914,4.415,2.23,63
CB192,1/6/2016 20:30,-2.145,4.415,2.24,64
CB192,1/6/2016 21:00,-2.377,4.311,2.23,63
CB192,1/6/2016 21:30,-2.377,4.311,2.24,64
CB192,1/6/2016 22:00,-2.61,4.311,2.24,64
CB192,1/6/2016 22:30,-2.61,4.311,2.24,64
CB192,1/6/2016 23:00,-2.727,4.207,2.24,64
CB192,1/6/2016 23:30,-2.727,4.207,2.24,64
CB192,1/7/2016 0:00,-2.844,4.207,2.24,64
CB192,1/7/2016 0:30,-3.079,4.102,2.25,65
CB192,1/7/2016 1:00,-2.61,4.102,2.24,64
CB192,1/7/2016 1:30,-2.261,4.102,2.23,63
CB192,1/7/2016 2:00,-1.914,4.102,2.23,63
CB192,1/7/2016 2:30,-1.684,4.207,2.23,63
CB192,1/7/2016 3:00,-1.684,4.207,2.23,63
CB192,1/7/2016 3:30,-1.114,4.207,2.23,63
CB192,1/7/2016 4:00,-0.662,4.311,2.23,63
CB192,1/7/2016 4:30,-0.437,4.311,2.23,63
CB192,1/7/2016 5:00,-0.213,4.311,2.23,63
CB192,1/7/2016 5:30,-0.325,4.415,2.24,64
CB192,1/7/2016 6:00,-0.887,4.415,2.23,63
CB192,1/7/2016 6:30,-1.456,4.415,2.23,63
CB192,1/7/2016 7:00,-1.799,4.415,2.23,63
CB192,1/7/2016 7:30,-2.261,4.415,2.23,63
CB192,1/7/2016 8:00,-2.494,4.415,2.22,62
CB192,1/7/2016 8:30,-2.377,4.311,2.22,62
CB192,1/7/2016 9:00,-2.261,4.311,2.23,63
CB192,1/7/2016 9:30,-1.114,4.415,2.22,62
CB192,1/7/2016 10:00,2.195,4.415,2.23,63
CB192,1/7/2016 10:30,4.311,4.519,2.22,62
CB192,1/7/2016 11:00,5.962,4.623,2.23,63
CB192,1/7/2016 11:30,7.28,4.831,2.22,62
CB192,1/7/2016 12:00,8.182,5.037,2.23,63
CB192,1/7/2016 12:30,8.779,5.347,2.22,62
CB192,1/7/2016 13:00,9.768,5.552,2.23,63
CB192,1/7/2016 13:30,10.553,5.86,2.22,62
CB192,1/7/2016 14:00,11.528,6.064,2.22,62
CB192,1/7/2016 14:30,12.207,6.166,2.22,62
CB192,1/7/2016 15:00,12.013,6.37,2.22,62
CB192,1/7/2016 15:30,11.431,6.471,2.22,62
CB192,1/7/2016 16:00,10.748,6.573,2.22,62
CB192,1/7/2016 16:30,9.275,6.674,2.23,63
CB192,1/7/2016 17:00,7.582,6.674,2.22,62
CB192,1/7/2016 17:30,6.064,6.674,2.22,62
CB192,1/7/2016 18:00,4.934,6.674,2.23,63
CB192,1/7/2016 18:30,3.893,6.674,2.23,63
CB192,1/7/2016 19:00,3.049,6.573,2.22,62
CB192,1/7/2016 19:30,2.41,6.471,2.22,62
CB192,1/7/2016 20:00,1.872,6.37,2.22,62
CB192,1/7/2016 20:30,1.439,6.37,2.22,62
CB192,1/7/2016 21:00,1.112,6.268,2.23,63
CB192,1/7/2016 21:30,0.893,6.268,2.22,62
CB192,1/7/2016 22:00,0.784,6.166,2.22,62
CB192,1/7/2016 22:30,0.674,6.166,2.22,62
CB192,1/7/2016 23:00,0.784,6.166,2.21,61
CB192,1/7/2016 23:30,0.784,6.064,2.21,61
CB192,1/8/2016 0:00,0.784,6.064,2.21,61
CB192,1/8/2016 0:30,0.674,6.064,2.21,61
CB192,1/8/2016 1:00,0.674,5.962,2.21,61
CB192,1/8/2016 1:30,1.003,5.962,2.22,62
CB192,1/8/2016 2:00,1.112,5.962,2.21,61
CB192,1/8/2016 2:30,1.221,5.962,2.22,62
CB192,1/8/2016 3:00,1.221,5.962,2.21,61
CB192,1/8/2016 3:30,1.33,5.962,2.21,61
CB192,1/8/2016 4:00,1.33,5.962,2.21,61
CB192,1/8/2016 4:30,1.439,5.962,2.22,62
CB192,1/8/2016 5:00,1.548,6.064,2.21,61
CB192,1/8/2016 5:30,1.872,6.064,2.21,61
CB192,1/8/2016 6:00,2.517,6.064,2.21,61
CB192,1/8/2016 6:30,3.049,6.064,2.21,61
CB192,1/8/2016 7:00,3.578,6.166,2.21,61
CB192,1/8/2016 7:30,3.683,6.166,2.21,61
CB192,1/8/2016 8:00,3.683,6.268,2.21,61
CB192,1/8/2016 8:30,3.893,6.268,2.21,61
CB192,1/8/2016 9:00,4.311,6.268,2.21,61
CB192,1/8/2016 9:30,4.727,6.37,2.2,60
CB192,1/8/2016 10:00,5.141,6.471,2.21,61
CB192,1/8/2016 10:30,5.552,6.471,2.21,61
CB192,1/8/2016 11:00,5.655,6.573,2.21,61
CB192,1/8/2016 11:30,6.064,6.674,2.2,60
CB192,1/8/2016 12:00,5.86,6.775,2.21,61
CB192,1/8/2016 12:30,6.166,6.877,2.21,61
CB192,1/8/2016 13:00,6.471,6.978,2.21,61
CB192,1/8/2016 13:30,6.775,7.079,2.2,60
CB192,1/8/2016 14:00,6.978,7.179,2.22,62
CB192,1/8/2016 14:30,7.079,7.28,2.22,62
CB192,1/8/2016 15:00,7.28,7.381,2.21,61
CB192,1/8/2016 15:30,7.079,7.481,2.21,61
CB192,1/8/2016 16:00,6.775,7.582,2.22,62
CB192,1/8/2016 16:30,6.471,7.582,2.22,62
CB192,1/8/2016 17:00,6.166,7.582,2.21,61
CB192,1/8/2016 17:30,5.962,7.682,2.21,61
CB192,1/8/2016 18:00,5.757,7.682,2.21,61
CB192,1/8/2016 18:30,5.757,7.682,2.21,61
CB192,1/8/2016 19:00,5.757,7.682,2.21,61
CB192,1/8/2016 19:30,5.757,7.682,2.21,61
CB192,1/8/2016 20:00,5.655,7.682,2.2,60
CB192,1/8/2016 20:30,5.655,7.782,2.2,60
CB192,1/8/2016 21:00,5.655,7.782,2.21,61
CB192,1/8/2016 21:30,5.655,7.782,2.2,60
CB192,1/8/2016 22:00,5.655,7.782,2.19,59
CB192,1/8/2016 22:30,5.655,7.782,2.2,60
CB192,1/8/2016 23:00,5.655,7.782,2.2,60
CB192,1/8/2016 23:30,5.655,7.782,2.2,60
CB192,1/9/2016 0:00,5.655,7.782,2.19,59
CB192,1/9/2016 0:30,5.655,7.782,2.19,59
CB192,1/9/2016 1:00,5.655,7.882,2.2,60
CB192,1/9/2016 1:30,5.655,7.882,2.2,60
CB192,1/9/2016 2:00,5.655,7.882,2.2,60
CB192,1/9/2016 2:30,5.655,7.882,2.2,60
CB192,1/9/2016 3:00,5.655,7.882,2.19,59
CB192,1/9/2016 3:30,5.655,7.882,2.2,60
CB192,1/9/2016 4:00,5.757,7.882,2.2,60
CB192,1/9/2016 4:30,5.655,7.882,2.19,59
CB192,1/9/2016 5:00,5.655,7.882,2.18,58
CB192,1/9/2016 5:30,5.655,7.882,2.19,59
CB192,1/9/2016 6:00,5.655,7.983,2.19,59
CB192,1/9/2016 6:30,5.757,7.983,2.19,59
CB192,1/9/2016 7:00,5.757,7.983,2.19,59
CB192,1/9/2016 7:30,5.757,7.983,2.18,58
CB192,1/9/2016 8:00,5.757,7.983,2.18,58
CB192,1/9/2016 8:30,5.962,7.983,2.19,59
CB192,1/9/2016 9:00,6.166,7.983,2.19,59
CB192,1/9/2016 9:30,6.37,8.082,2.18,58
CB192,1/9/2016 10:00,6.471,8.082,2.19,59
CB192,1/9/2016 10:30,6.573,8.082,2.18,58
CB192,1/9/2016 11:00,7.079,8.182,2.18,58
CB192,1/9/2016 11:30,7.079,8.182,2.19,59
CB192,1/9/2016 12:00,7.28,8.282,2.18,58
CB192,1/9/2016 12:30,7.682,8.382,2.18,58
CB192,1/9/2016 13:00,8.082,8.382,2.18,58
CB192,1/9/2016 13:30,8.481,8.481,2.19,59
CB192,1/9/2016 14:00,8.68,8.581,2.18,58
CB192,1/9/2016 14:30,8.779,8.68,2.18,58
CB192,1/9/2016 15:00,8.779,8.779,2.18,58
CB192,1/9/2016 15:30,8.481,8.779,2.18,58
CB192,1/9/2016 16:00,8.382,8.779,2.17,57
CB192,1/9/2016 16:30,7.983,8.879,2.17,57
CB192,1/9/2016 17:00,7.782,8.879,2.18,58
CB192,1/9/2016 17:30,7.782,8.879,2.18,58
CB192,1/9/2016 18:00,7.682,8.879,2.2,60
CB192,1/9/2016 18:30,7.481,8.779,2.18,58
CB192,1/9/2016 19:00,7.381,8.779,2.19,59
CB192,1/9/2016 19:30,7.28,8.779,2.21,61
CB192,1/9/2016 20:00,7.28,8.779,2.21,61
CB192,1/9/2016 20:30,7.28,8.779,2.21,61
CB192,1/9/2016 21:00,7.179,8.779,2.23,63
CB192,1/9/2016 21:30,7.079,8.779,2.23,63
CB192,1/9/2016 22:00,7.179,8.779,2.24,64
CB192,1/9/2016 22:30,7.079,8.779,2.24,64
CB192,1/9/2016 23:00,7.079,8.779,2.25,65
CB192,1/9/2016 23:30,7.179,8.779,2.25,65
CB192,1/10/2016 0:00,7.079,8.779,2.25,65
CB192,1/10/2016 0:30,7.079,8.779,2.26,66
CB192,1/10/2016 1:00,7.079,8.779,2.26,66
CB192,1/10/2016 1:30,7.079,8.779,2.28,69
CB192,1/10/2016 2:00,7.079,8.779,2.29,70
CB192,1/10/2016 2:30,7.079,8.779,2.31,72
CB192,1/10/2016 3:00,7.079,8.779,2.33,74
CB192,1/10/2016 3:30,7.179,8.779,2.34,75
CB192,1/10/2016 4:00,7.079,8.779,2.34,75
CB192,1/10/2016 4:30,6.877,8.779,2.34,75
CB192,1/10/2016 5:00,6.877,8.779,2.34,75
CB192,1/10/2016 5:30,6.775,8.779,2.34,75
CB192,1/10/2016 6:00,7.079,8.779,2.34,75
CB192,1/10/2016 6:30,7.079,8.68,2.33,74
CB192,1/10/2016 7:00,7.079,8.68,2.34,75
CB192,1/10/2016 7:30,7.28,8.68,2.33,74
CB192,1/10/2016 8:00,7.179,8.68,2.33,74
CB192,1/10/2016 8:30,7.28,8.68,2.33,74
CB192,1/10/2016 9:00,7.582,8.68,2.32,73
CB192,1/10/2016 9:30,7.983,8.68,2.32,73
CB192,1/10/2016 10:00,8.481,8.779,2.31,72
CB192,1/10/2016 10:30,8.978,8.779,2.3,71
CB192,1/10/2016 11:00,9.768,8.879,2.3,71
CB192,1/10/2016 11:30,9.965,8.978,2.29,70
CB192,1/10/2016 12:00,9.866,9.077,2.3,71
CB192,1/10/2016 12:30,10.063,9.077,2.29,70
CB192,1/10/2016 13:00,10.357,9.176,2.28,69
CB192,1/10/2016 13:30,9.669,9.275,2.28,69
CB192,1/10/2016 14:00,9.275,9.176,2.27,68
CB192,1/10/2016 14:30,9.472,9.275,2.28,69
CB192,1/10/2016 15:00,8.779,9.176,2.27,68
CB192,1/10/2016 15:30,7.682,9.176,2.26,66
CB192,1/10/2016 16:00,6.775,9.176,2.26,66
CB192,1/10/2016 16:30,5.757,9.077,2.26,66
CB192,1/10/2016 17:00,4.831,9.077,2.26,66
CB192,1/10/2016 17:30,3.998,8.978,2.26,66
CB192,1/10/2016 18:00,3.367,8.879,2.25,65
CB192,1/10/2016 18:30,2.837,8.779,2.25,65
CB192,1/10/2016 19:00,2.517,8.581,2.26,66
CB192,1/10/2016 19:30,2.195,8.481,2.26,66
CB192,1/10/2016 20:00,1.656,8.282,2.25,65
CB192,1/10/2016 20:30,0.893,8.182,2.24,64
CB192,1/10/2016 21:00,0.893,8.082,2.23,63
CB192,1/10/2016 21:30,1.003,7.882,2.24,64
CB192,1/10/2016 22:00,0.563,7.782,2.23,63
CB192,1/10/2016 22:30,0.01,7.582,2.23,63
CB192,1/10/2016 23:00,-1.341,7.481,2.23,63
CB192,1/10/2016 23:30,-1.57,7.28,2.23,63
CB192,1/11/2016 0:00,-0.662,7.179,2.22,62
CB192,1/11/2016 0:30,-0.887,6.978,2.22,62
CB192,1/11/2016 1:00,-1.341,6.877,2.22,62
CB192,1/11/2016 1:30,-1.456,6.674,2.22,62
CB192,1/11/2016 2:00,-1.57,6.573,2.22,62
CB192,1/11/2016 2:30,-1.914,6.37,2.22,62
CB192,1/11/2016 3:00,-2.61,6.268,2.22,62
CB192,1/11/2016 3:30,-3.434,6.166,2.21,61
CB192,1/11/2016 4:00,-4.272,5.962,2.21,61
CB192,1/11/2016 4:30,-4.514,5.86,2.2,60
CB192,1/11/2016 5:00,-5.496,5.757,2.2,60
CB192,1/11/2016 5:30,-6.12,5.655,2.21,61
CB192,1/11/2016 6:00,-6.499,5.45,2.2,60
CB192,1/11/2016 6:30,-6.882,5.347,2.2,60
CB192,1/11/2016 7:00,-7.01,5.244,2.2,60
CB192,1/11/2016 7:30,-7.267,5.037,2.2,60
CB192,1/11/2016 8:00,-7.787,4.934,2.21,61
CB192,1/11/2016 8:30,-7.657,4.831,2.2,60
CB192,1/11/2016 9:00,-6.12,4.727,2.2,60
CB192,1/11/2016 9:30,-3.316,4.623,2.2,60
CB192,1/11/2016 10:00,0.232,4.623,2.19,59
CB192,1/11/2016 10:30,1.112,4.727,2.19,59
CB192,1/11/2016 11:00,1.872,4.727,2.2,60
CB192,1/11/2016 11:30,2.517,4.831,2.19,59
CB192,1/11/2016 12:00,2.73,5.037,2.2,60
CB192,1/11/2016 12:30,2.943,5.141,2.19,59
CB192,1/11/2016 13:00,3.367,5.244,2.19,59
CB192,1/11/2016 13:30,3.893,5.347,2.2,60
CB192,1/11/2016 14:00,4.623,5.552,2.21,61
CB192,1/11/2016 14:30,5.45,5.655,2.19,59
CB192,1/11/2016 15:00,5.347,5.655,2.19,59
CB192,1/11/2016 15:30,5.244,5.757,2.2,60
CB192,1/11/2016 16:00,4.623,5.757,2.19,59
CB192,1/11/2016 16:30,3.472,5.757,2.2,60
CB192,1/11/2016 17:00,1.764,5.757,2.19,59
CB192,1/11/2016 17:30,0.232,5.757,2.19,59
CB192,1/11/2016 18:00,-1.228,5.655,2.19,59
CB192,1/11/2016 18:30,-1.914,5.552,2.2,60
CB192,1/11/2016 19:00,-2.145,5.45,2.19,59
CB192,1/11/2016 19:30,-2.377,5.347,2.18,58
CB192,1/11/2016 20:00,-2.61,5.244,2.19,59
CB192,1/11/2016 20:30,-2.844,5.141,2.19,59
CB192,1/11/2016 21:00,-3.434,5.037,2.19,59
CB192,1/11/2016 21:30,-3.792,4.934,2.18,58
CB192,1/11/2016 22:00,-4.031,4.831,2.19,59
CB192,1/11/2016 22:30,-4.514,4.727,2.18,58
CB192,1/11/2016 23:00,-4.758,4.623,2.19,59
CB192,1/11/2016 23:30,-5.003,4.519,2.19,59
CB192,1/12/2016 0:00,-5.496,4.415,2.19,59
CB192,1/12/2016 0:30,-5.745,4.415,2.18,58
CB192,1/12/2016 1:00,-5.745,4.311,2.18,58
CB192,1/12/2016 1:30,-5.995,4.207,2.19,59
CB192,1/12/2016 2:00,-5.995,4.102,2.18,58
CB192,1/12/2016 2:30,-6.12,3.998,2.18,58
CB192,1/12/2016 3:00,-6.12,3.998,2.19,59
CB192,1/12/2016 3:30,-6.373,3.893,2.17,57
CB192,1/12/2016 4:00,-6.373,3.788,2.18,58
CB192,1/12/2016 4:30,-6.499,3.788,2.18,58
CB192,1/12/2016 5:00,-6.373,3.683,2.18,58
CB192,1/12/2016 5:30,-5.87,3.683,2.18,58
CB192,1/12/2016 6:00,-6.246,3.683,2.18,58
CB192,1/12/2016 6:30,-6.246,3.578,2.18,58
CB192,1/12/2016 7:00,-6.626,3.578,2.17,57
CB192,1/12/2016 7:30,-6.754,3.472,2.17,57
CB192,1/12/2016 8:00,-6.754,3.472,2.17,57
CB192,1/12/2016 8:30,-6.499,3.367,2.18,58
CB192,1/12/2016 9:00,-5.249,3.367,2.18,58
CB192,1/12/2016 9:30,-3.079,3.367,2.18,58
CB192,1/12/2016 10:00,-0.662,3.367,2.18,58
CB192,1/12/2016 10:30,1.221,3.472,2.18,58
CB192,1/12/2016 11:00,3.049,3.683,2.18,58
CB192,1/12/2016 11:30,4.934,3.788,2.18,58
CB192,1/12/2016 12:00,6.471,3.998,2.18,58
CB192,1/12/2016 12:30,6.978,4.311,2.19,59
CB192,1/12/2016 13:00,7.481,4.519,2.18,58
CB192,1/12/2016 13:30,7.983,4.831,2.18,58
CB192,1/12/2016 14:00,8.879,5.037,2.18,58
CB192,1/12/2016 14:30,9.176,5.141,2.18,58
CB192,1/12/2016 15:00,9.275,5.347,2.17,57
CB192,1/12/2016 15:30,9.472,5.45,2.18,58
CB192,1/12/2016 16:00,9.571,5.45,2.17,57
CB192,1/12/2016 16:30,9.077,5.552,2.17,57
CB192,1/12/2016 17:00,7.983,5.552,2.17,57
CB192,1/12/2016 17:30,6.775,5.552,2.18,58
CB192,1/12/2016 18:00,5.655,5.45,2.18,58
CB192,1/12/2016 18:30,5.141,5.45,2.18,58
CB192,1/12/2016 19:00,2.837,5.347,2.18,58
CB192,1/12/2016 19:30,0.674,5.347,2.18,58
CB192,1/12/2016 20:00,-0.662,5.244,2.18,58
CB192,1/12/2016 20:30,-1.456,5.141,2.18,58
CB192,1/12/2016 21:00,-1.799,5.141,2.18,58
CB192,1/12/2016 21:30,-2.261,5.037,2.17,57
CB192,1/12/2016 22:00,-2.494,4.934,2.17,57
CB192,1/12/2016 22:30,-2.727,4.934,2.17,57
CB192,1/12/2016 23:00,-2.844,4.831,2.17,57
CB192,1/12/2016 23:30,-2.962,4.727,2.18,58
CB192,1/13/2016 0:00,-1.684,4.727,2.17,57
CB192,1/13/2016 0:30,-0.887,4.623,2.18,58
CB192,1/13/2016 1:00,-1.57,4.519,2.18,58
CB192,1/13/2016 1:30,-2.261,4.519,2.18,58
CB192,1/13/2016 2:00,-2.844,4.415,2.18,58
CB192,1/13/2016 2:30,-3.316,4.415,2.18,58
CB192,1/13/2016 3:00,-3.792,4.311,2.17,57
CB192,1/13/2016 3:30,-4.272,4.207,2.17,57
CB192,1/13/2016 4:00,-4.636,4.102,2.17,57
CB192,1/13/2016 4:30,-4.88,4.102,2.17,57
CB192,1/13/2016 5:00,-4.88,3.998,2.16,56
CB192,1/13/2016 5:30,-5.249,3.893,2.16,56
CB192,1/13/2016 6:00,-5.372,3.788,2.17,57
CB192,1/13/2016 6:30,-4.88,3.788,2.16,56
CB192,1/13/2016 7:00,-4.758,3.683,2.16,56
CB192,1/13/2016 7:30,-3.792,3.578,2.16,56
CB192,1/13/2016 8:00,-3.792,3.578,2.16,56
CB192,1/13/2016 8:30,-2.377,3.578,2.16,56
CB192,1/13/2016 9:00,-1.001,3.472,2.16,56
CB192,1/13/2016 9:30,0.121,3.472,2.16,56
CB192,1/13/2016 10:00,1.003,3.472,2.16,56
CB192,1/13/2016 10:30,1.439,3.578,2.16,56
CB192,1/13/2016 11:00,1.98,3.683,2.15,55
CB192,1/13/2016 11:30,2.517,3.788,2.16,56
CB192,1/13/2016 12:00,3.367,3.998,2.15,55
CB192,1/13/2016 12:30,3.578,4.207,2.16,56
CB192,1/13/2016 13:00,4.102,4.415,2.15,55
CB192,1/13/2016 13:30,5.347,4.623,2.14,54
CB192,1/13/2016 14:00,6.471,4.831,2.15,55
CB192,1/13/2016 14:30,7.179,4.934,2.14,54
CB192,1/13/2016 15:00,7.179,5.037,2.15,55
CB192,1/13/2016 15:30,7.28,5.141,2.15,55
CB192,1/13/2016 16:00,6.877,5.141,2.15,55
CB192,1/13/2016 16:30,5.757,5.141,2.15,55
CB192,1/13/2016 17:00,4.519,5.141,2.15,55
CB192,1/13/2016 17:30,2.624,5.141,2.15,55
CB192,1/13/2016 18:00,0.784,5.141,2.15,55
CB192,1/13/2016 18:30,-0.662,5.037,2.15,55
CB192,1/13/2016 19:00,-1.456,4.934,2.14,54
CB192,1/13/2016 19:30,-1.914,4.831,2.14,54
CB192,1/13/2016 20:00,-2.261,4.727,2.14,54
CB192,1/13/2016 20:30,-2.727,4.623,2.15,55
CB192,1/13/2016 21:00,-2.962,4.519,2.14,54
CB192,1/13/2016 21:30,-3.197,4.415,2.14,54
CB192,1/13/2016 22:00,-3.434,4.311,2.14,54
CB192,1/13/2016 22:30,-3.672,4.207,2.14,54
CB192,1/13/2016 23:00,-3.792,4.207,2.14,54
CB192,1/13/2016 23:30,-3.792,4.102,2.14,54
CB192,1/14/2016 0:00,-3.672,3.998,2.14,54
CB192,1/14/2016 0:30,-3.911,3.893,2.14,54
CB192,1/14/2016 1:00,-4.152,3.893,2.14,54
CB192,1/14/2016 1:30,-4.272,3.788,2.15,55
CB192,1/14/2016 2:00,-4.758,3.683,2.14,54
CB192,1/14/2016 2:30,-4.88,3.683,2.14,54
CB192,1/14/2016 3:00,-5.003,3.578,2.14,54
CB192,1/14/2016 3:30,-5.249,3.472,2.14,54
CB192,1/14/2016 4:00,-5.372,3.472,2.14,54
CB192,1/14/2016 4:30,-5.249,3.472,2.14,54
CB192,1/14/2016 5:00,-5.249,3.367,2.14,54
CB192,1/14/2016 5:30,-5.496,3.367,2.14,54
CB192,1/14/2016 6:00,-5.62,3.261,2.14,54
CB192,1/14/2016 6:30,-5.62,3.261,2.14,54
CB192,1/14/2016 7:00,-5.496,3.261,2.14,54
CB192,1/14/2016 7:30,-5.496,3.155,2.13,53
CB192,1/14/2016 8:00,-5.249,3.155,2.14,54
CB192,1/14/2016 8:30,-4.88,3.155,2.13,53
CB192,1/14/2016 9:00,-3.672,3.155,2.14,54
CB192,1/14/2016 9:30,-2.261,3.155,2.14,54
CB192,1/14/2016 10:00,-0.549,3.155,2.13,53
CB192,1/14/2016 10:30,1.98,3.367,2.13,53
CB192,1/14/2016 11:00,5.962,3.472,2.13,53
CB192,1/14/2016 11:30,8.68,3.683,2.12,52
CB192,1/14/2016 12:00,10.063,3.998,2.14,54
CB192,1/14/2016 12:30,10.748,4.311,2.13,53
CB192,1/14/2016 13:00,11.334,4.623,2.13,53
CB192,1/14/2016 13:30,12.11,4.934,2.13,53
CB192,1/14/2016 14:00,13.173,5.244,2.13,53
CB192,1/14/2016 14:30,13.942,5.45,2.13,53
CB192,1/14/2016 15:00,13.461,5.552,2.13,53
CB192,1/14/2016 15:30,13.076,5.757,2.14,54
CB192,1/14/2016 16:00,12.497,5.86,2.14,54
CB192,1/14/2016 16:30,10.651,5.962,2.13,53
CB192,1/14/2016 17:00,9.373,5.962,2.13,53
CB192,1/14/2016 17:30,7.381,6.064,2.13,53
CB192,1/14/2016 18:00,5.45,6.064,2.13,53
CB192,1/14/2016 18:30,4.102,6.064,2.13,53
CB192,1/14/2016 19:00,3.049,5.962,2.13,53
CB192,1/14/2016 19:30,2.195,5.86,2.14,54
CB192,1/14/2016 20:00,1.872,5.86,2.13,53
CB192,1/14/2016 20:30,1.764,5.757,2.13,53
CB192,1/14/2016 21:00,1.98,5.655,2.13,53
CB192,1/14/2016 21:30,2.943,5.655,2.13,53
CB192,1/14/2016 22:00,3.893,5.655,2.13,53
CB192,1/14/2016 22:30,4.207,5.655,2.12,52
CB192,1/14/2016 23:00,3.261,5.655,2.13,53
CB192,1/14/2016 23:30,2.624,5.655,2.13,53
CB192,1/15/2016 0:00,2.088,5.655,2.14,54
CB192,1/15/2016 0:30,1.98,5.655,2.13,53
CB192,1/15/2016 1:00,1.439,5.655,2.13,53
CB192,1/15/2016 1:30,1.221,5.552,2.13,53
CB192,1/15/2016 2:00,0.784,5.552,2.13,53
CB192,1/15/2016 2:30,0.674,5.552,2.13,53
CB192,1/15/2016 3:00,0.453,5.552,2.13,53
CB192,1/15/2016 3:30,0.01,5.552,2.13,53
CB192,1/15/2016 4:00,-0.662,5.45,2.13,53
CB192,1/15/2016 4:30,-1.114,5.45,2.12,52
CB192,1/15/2016 5:00,-1.341,5.45,2.12,52
CB192,1/15/2016 5:30,-1.456,5.347,2.12,52
CB192,1/15/2016 6:00,-1.001,5.347,2.13,53
CB192,1/15/2016 6:30,-0.662,5.347,2.12,52
CB192,1/15/2016 7:00,-0.102,5.347,2.12,52
CB192,1/15/2016 7:30,0.121,5.347,2.12,52
CB192,1/15/2016 8:00,0.453,5.347,2.12,52
CB192,1/15/2016 8:30,1.003,5.347,2.12,52
CB192,1/15/2016 9:00,1.764,5.45,2.13,53
CB192,1/15/2016 9:30,2.517,5.45,2.12,52
CB192,1/15/2016 10:00,3.155,5.552,2.12,52
CB192,1/15/2016 10:30,3.049,5.552,2.13,53
CB192,1/15/2016 11:00,3.367,5.655,2.14,54
CB192,1/15/2016 11:30,3.788,5.655,2.14,54
CB192,1/15/2016 12:00,3.998,5.757,2.14,54
CB192,1/15/2016 12:30,3.998,5.757,2.18,58
CB192,1/15/2016 13:00,3.788,5.86,2.2,60
CB192,1/15/2016 13:30,3.683,5.86,2.23,63
CB192,1/15/2016 14:00,3.472,5.962,2.28,69
CB192,1/15/2016 14:30,3.472,5.962,2.33,74
CB192,1/15/2016 15:00,3.578,6.064,2.37,79
CB192,1/15/2016 15:30,3.683,6.064,2.44,88
CB192,1/15/2016 16:00,3.578,6.064,2.55,103
CB192,1/15/2016 16:30,3.788,6.166,2.75,133
CB192,1/15/2016 17:00,3.998,6.166,3.06,188
CB192,1/15/2016 17:30,4.519,6.064,3.25,225
CB192,1/15/2016 18:00,5.655,6.166,3.41,259
CB192,1/15/2016 18:30,5.86,6.268,3.45,268
CB192,1/15/2016 19:00,5.347,6.37,3.52,284
CB192,1/15/2016 19:30,5.347,6.471,3.63,307
CB192,1/15/2016 20:00,5.037,6.573,3.83,351
CB192,1/15/2016 20:30,5.244,6.674,4.08,404
CB192,1/15/2016 21:00,4.727,6.775,4.19,428
CB192,1/15/2016 21:30,3.683,6.877,4.28,447
CB192,1/15/2016 22:00,2.837,6.978,4.28,447
CB192,1/15/2016 22:30,2.195,7.28,4.29,449
CB192,1/15/2016 23:00,1.656,7.381,4.26,443
CB192,1/15/2016 23:30,1.33,7.582,4.21,432
CB192,1/16/2016 0:00,1.003,7.682,4.15,419
CB192,1/16/2016 0:30,0.453,7.782,4.08,404
CB192,1/16/2016 1:00,0.232,7.782,4.01,389
CB192,1/16/2016 1:30,0.01,7.782,3.93,372
CB192,1/16/2016 2:00,0.121,7.882,3.87,359
CB192,1/16/2016 2:30,-0.325,7.882,3.82,349
CB192,1/16/2016 3:00,-0.437,7.882,3.76,336
CB192,1/16/2016 3:30,-0.549,7.782,3.7,323
CB192,1/16/2016 4:00,-0.325,7.782,3.64,309
CB192,1/16/2016 4:30,-0.662,7.782,3.61,303
CB192,1/16/2016 5:00,-0.662,7.782,3.55,290
CB192,1/16/2016 5:30,-1.001,7.782,3.51,282
CB192,1/16/2016 6:00,-1.228,7.682,3.48,275
CB192,1/16/2016 6:30,-1.341,7.682,3.43,264
CB192,1/16/2016 7:00,-1.341,7.582,3.39,255
CB192,1/16/2016 7:30,-1.228,7.582,3.37,251
CB192,1/16/2016 8:00,-0.774,7.582,3.33,242
CB192,1/16/2016 8:30,-0.549,7.481,3.28,231
CB192,1/16/2016 9:00,-0.102,7.481,3.25,225
CB192,1/16/2016 9:30,0.232,7.481,3.22,219
CB192,1/16/2016 10:00,1.221,7.481,3.2,215
CB192,1/16/2016 10:30,3.367,7.582,3.17,209
CB192,1/16/2016 11:00,6.166,7.682,3.15,205
CB192,1/16/2016 11:30,7.983,7.782,3.12,199
CB192,1/16/2016 12:00,9.768,7.983,3.1,196
CB192,1/16/2016 12:30,10.651,8.182,3.08,192
CB192,1/16/2016 13:00,11.431,8.282,3.05,186
CB192,1/16/2016 13:30,11.625,8.481,3.03,183
CB192,1/16/2016 14:00,11.916,8.581,3.01,179
CB192,1/16/2016 14:30,12.594,8.68,2.99,176
CB192,1/16/2016 15:00,12.401,8.779,2.97,172
CB192,1/16/2016 15:30,12.594,8.879,2.95,169
CB192,1/16/2016 16:00,10.748,8.978,2.93,165
CB192,1/16/2016 16:30,9.373,9.077,2.92,163
CB192,1/16/2016 17:00,8.978,9.077,2.91,162
CB192,1/16/2016 17:30,8.481,9.077,2.89,158
CB192,1/16/2016 18:00,6.674,9.077,2.87,154
CB192,1/16/2016 18:30,5.141,8.978,2.87,154
CB192,1/16/2016 19:00,4.415,8.978,2.85,151
CB192,1/16/2016 19:30,3.893,8.879,2.84,149
CB192,1/16/2016 20:00,3.155,8.779,2.83,147
CB192,1/16/2016 20:30,2.303,8.68,2.82,145
CB192,1/16/2016 21:00,1.656,8.581,2.8,142
CB192,1/16/2016 21:30,1.33,8.581,2.79,140
CB192,1/16/2016 22:00,0.674,8.481,2.77,137
CB192,1/16/2016 22:30,0.121,8.382,2.77,137
CB192,1/16/2016 23:00,-0.325,8.282,2.75,133
CB192,1/16/2016 23:30,-0.549,8.182,2.74,132
CB192,1/17/2016 0:00,-0.325,8.082,2.73,130
CB192,1/17/2016 0:30,-0.102,7.983,2.72,128
CB192,1/17/2016 1:00,0.01,7.882,2.7,125
CB192,1/17/2016 1:30,0.232,7.782,2.71,127
CB192,1/17/2016 2:00,0.232,7.782,2.69,124
CB192,1/17/2016 2:30,0.343,7.682,2.68,122
CB192,1/17/2016 3:00,0.563,7.582,2.67,120
CB192,1/17/2016 3:30,0.784,7.582,2.67,120
CB192,1/17/2016 4:00,1.003,7.582,2.66,119
CB192,1/17/2016 4:30,1.112,7.481,2.65,117
CB192,1/17/2016 5:00,1.33,7.481,2.65,117
CB192,1/17/2016 5:30,1.548,7.481,2.64,116
CB192,1/17/2016 6:00,1.548,7.381,2.63,114
CB192,1/17/2016 6:30,1.656,7.381,2.63,114
CB192,1/17/2016 7:00,1.221,7.381,2.62,113
CB192,1/17/2016 7:30,0.563,7.28,2.61,111
CB192,1/17/2016 8:00,0.453,7.28,2.62,113
CB192,1/17/2016 8:30,0.674,7.179,2.61,111
CB192,1/17/2016 9:00,0.674,7.079,2.6,110
CB192,1/17/2016 9:30,1.112,7.079,2.59,108
CB192,1/17/2016 10:00,1.548,7.079,2.59,108
CB192,1/17/2016 10:30,1.872,7.079,2.59,108
CB192,1/17/2016 11:00,2.088,7.179,2.58,107
CB192,1/17/2016 11:30,2.73,7.179,2.58,107
CB192,1/17/2016 12:00,3.472,7.28,2.57,105
CB192,1/17/2016 12:30,4.519,7.381,2.57,105
CB192,1/17/2016 13:00,5.45,7.481,2.56,104
CB192,1/17/2016 13:30,6.471,7.682,2.55,103
CB192,1/17/2016 14:00,7.179,7.782,2.55,103
CB192,1/17/2016 14:30,6.775,7.882,2.54,101
CB192,1/17/2016 15:00,6.37,7.882,2.53,100
CB192,1/17/2016 15:30,5.757,7.882,2.53,100
CB192,1/17/2016 16:00,5.037,7.782,2.52,98
CB192,1/17/2016 16:30,4.415,7.782,2.52,98
CB192,1/17/2016 17:00,3.683,7.682,2.51,97
CB192,1/17/2016 17:30,2.837,7.582,2.51,97
CB192,1/17/2016 18:00,2.088,7.381,2.51,97
CB192,1/17/2016 18:30,1.872,7.28,2.5,96
CB192,1/17/2016 19:00,1.221,7.079,2.5,96
CB192,1/17/2016 19:30,-0.325,6.978,2.49,94
CB192,1/17/2016 20:00,0.232,6.775,2.49,94
CB192,1/17/2016 20:30,0.121,6.674,2.48,93
CB192,1/17/2016 21:00,0.01,6.573,2.48,93
CB192,1/17/2016 21:30,-0.887,6.471,2.48,93
CB192,1/17/2016 22:00,-1.228,6.37,2.48,93
CB192,1/17/2016 22:30,-0.325,6.268,2.47,92
CB192,1/17/2016 23:00,0.121,6.166,2.46,90
CB192,1/17/2016 23:30,0.01,6.064,2.46,90
CB192,1/18/2016 0:00,-0.549,5.962,2.46,90
CB192,1/18/2016 0:30,-1.001,5.962,2.45,89
CB192,1/18/2016 1:00,-1.799,5.86,2.45,89
CB192,1/18/2016 1:30,-2.03,5.757,2.44,88
CB192,1/18/2016 2:00,-2.494,5.655,2.44,88
CB192,1/18/2016 2:30,-2.962,5.552,2.43,86
CB192,1/18/2016 3:00,-3.197,5.552,2.43,86
CB192,1/18/2016 3:30,-3.672,5.45,2.43,86
CB192,1/18/2016 4:00,-4.031,5.347,2.42,85
CB192,1/18/2016 4:30,-4.393,5.244,2.43,86
CB192,1/18/2016 5:00,-4.636,5.244,2.42,85
CB192,1/18/2016 5:30,-4.88,5.141,2.41,84
CB192,1/18/2016 6:00,-4.758,5.037,2.41,84
CB192,1/18/2016 6:30,-4.393,4.934,2.4,83
CB192,1/18/2016 7:00,-4.272,4.831,2.4,83
CB192,1/18/2016 7:30,-3.553,4.831,2.4,83
CB192,1/18/2016 8:00,-3.553,4.727,2.4,83
CB192,1/18/2016 8:30,-3.672,4.623,2.4,83
CB192,1/18/2016 9:00,-3.672,4.519,2.4,83
CB192,1/18/2016 9:30,-3.197,4.519,2.39,81
CB192,1/18/2016 10:00,-3.316,4.415,2.38,80
CB192,1/18/2016 10:30,-2.727,4.415,2.38,80
CB192,1/18/2016 11:00,-2.261,4.415,2.38,80
CB192,1/18/2016 11:30,-1.799,4.519,2.38,80
CB192,1/18/2016 12:00,-1.228,4.519,2.37,79
CB192,1/18/2016 12:30,-1.341,4.623,2.37,79
CB192,1/18/2016 13:00,-1.341,4.727,2.37,79
CB192,1/18/2016 13:30,-0.662,4.934,2.37,79
CB192,1/18/2016 14:00,-0.325,4.934,2.36,78
CB192,1/18/2016 14:30,-0.213,4.934,2.36,78
CB192,1/18/2016 15:00,-0.213,4.934,2.35,77
CB192,1/18/2016 15:30,-0.774,4.934,2.35,77
CB192,1/18/2016 16:00,-1.001,4.831,2.35,77
CB192,1/18/2016 16:30,-1.456,4.727,2.34,75
CB192,1/18/2016 17:00,-1.914,4.727,2.34,75
CB192,1/18/2016 17:30,-2.494,4.623,2.34,75
CB192,1/18/2016 18:00,-3.079,4.415,2.33,74
CB192,1/18/2016 18:30,-3.553,4.311,2.33,74
CB192,1/18/2016 19:00,-4.031,4.102,2.34,75
CB192,1/18/2016 19:30,-4.393,3.998,2.33,74
CB192,1/18/2016 20:00,-4.636,3.788,2.33,74
CB192,1/18/2016 20:30,-5.003,3.683,2.33,74
CB192,1/18/2016 21:00,-5.372,3.578,2.33,74
CB192,1/18/2016 21:30,-5.62,3.472,2.33,74
CB192,1/18/2016 22:00,-5.87,3.367,2.32,73
CB192,1/18/2016 22:30,-6.12,3.261,2.32,73
CB192,1/18/2016 23:00,-6.626,3.155,2.32,73
CB192,1/18/2016 23:30,-6.754,3.049,2.32,73
CB192,1/19/2016 0:00,-7.787,2.943,2.31,72
CB192,1/19/2016 0:30,-8.182,2.837,2.31,72
CB192,1/19/2016 1:00,-8.447,2.73,2.31,72
CB192,1/19/2016 1:30,-8.982,2.624,2.3,71
CB192,1/19/2016 2:00,-9.388,2.517,2.3,71
CB192,1/19/2016 2:30,-9.662,2.517,2.3,71
CB192,1/19/2016 3:00,-10.075,2.41,2.3,71
CB192,1/19/2016 3:30,-10.493,2.303,2.3,71
CB192,1/19/2016 4:00,-10.916,2.195,2.3,71
CB192,1/19/2016 4:30,-11.2,2.088,2.29,70
CB192,1/19/2016 5:00,-11.487,1.98,2.29,70
CB192,1/19/2016 5:30,-11.631,1.98,2.29,70
CB192,1/19/2016 6:00,-11.344,1.872,2.29,70
CB192,1/19/2016 6:30,-10.634,1.764,2.29,70
CB192,1/19/2016 7:00,-9.388,1.656,2.29,70
CB192,1/19/2016 7:30,-9.117,1.656,2.28,69
CB192,1/19/2016 8:00,-9.117,1.656,2.28,69
CB192,1/19/2016 8:30,-8.847,1.548,2.28,69
CB192,1/19/2016 9:00,-7.138,1.548,2.28,69
CB192,1/19/2016 9:30,-6.12,1.548,2.28,69
CB192,1/19/2016 10:00,-5.372,1.548,2.27,68
CB192,1/19/2016 10:30,-4.514,1.656,2.27,68
CB192,1/19/2016 11:00,-3.553,1.764,2.28,69
CB192,1/19/2016 11:30,-2.727,1.872,2.27,68
CB192,1/19/2016 12:00,-1.799,1.98,2.27,68
CB192,1/19/2016 12:30,-1.57,2.195,2.27,68
CB192,1/19/2016 13:00,-1.001,2.41,2.26,66
CB192,1/19/2016 13:30,-0.437,2.624,2.26,66
CB192,1/19/2016 14:00,0.232,2.837,2.26,66
CB192,1/19/2016 14:30,0.453,2.943,2.26,66
CB192,1/19/2016 15:00,0.453,2.943,2.26,66
CB192,1/19/2016 15:30,0.343,3.049,2.26,66
CB192,1/19/2016 16:00,0.232,3.049,2.26,66
CB192,1/19/2016 16:30,-0.102,3.049,2.26,66
CB192,1/19/2016 17:00,-0.549,3.049,2.25,65
CB192,1/19/2016 17:30,-1.228,3.049,2.26,66
CB192,1/19/2016 18:00,-2.145,3.049,2.26,66
CB192,1/19/2016 18:30,-2.962,2.943,2.26,66
CB192,1/19/2016 19:00,-3.792,2.837,2.25,65
CB192,1/19/2016 19:30,-4.514,2.73,2.25,65
CB192,1/19/2016 20:00,-5.249,2.624,2.25,65
CB192,1/19/2016 20:30,-5.87,2.517,2.25,65
CB192,1/19/2016 21:00,-6.499,2.517,2.24,64
CB192,1/19/2016 21:30,-6.882,2.41,2.25,65
CB192,1/19/2016 22:00,-7.267,2.41,2.24,64
CB192,1/19/2016 22:30,-7.657,2.303,2.24,64
CB192,1/19/2016 23:00,-8.05,2.195,2.24,64
CB192,1/19/2016 23:30,-8.05,2.195,2.24,64
CB192,1/20/2016 0:00,-8.58,2.088,2.24,64
CB192,1/20/2016 0:30,-8.847,1.98,2.24,64
CB192,1/20/2016 1:00,-8.982,1.98,2.24,64
CB192,1/20/2016 1:30,-9.117,1.872,2.23,63
CB192,1/20/2016 2:00,-8.982,1.872,2.24,64
CB192,1/20/2016 2:30,-8.314,1.764,2.23,63
CB192,1/20/2016 3:00,-7.397,1.764,2.23,63
CB192,1/20/2016 3:30,-6.882,1.764,2.23,63
CB192,1/20/2016 4:00,-6.12,1.764,2.23,63
CB192,1/20/2016 4:30,-5.62,1.764,2.23,63
CB192,1/20/2016 5:00,-5.249,1.872,2.22,62
CB192,1/20/2016 5:30,-5.003,1.872,2.23,63
CB192,1/20/2016 6:00,-4.514,1.872,2.22,62
CB192,1/20/2016 6:30,-4.152,1.872,2.22,62
CB192,1/20/2016 7:00,-4.272,1.98,2.22,62
CB192,1/20/2016 7:30,-4.514,1.98,2.23,63
CB192,1/20/2016 8:00,-4.031,1.98,2.23,63
CB192,1/20/2016 8:30,-3.316,1.98,2.22,62
CB192,1/20/2016 9:00,-2.727,1.98,2.22,62
CB192,1/20/2016 9:30,-2.494,2.088,2.22,62
CB192,1/20/2016 10:00,-2.727,2.088,2.23,63
CB192,1/20/2016 10:30,-2.844,2.195,2.22,62
CB192,1/20/2016 11:00,-2.494,2.195,2.22,62
CB192,1/20/2016 11:30,-1.684,2.303,2.23,63
CB192,1/20/2016 12:00,-0.887,2.517,2.22,62
CB192,1/20/2016 12:30,-0.325,2.624,2.22,62
CB192,1/20/2016 13:00,0.343,2.73,2.22,62
CB192,1/20/2016 13:30,0.893,2.837,2.23,63
CB192,1/20/2016 14:00,0.893,2.943,2.23,63
CB192,1/20/2016 14:30,1.003,3.049,2.22,62
CB192,1/20/2016 15:00,0.784,3.155,2.23,63
CB192,1/20/2016 15:30,-0.213,3.155,2.22,62
CB192,1/20/2016 16:00,-0.774,3.155,2.22,62
CB192,1/20/2016 16:30,-0.662,3.155,2.22,62
CB192,1/20/2016 17:00,-0.887,3.261,2.22,62
CB192,1/20/2016 17:30,-0.887,3.261,2.22,62
CB192,1/20/2016 18:00,-0.774,3.261,2.22,62
CB192,1/20/2016 18:30,-0.774,3.261,2.22,62
CB192,1/20/2016 19:00,-0.662,3.261,2.22,62
CB192,1/20/2016 19:30,-0.549,3.367,2.22,62
CB192,1/20/2016 20:00,-0.662,3.367,2.23,63
CB192,1/20/2016 20:30,-0.774,3.367,2.22,62
CB192,1/20/2016 21:00,-1.456,3.367,2.23,63
CB192,1/20/2016 21:30,-1.799,3.367,2.22,62
CB192,1/20/2016 22:00,-2.377,3.367,2.22,62
CB192,1/20/2016 22:30,-3.079,3.261,2.22,62
CB192,1/20/2016 23:00,-3.672,3.261,2.22,62
CB192,1/20/2016 23:30,-4.272,3.155,2.22,62
CB192,1/21/2016 0:00,-4.88,3.155,2.22,62
CB192,1/21/2016 0:30,-5.372,3.049,2.22,62
CB192,1/21/2016 1:00,-5.745,3.049,2.22,62
CB192,1/21/2016 1:30,-5.995,2.943,2.22,62
CB192,1/21/2016 2:00,-6.373,2.943,2.22,62
CB192,1/21/2016 2:30,-6.754,2.837,2.22,62
CB192,1/21/2016 3:00,-6.882,2.73,2.21,61
CB192,1/21/2016 3:30,-7.138,2.73,2.22,62
CB192,1/21/2016 4:00,-7.397,2.624,2.21,61
CB192,1/21/2016 4:30,-7.138,2.624,2.22,62
CB192,1/21/2016 5:00,-7.138,2.517,2.21,61
CB192,1/21/2016 5:30,-7.397,2.517,2.22,62
CB192,1/21/2016 6:00,-7.527,2.41,2.21,61
CB192,1/21/2016 6:30,-7.787,2.41,2.21,61
CB192,1/21/2016 7:00,-7.787,2.303,2.21,61
CB192,1/21/2016 7:30,-7.657,2.303,2.2,60
CB192,1/21/2016 8:00,-7.138,2.195,2.21,61
CB192,1/21/2016 8:30,-6.499,2.195,2.21,61
CB192,1/21/2016 9:00,-6.12,2.195,2.21,61
CB192,1/21/2016 9:30,-4.88,2.195,2.2,60
CB192,1/21/2016 10:00,-2.727,2.303,2.2,60
CB192,1/21/2016 10:30,-0.325,2.41,2.2,60
CB192,1/21/2016 11:00,2.088,2.517,2.2,60
CB192,1/21/2016 11:30,3.367,2.73,2.2,60
CB192,1/21/2016 12:00,3.998,3.049,2.2,60
CB192,1/21/2016 12:30,4.831,3.367,2.2,60
CB192,1/21/2016 13:00,5.244,3.683,2.2,60
CB192,1/21/2016 13:30,5.962,3.893,2.2,60
CB192,1/21/2016 14:00,6.674,4.102,2.2,60
CB192,1/21/2016 14:30,6.877,4.311,2.19,59
CB192,1/21/2016 15:00,6.978,4.415,2.2,60
CB192,1/21/2016 15:30,7.582,4.623,2.2,60
CB192,1/21/2016 16:00,7.079,4.727,2.19,59
CB192,1/21/2016 16:30,5.962,4.831,2.2,60
CB192,1/21/2016 17:00,5.141,4.831,2.19,59
CB192,1/21/2016 17:30,3.472,4.934,2.2,60
CB192,1/21/2016 18:00,1.656,4.831,2.2,60
CB192,1/21/2016 18:30,0.121,4.831,2.19,59
CB192,1/21/2016 19:00,-0.774,4.727,2.19,59
CB192,1/21/2016 19:30,-0.887,4.623,2.19,59
CB192,1/21/2016 20:00,-0.887,4.519,2.19,59
CB192,1/21/2016 20:30,-0.774,4.519,2.19,59
CB192,1/21/2016 21:00,-1.001,4.415,2.19,59
CB192,1/21/2016 21:30,-0.887,4.415,2.19,59
CB192,1/21/2016 22:00,-0.549,4.415,2.19,59
CB192,1/21/2016 22:30,-0.437,4.415,2.18,58
CB192,1/21/2016 23:00,-0.213,4.311,2.18,58
CB192,1/21/2016 23:30,-0.102,4.311,2.19,59
CB192,1/22/2016 0:00,0.01,4.311,2.18,58
CB192,1/22/2016 0:30,-0.102,4.311,2.18,58
CB192,1/22/2016 1:00,-0.102,4.311,2.19,59
CB192,1/22/2016 1:30,0.01,4.311,2.19,59
CB192,1/22/2016 2:00,-0.102,4.207,2.19,59
CB192,1/22/2016 2:30,-0.437,4.102,2.19,59
CB192,1/22/2016 3:00,-0.662,3.998,2.19,59
CB192,1/22/2016 3:30,-0.887,3.998,2.2,60
CB192,1/22/2016 4:00,-1.001,3.788,2.2,60
CB192,1/22/2016 4:30,-1.114,3.683,2.21,61
CB192,1/22/2016 5:00,-1.228,3.472,2.21,61
CB192,1/22/2016 5:30,-1.341,3.155,2.22,62
CB192,1/22/2016 6:00,-1.57,2.943,2.23,63
CB192,1/22/2016 6:30,-1.799,2.837,2.23,63
CB192,1/22/2016 7:00,-1.914,2.624,2.23,63
CB192,1/22/2016 7:30,-2.03,2.517,2.25,65
CB192,1/22/2016 8:00,-2.261,2.41,2.25,65
CB192,1/22/2016 8:30,-2.261,2.088,2.26,66
CB192,1/22/2016 9:00,-2.494,1.98,2.26,66
CB192,1/22/2016 9:30,-2.61,1.764,2.27,68
CB192,1/22/2016 10:00,-2.61,1.764,2.27,68
CB192,1/22/2016 10:30,-2.844,1.764,2.27,68
CB192,1/22/2016 11:00,-3.197,1.764,2.26,66
CB192,1/22/2016 11:30,-3.434,1.872,2.27,68
CB192,1/22/2016 12:00,-3.672,1.872,2.26,66
CB192,1/22/2016 12:30,-3.792,1.872,2.25,65
CB192,1/22/2016 13:00,-4.031,1.872,2.25,65
CB192,1/22/2016 13:30,-4.031,1.764,2.25,65
CB192,1/22/2016 14:00,-3.792,1.764,2.24,64
CB192,1/22/2016 14:30,-4.031,1.656,2.25,65
CB192,1/22/2016 15:00,-4.152,1.221,2.25,65
CB192,1/22/2016 15:30,-4.031,1.003,2.25,65
CB192,1/22/2016 16:00,-3.792,1.003,2.25,65
CB192,1/22/2016 16:30,-4.152,0.784,2.26,66
CB192,1/22/2016 17:00,-4.272,0.674,2.26,66
CB192,1/22/2016 17:30,-4.272,0.563,2.26,66
CB192,1/22/2016 18:00,-4.393,0.674,2.26,66
CB192,1/22/2016 18:30,-4.272,0.674,2.26,66
CB192,1/22/2016 19:00,-4.272,0.674,2.26,66
CB192,1/22/2016 19:30,-4.031,0.674,2.26,66
CB192,1/22/2016 20:00,-3.911,0.674,2.25,65
CB192,1/22/2016 20:30,-3.911,0.674,2.25,65
CB192,1/22/2016 21:00,-3.911,0.674,2.25,65
CB192,1/22/2016 21:30,-3.792,0.674,2.25,65
CB192,1/22/2016 22:00,-3.553,0.674,2.25,65
CB192,1/22/2016 22:30,-3.553,0.674,2.25,65
CB192,1/22/2016 23:00,-3.553,0.784,2.25,65
CB192,1/22/2016 23:30,-3.553,0.784,2.24,64
CB192,1/23/2016 0:00,-3.434,0.784,2.24,64
CB192,1/23/2016 0:30,-3.434,0.893,2.23,63
CB192,1/23/2016 1:00,-3.553,0.893,2.24,64
CB192,1/23/2016 1:30,-3.672,1.003,2.23,63
CB192,1/23/2016 2:00,-4.272,1.112,2.23,63
CB192,1/23/2016 2:30,-4.636,1.112,2.23,63
CB192,1/23/2016 3:00,-4.031,1.112,2.23,63
CB192,1/23/2016 3:30,-3.672,1.221,2.22,62
CB192,1/23/2016 4:00,-3.316,1.221,2.22,62
CB192,1/23/2016 4:30,-3.197,1.33,2.21,61
CB192,1/23/2016 5:00,-3.079,1.439,2.22,62
CB192,1/23/2016 5:30,-2.727,1.439,2.21,61
CB192,1/23/2016 6:00,-2.61,1.548,2.21,61
CB192,1/23/2016 6:30,-2.727,1.548,2.21,61
CB192,1/23/2016 7:00,-2.844,1.656,2.21,61
CB192,1/23/2016 7:30,-2.844,1.656,2.21,61
CB192,1/23/2016 8:00,-3.079,1.764,2.21,61
CB192,1/23/2016 8:30,-2.844,1.764,2.2,60
CB192,1/23/2016 9:00,-2.145,1.764,2.2,60
CB192,1/23/2016 9:30,-1.684,1.872,2.21,61
CB192,1/23/2016 10:00,-1.001,1.98,2.2,60
CB192,1/23/2016 10:30,-0.325,2.088,2.21,61
CB192,1/23/2016 11:00,0.232,2.303,2.2,60
CB192,1/23/2016 11:30,0.01,2.41,2.2,60
CB192,1/23/2016 12:00,-0.102,2.624,2.2,60
CB192,1/23/2016 12:30,0.01,2.73,2.2,60
CB192,1/23/2016 13:00,0.893,2.837,2.2,60
CB192,1/23/2016 13:30,1.439,3.049,2.2,60
CB192,1/23/2016 14:00,1.221,3.155,2.19,59
CB192,1/23/2016 14:30,1.439,3.261,2.19,59
CB192,1/23/2016 15:00,1.439,3.367,2.19,59
CB192,1/23/2016 15:30,1.221,3.472,2.19,59
CB192,1/23/2016 16:00,0.343,3.472,2.19,59
CB192,1/23/2016 16:30,-0.437,3.472,2.19,59
CB192,1/23/2016 17:00,-1.114,3.472,2.19,59
CB192,1/23/2016 17:30,-1.114,3.472,2.19,59
CB192,1/23/2016 18:00,-1.114,3.367,2.18,58
CB192,1/23/2016 18:30,-1.456,3.261,2.18,58
CB192,1/23/2016 19:00,-1.914,3.155,2.18,58
CB192,1/23/2016 19:30,-2.145,3.049,2.18,58
CB192,1/23/2016 20:00,-2.962,2.943,2.18,58
CB192,1/23/2016 20:30,-3.672,2.837,2.18,58
CB192,1/23/2016 21:00,-4.152,2.837,2.17,57
CB192,1/23/2016 21:30,-4.272,2.73,2.18,58
CB192,1/23/2016 22:00,-4.758,2.624,2.18,58
CB192,1/23/2016 22:30,-5.003,2.517,2.17,57
CB192,1/23/2016 23:00,-5.372,2.517,2.16,56
CB192,1/23/2016 23:30,-5.87,2.41,2.17,57
CB192,1/24/2016 0:00,-5.87,2.303,2.17,57
CB192,1/24/2016 0:30,-5.995,2.303,2.16,56
CB192,1/24/2016 1:00,-6.12,2.195,2.16,56
CB192,1/24/2016 1:30,-6.499,2.088,2.16,56
CB192,1/24/2016 2:00,-7.267,2.088,2.16,56
CB192,1/24/2016 2:30,-7.918,1.98,2.16,56
CB192,1/24/2016 3:00,-8.447,1.872,2.16,56
CB192,1/24/2016 3:30,-9.117,1.764,2.15,55
CB192,1/24/2016 4:00,-9.799,1.656,2.15,55
CB192,1/24/2016 4:30,-10.075,1.656,2.15,55
CB192,1/24/2016 5:00,-10.774,1.548,2.14,54
CB192,1/24/2016 5:30,-11.2,1.439,2.14,54
CB192,1/24/2016 6:00,-11.487,1.33,2.15,55
CB192,1/24/2016 6:30,-11.776,1.221,2.14,54
CB192,1/24/2016 7:00,-12.068,1.112,2.14,54
CB192,1/24/2016 7:30,-12.361,1.112,2.14,54
CB192,1/24/2016 8:00,-12.509,1.003,2.14,54
CB192,1/24/2016 8:30,-12.214,0.893,2.14,54
CB192,1/24/2016 9:00,-10.634,0.893,2.14,54
CB192,1/24/2016 9:30,-8.314,0.893,2.13,53
CB192,1/24/2016 10:00,-5.249,0.893,2.13,53
CB192,1/24/2016 10:30,-3.434,1.003,2.13,53
CB192,1/24/2016 11:00,-0.325,1.221,2.13,53
CB192,1/24/2016 11:30,2.624,1.439,2.13,53
CB192,1/24/2016 12:00,4.102,1.764,2.13,53
CB192,1/24/2016 12:30,5.141,2.088,2.12,52
CB192,1/24/2016 13:00,5.757,2.41,2.13,53
CB192,1/24/2016 13:30,6.674,2.73,2.12,52
CB192,1/24/2016 14:00,7.582,3.049,2.13,53
CB192,1/24/2016 14:30,7.882,3.261,2.12,52
CB192,1/24/2016 15:00,7.582,3.367,2.12,52
CB192,1/24/2016 15:30,7.28,3.472,2.13,53
CB192,1/24/2016 16:00,6.166,3.578,2.13,53
CB192,1/24/2016 16:30,4.831,3.683,2.13,53
CB192,1/24/2016 17:00,3.472,3.683,2.14,54
CB192,1/24/2016 17:30,1.764,3.683,2.13,53
CB192,1/24/2016 18:00,0.453,3.683,2.14,54
CB192,1/24/2016 18:30,-0.437,3.683,2.14,54
CB192,1/24/2016 19:00,-1.228,3.578,2.14,54
CB192,1/24/2016 19:30,-1.684,3.578,2.13,53
CB192,1/24/2016 20:00,-2.03,3.472,2.13,53
CB192,1/24/2016 20:30,-2.377,3.367,2.14,54
CB192,1/24/2016 21:00,-2.61,3.261,2.14,54
CB192,1/24/2016 21:30,-2.844,3.155,2.13,53
CB192,1/24/2016 22:00,-3.079,3.049,2.13,53
CB192,1/24/2016 22:30,-3.434,3.049,2.13,53
CB192,1/24/2016 23:00,-3.672,2.943,2.13,53
CB192,1/24/2016 23:30,-3.911,2.943,2.13,53
CB192,1/25/2016 0:00,-4.152,2.837,2.13,53
CB192,1/25/2016 0:30,-4.393,2.837,2.13,53
CB192,1/25/2016 1:00,-4.514,2.73,2.13,53
CB192,1/25/2016 1:30,-4.514,2.73,2.13,53
CB192,1/25/2016 2:00,-4.514,2.624,2.13,53
CB192,1/25/2016 2:30,-4.514,2.624,2.13,53
CB192,1/25/2016 3:00,-4.393,2.517,2.12,52
CB192,1/25/2016 3:30,-4.272,2.517,2.13,53
CB192,1/25/2016 4:00,-4.152,2.517,2.13,53
CB192,1/25/2016 4:30,-3.911,2.517,2.13,53
CB192,1/25/2016 5:00,-3.792,2.517,2.12,52
CB192,1/25/2016 5:30,-4.031,2.517,2.13,53
CB192,1/25/2016 6:00,-4.152,2.517,2.13,53
CB192,1/25/2016 6:30,-4.393,2.517,2.13,53
CB192,1/25/2016 7:00,-4.758,2.517,2.12,52
CB192,1/25/2016 7:30,-4.758,2.41,2.12,52
CB192,1/25/2016 8:00,-5.003,2.41,2.12,52
CB192,1/25/2016 8:30,-4.758,2.41,2.12,52
CB192,1/25/2016 9:00,-3.434,2.41,2.12,52
CB192,1/25/2016 9:30,-2.03,2.517,2.12,52
CB192,1/25/2016 10:00,0.121,2.517,2.12,52
CB192,1/25/2016 10:30,2.303,2.624,2.12,52
CB192,1/25/2016 11:00,4.623,2.837,2.12,52
CB192,1/25/2016 11:30,6.573,3.049,2.11,51
CB192,1/25/2016 12:00,7.582,3.367,2.12,52
CB192,1/25/2016 12:30,8.082,3.578,2.11,51
CB192,1/25/2016 13:00,8.68,3.893,2.11,51
CB192,1/25/2016 13:30,9.373,4.207,2.11,51
CB192,1/25/2016 14:00,10.259,4.415,2.12,52
CB192,1/25/2016 14:30,10.455,4.623,2.12,52
CB192,1/25/2016 15:00,10.063,4.831,2.12,52
CB192,1/25/2016 15:30,9.472,4.934,2.12,52
CB192,1/25/2016 16:00,8.082,5.037,2.12,52
CB192,1/25/2016 16:30,6.268,5.141,2.13,53
CB192,1/25/2016 17:00,4.311,5.141,2.13,53
CB192,1/25/2016 17:30,2.837,5.141,2.13,53
CB192,1/25/2016 18:00,1.548,5.141,2.14,54
CB192,1/25/2016 18:30,0.674,5.037,2.13,53
CB192,1/25/2016 19:00,-0.102,4.934,2.15,55
CB192,1/25/2016 19:30,-0.549,4.831,2.14,54
CB192,1/25/2016 20:00,-1.001,4.727,2.14,54
CB192,1/25/2016 20:30,-1.228,4.623,2.14,54
CB192,1/25/2016 21:00,-1.456,4.519,2.14,54
CB192,1/25/2016 21:30,-1.799,4.519,2.14,54
CB192,1/25/2016 22:00,-2.03,4.415,2.14,54
CB192,1/25/2016 22:30,-2.261,4.311,2.15,55
CB192,1/25/2016 23:00,-2.377,4.311,2.15,55
CB192,1/25/2016 23:30,-2.61,4.207,2.14,54
CB192,1/26/2016 0:00,-2.727,4.102,2.15,55
CB192,1/26/2016 0:30,-2.844,3.998,2.15,55
CB192,1/26/2016 1:00,-2.844,3.998,2.15,55
CB192,1/26/2016 1:30,-2.962,3.893,2.14,54
CB192,1/26/2016 2:00,-2.962,3.788,2.15,55
CB192,1/26/2016 2:30,-2.844,3.788,2.15,55
CB192,1/26/2016 3:00,-2.494,3.683,2.14,54
CB192,1/26/2016 3:30,-2.03,3.683,2.15,55
CB192,1/26/2016 4:00,-1.684,3.683,2.15,55
CB192,1/26/2016 4:30,-1.228,3.578,2.15,55
CB192,1/26/2016 5:00,-1.114,3.578,2.14,54
CB192,1/26/2016 5:30,-1.001,3.578,2.15,55
CB192,1/26/2016 6:00,-1.114,3.578,2.14,54
CB192,1/26/2016 6:30,-1.228,3.578,2.14,54
CB192,1/26/2016 7:00,-1.456,3.578,2.14,54
CB192,1/26/2016 7:30,-1.684,3.578,2.14,54
CB192,1/26/2016 8:00,-1.57,3.578,2.14,54
CB192,1/26/2016 8:30,-1.001,3.578,2.14,54
CB192,1/26/2016 9:00,0.563,3.683,2.14,54
CB192,1/26/2016 9:30,2.303,3.683,2.14,54
CB192,1/26/2016 10:00,3.049,3.788,2.14,54
CB192,1/26/2016 10:30,5.244,3.893,2.13,53
CB192,1/26/2016 11:00,9.077,4.102,2.14,54
CB192,1/26/2016 11:30,9.669,4.311,2.13,53
CB192,1/26/2016 12:00,10.063,4.519,2.14,54
CB192,1/26/2016 12:30,10.259,4.727,2.14,54
CB192,1/26/2016 13:00,10.651,5.037,2.14,54
CB192,1/26/2016 13:30,11.431,5.244,2.14,54
CB192,1/26/2016 14:00,11.722,5.45,2.14,54
CB192,1/26/2016 14:30,11.236,5.552,2.15,55
CB192,1/26/2016 15:00,9.768,5.757,2.15,55
CB192,1/26/2016 15:30,8.68,5.86,2.15,55
CB192,1/26/2016 16:00,7.381,5.962,2.16,56
CB192,1/26/2016 16:30,6.37,5.962,2.17,57
CB192,1/26/2016 17:00,5.347,6.064,2.17,57
CB192,1/26/2016 17:30,4.207,6.064,2.18,58
CB192,1/26/2016 18:00,3.578,5.962,2.19,59
CB192,1/26/2016 18:30,3.155,5.962,2.19,59
CB192,1/26/2016 19:00,2.837,5.962,2.19,59
CB192,1/26/2016 19:30,2.837,5.962,2.2,60
CB192,1/26/2016 20:00,2.73,5.962,2.2,60
CB192,1/26/2016 20:30,2.73,5.962,2.2,60
CB192,1/26/2016 21:00,2.624,5.86,2.21,61
CB192,1/26/2016 21:30,2.303,5.86,2.21,61
CB192,1/26/2016 22:00,2.303,5.86,2.21,61
CB192,1/26/2016 22:30,2.088,5.86,2.21,61
CB192,1/26/2016 23:00,2.088,5.86,2.22,62
CB192,1/26/2016 23:30,1.98,5.86,2.22,62
CB192,1/27/2016 0:00,1.98,5.86,2.22,62
CB192,1/27/2016 0:30,1.872,5.757,2.23,63
CB192,1/27/2016 1:00,1.98,5.757,2.23,63
CB192,1/27/2016 1:30,1.872,5.757,2.23,63
CB192,1/27/2016 2:00,1.872,5.757,2.24,64
CB192,1/27/2016 2:30,1.872,5.655,2.23,63
CB192,1/27/2016 3:00,1.872,5.655,2.24,64
CB192,1/27/2016 3:30,1.98,5.655,2.25,65
CB192,1/27/2016 4:00,1.98,5.655,2.25,65
CB192,1/27/2016 4:30,1.872,5.655,2.25,65
CB192,1/27/2016 5:00,1.872,5.655,2.26,66
CB192,1/27/2016 5:30,1.872,5.655,2.26,66
CB192,1/27/2016 6:00,1.764,5.552,2.26,66
CB192,1/27/2016 6:30,1.872,5.552,2.27,68
CB192,1/27/2016 7:00,1.872,5.552,2.28,69
CB192,1/27/2016 7:30,1.764,5.552,2.27,68
CB192,1/27/2016 8:00,1.656,5.552,2.28,69
CB192,1/27/2016 8:30,1.764,5.552,2.28,69
CB192,1/27/2016 9:00,2.517,5.552,2.28,69
CB192,1/27/2016 9:30,4.415,5.552,2.28,69
CB192,1/27/2016 10:00,5.347,5.655,2.29,70
CB192,1/27/2016 10:30,5.86,5.757,2.3,71
CB192,1/27/2016 11:00,7.582,5.86,2.3,71
CB192,1/27/2016 11:30,8.282,6.064,2.29,70
CB192,1/27/2016 12:00,9.275,6.166,2.3,71
CB192,1/27/2016 12:30,9.571,6.37,2.3,71
CB192,1/27/2016 13:00,9.965,6.573,2.31,72
CB192,1/27/2016 13:30,10.651,6.775,2.31,72
CB192,1/27/2016 14:00,10.748,6.877,2.31,72
CB192,1/27/2016 14:30,10.846,6.978,2.31,72
CB192,1/27/2016 15:00,10.455,7.079,2.32,73
CB192,1/27/2016 15:30,10.846,7.179,2.32,73
CB192,1/27/2016 16:00,9.571,7.28,2.31,72
CB192,1/27/2016 16:30,8.68,7.28,2.32,73
CB192,1/27/2016 17:00,7.381,7.28,2.32,73
CB192,1/27/2016 17:30,5.655,7.179,2.32,73
CB192,1/27/2016 18:00,4.519,7.179,2.33,74
CB192,1/27/2016 18:30,3.683,7.079,2.33,74
CB192,1/27/2016 19:00,2.73,6.978,2.34,75
CB192,1/27/2016 19:30,2.195,6.877,2.33,74
CB192,1/27/2016 20:00,1.656,6.775,2.34,75
CB192,1/27/2016 20:30,0.674,6.674,2.34,75
CB192,1/27/2016 21:00,-0.102,6.573,2.34,75
CB192,1/27/2016 21:30,-0.774,6.471,2.34,75
CB192,1/27/2016 22:00,-1.001,6.37,2.34,75
CB192,1/27/2016 22:30,-1.228,6.268,2.34,75
CB192,1/27/2016 23:00,-1.456,6.166,2.34,75
CB192,1/27/2016 23:30,-1.456,6.064,2.34,75
CB192,1/28/2016 0:00,-1.799,5.962,2.34,75
CB192,1/28/2016 0:30,-2.03,5.86,2.35,77
CB192,1/28/2016 1:00,-2.145,5.757,2.34,75
CB192,1/28/2016 1:30,-2.377,5.655,2.34,75
CB192,1/28/2016 2:00,-2.494,5.45,2.34,75
CB192,1/28/2016 2:30,-2.727,5.347,2.34,75
CB192,1/28/2016 3:00,-2.727,5.347,2.35,77
CB192,1/28/2016 3:30,-2.962,5.244,2.34,75
CB192,1/28/2016 4:00,-2.844,5.141,2.33,74
CB192,1/28/2016 4:30,-2.844,5.037,2.33,74
CB192,1/28/2016 5:00,-2.962,4.934,2.34,75
CB192,1/28/2016 5:30,-2.727,4.934,2.33,74
CB192,1/28/2016 6:00,-2.494,4.831,2.34,75
CB192,1/28/2016 6:30,-2.727,4.831,2.34,75
CB192,1/28/2016 7:00,-2.962,4.727,2.34,75
CB192,1/28/2016 7:30,-3.197,4.623,2.33,74
CB192,1/28/2016 8:00,-2.962,4.623,2.33,74
CB192,1/28/2016 8:30,-2.145,4.623,2.33,74
CB192,1/28/2016 9:00,-1.001,4.623,2.33,74
CB192,1/28/2016 9:30,0.343,4.623,2.33,74
CB192,1/28/2016 10:00,1.439,4.727,2.33,74
CB192,1/28/2016 10:30,2.943,4.727,2.33,74
CB192,1/28/2016 11:00,4.102,4.934,2.33,74
CB192,1/28/2016 11:30,4.727,5.037,2.33,74
CB192,1/28/2016 12:00,4.934,5.141,2.33,74
CB192,1/28/2016 12:30,5.244,5.244,2.33,74
CB192,1/28/2016 13:00,6.268,5.347,2.32,73
CB192,1/28/2016 13:30,7.381,5.552,2.33,74
CB192,1/28/2016 14:00,7.983,5.757,2.33,74
CB192,1/28/2016 14:30,8.282,5.86,2.32,73
CB192,1/28/2016 15:00,8.282,5.962,2.32,73
CB192,1/28/2016 15:30,8.082,6.166,2.32,73
CB192,1/28/2016 16:00,7.782,6.268,2.32,73
CB192,1/28/2016 16:30,7.179,6.268,2.32,73
CB192,1/28/2016 17:00,6.573,6.37,2.32,73
CB192,1/28/2016 17:30,5.655,6.37,2.32,73
CB192,1/28/2016 18:00,4.519,6.37,2.32,73
CB192,1/28/2016 18:30,3.578,6.268,2.32,73
CB192,1/28/2016 19:00,2.943,6.166,2.32,73
CB192,1/28/2016 19:30,2.303,6.166,2.31,72
CB192,1/28/2016 20:00,1.656,6.064,2.31,72
CB192,1/28/2016 20:30,1.112,6.064,2.32,73
CB192,1/28/2016 21:00,0.453,5.962,2.3,71
CB192,1/28/2016 21:30,-0.213,5.962,2.31,72
CB192,1/28/2016 22:00,-1.001,5.86,2.31,72
CB192,1/28/2016 22:30,-1.001,5.757,2.31,72
CB192,1/28/2016 23:00,-1.114,5.757,2.31,72
CB192,1/28/2016 23:30,-1.57,5.655,2.31,72
CB192,1/29/2016 0:00,-1.914,5.552,2.31,72
CB192,1/29/2016 0:30,-2.145,5.45,2.31,72
CB192,1/29/2016 1:00,-2.261,5.347,2.31,72
CB192,1/29/2016 1:30,-2.377,5.244,2.31,72
CB192,1/29/2016 2:00,-2.61,5.244,2.31,72
CB192,1/29/2016 2:30,-2.844,5.141,2.3,71
CB192,1/29/2016 3:00,-2.844,5.037,2.3,71
CB192,1/29/2016 3:30,-2.844,4.934,2.3,71
CB192,1/29/2016 4:00,-2.962,4.934,2.29,70
CB192,1/29/2016 4:30,-3.197,4.831,2.3,71
CB192,1/29/2016 5:00,-3.434,4.727,2.3,71
CB192,1/29/2016 5:30,-3.434,4.727,2.3,71
CB192,1/29/2016 6:00,-3.553,4.623,2.29,70
CB192,1/29/2016 6:30,-3.672,4.519,2.29,70
CB192,1/29/2016 7:00,-3.792,4.519,2.29,70
CB192,1/29/2016 7:30,-3.911,4.415,2.29,70
CB192,1/29/2016 8:00,-3.792,4.311,2.29,70
CB192,1/29/2016 8:30,-3.197,4.311,2.29,70
CB192,1/29/2016 9:00,-2.03,4.311,2.29,70
CB192,1/29/2016 9:30,0.453,4.311,2.28,69
CB192,1/29/2016 10:00,5.655,4.311,2.29,70
CB192,1/29/2016 10:30,7.381,4.519,2.28,69
CB192,1/29/2016 11:00,8.082,4.623,2.28,69
CB192,1/29/2016 11:30,8.382,4.831,2.27,68
CB192,1/29/2016 12:00,8.978,5.141,2.27,68
CB192,1/29/2016 12:30,9.373,5.347,2.27,68
CB192,1/29/2016 13:00,9.768,5.655,2.27,68
CB192,1/29/2016 13:30,10.259,5.86,2.28,69
CB192,1/29/2016 14:00,10.748,6.064,2.26,66
CB192,1/29/2016 14:30,11.041,6.268,2.27,68
CB192,1/29/2016 15:00,11.236,6.37,2.26,66
CB192,1/29/2016 15:30,10.944,6.37,2.26,66
CB192,1/29/2016 16:00,10.553,6.471,2.26,66
CB192,1/29/2016 16:30,9.866,6.471,2.26,66
CB192,1/29/2016 17:00,9.275,6.471,2.25,65
CB192,1/29/2016 17:30,8.382,6.471,2.25,65
CB192,1/29/2016 18:00,6.37,6.37,2.25,65
CB192,1/29/2016 18:30,3.788,6.268,2.25,65
CB192,1/29/2016 19:00,2.303,6.166,2.25,65
CB192,1/29/2016 19:30,1.872,6.064,2.25,65
CB192,1/29/2016 20:00,1.439,5.962,2.24,64
CB192,1/29/2016 20:30,1.112,5.86,2.24,64
CB192,1/29/2016 21:00,0.674,5.757,2.24,64
CB192,1/29/2016 21:30,-0.213,5.655,2.23,63
CB192,1/29/2016 22:00,-1.001,5.552,2.24,64
CB192,1/29/2016 22:30,-1.456,5.45,2.23,63
CB192,1/29/2016 23:00,-1.684,5.347,2.24,64
CB192,1/29/2016 23:30,-2.03,5.244,2.23,63
CB192,1/30/2016 0:00,-2.145,5.141,2.23,63
CB192,1/30/2016 0:30,-2.494,5.037,2.23,63
CB192,1/30/2016 1:00,-2.727,5.037,2.22,62
CB192,1/30/2016 1:30,-2.844,4.934,2.22,62
CB192,1/30/2016 2:00,-2.962,4.831,2.22,62
CB192,1/30/2016 2:30,-3.079,4.727,2.22,62
CB192,1/30/2016 3:00,-3.197,4.623,2.22,62
CB192,1/30/2016 3:30,-3.553,4.519,2.22,62
CB192,1/30/2016 4:00,-3.792,4.519,2.22,62
CB192,1/30/2016 4:30,-3.792,4.415,2.21,61
CB192,1/30/2016 5:00,-3.911,4.311,2.21,61
CB192,1/30/2016 5:30,-4.272,4.207,2.2,60
CB192,1/30/2016 6:00,-4.272,4.207,2.21,61
CB192,1/30/2016 6:30,-4.514,4.102,2.2,60
CB192,1/30/2016 7:00,-4.636,3.998,2.2,60
CB192,1/30/2016 7:30,-4.88,3.998,2.2,60
CB192,1/30/2016 8:00,-4.758,3.893,2.2,60
CB192,1/30/2016 8:30,-4.272,3.893,2.2,60
CB192,1/30/2016 9:00,-3.197,3.788,2.19,59
CB192,1/30/2016 9:30,-1.341,3.788,2.19,59
CB192,1/30/2016 10:00,2.088,3.893,2.19,59
CB192,1/30/2016 10:30,5.141,3.998,2.19,59
CB192,1/30/2016 11:00,6.978,4.207,2.19,59
CB192,1/30/2016 11:30,7.582,4.415,2.18,58
CB192,1/30/2016 12:00,7.983,4.623,2.18,58
CB192,1/30/2016 12:30,8.581,4.934,2.19,59
CB192,1/30/2016 13:00,9.077,5.244,2.18,58
CB192,1/30/2016 13:30,9.768,5.552,2.18,58
CB192,1/30/2016 14:00,10.553,5.757,2.18,58
CB192,1/30/2016 14:30,11.041,5.962,2.18,58
CB192,1/30/2016 15:00,11.236,6.064,2.17,57
CB192,1/30/2016 15:30,11.625,6.166,2.18,58
CB192,1/30/2016 16:00,11.236,6.268,2.18,58
CB192,1/30/2016 16:30,10.651,6.268,2.18,58
CB192,1/30/2016 17:00,9.275,6.37,2.17,57
CB192,1/30/2016 17:30,6.978,6.37,2.17,57
CB192,1/30/2016 18:00,4.934,6.37,2.17,57
CB192,1/30/2016 18:30,3.261,6.268,2.17,57
CB192,1/30/2016 19:00,2.088,6.166,2.18,58
CB192,1/30/2016 19:30,1.112,6.064,2.17,57
CB192,1/30/2016 20:00,0.343,5.962,2.17,57
CB192,1/30/2016 20:30,-0.213,5.86,2.17,57
CB192,1/30/2016 21:00,-0.662,5.757,2.16,56
CB192,1/30/2016 21:30,-1.001,5.552,2.17,57
CB192,1/30/2016 22:00,-1.114,5.552,2.17,57
CB192,1/30/2016 22:30,-1.456,5.45,2.17,57
CB192,1/30/2016 23:00,-1.456,5.347,2.17,57
CB192,1/30/2016 23:30,-1.57,5.244,2.16,56
CB192,1/31/2016 0:00,-1.456,5.244,2.17,57
CB192,1/31/2016 0:30,-1.684,5.141,2.17,57
CB192,1/31/2016 1:00,-1.799,5.037,2.17,57
CB192,1/31/2016 1:30,-1.799,4.934,2.17,57
CB192,1/31/2016 2:00,-1.684,4.934,2.17,57
CB192,1/31/2016 2:30,-1.799,4.831,2.17,57
CB192,1/31/2016 3:00,-1.684,4.727,2.16,56
CB192,1/31/2016 3:30,-1.57,4.727,2.17,57
CB192,1/31/2016 4:00,-1.57,4.727,2.17,57
CB192,1/31/2016 4:30,-1.57,4.623,2.17,57
CB192,1/31/2016 5:00,-1.456,4.623,2.16,56
CB192,1/31/2016 5:30,-1.341,4.623,2.17,57
CB192,1/31/2016 6:00,-1.341,4.623,2.17,57
CB192,1/31/2016 6:30,-1.341,4.623,2.16,56
CB192,1/31/2016 7:00,-1.456,4.519,2.17,57
CB192,1/31/2016 7:30,-1.684,4.519,2.16,56
CB192,1/31/2016 8:00,-1.684,4.519,2.16,56
CB192,1/31/2016 8:30,-1.228,4.519,2.16,56
CB192,1/31/2016 9:00,-0.102,4.519,2.16,56
CB192,1/31/2016 9:30,1.33,4.519,2.16,56
CB192,1/31/2016 10:00,5.45,4.623,2.17,57
CB192,1/31/2016 10:30,9.965,4.831,2.16,56
CB192,1/31/2016 11:00,11.528,5.037,2.16,56
CB192,1/31/2016 11:30,12.69,5.347,2.16,56
CB192,1/31/2016 12:00,13.461,5.655,2.16,56
CB192,1/31/2016 12:30,14.325,5.962,2.16,56
CB192,1/31/2016 13:00,15.378,6.37,2.16,56
CB192,1/31/2016 13:30,16.427,6.775,2.16,56
CB192,1/31/2016 14:00,17.76,7.079,2.16,56
CB192,1/31/2016 14:30,16.808,7.381,2.16,56
CB192,1/31/2016 15:00,16.332,7.582,2.16,56
CB192,1/31/2016 15:30,16.999,7.782,2.16,56
CB192,1/31/2016 16:00,16.141,7.983,2.16,56
CB192,1/31/2016 16:30,15.187,8.082,2.16,56
CB192,1/31/2016 17:00,14.421,8.182,2.16,56
CB192,1/31/2016 17:30,13.558,8.182,2.16,56
CB192,1/31/2016 18:00,12.594,8.182,2.15,55
CB192,1/31/2016 18:30,12.69,8.182,2.16,56
CB192,1/31/2016 19:00,11.819,8.182,2.16,56
CB192,1/31/2016 19:30,12.11,8.082,2.14,54
CB192,1/31/2016 20:00,12.013,8.082,2.15,55
CB192,1/31/2016 20:30,11.334,8.082,2.15,55
CB192,1/31/2016 21:00,9.965,8.082,2.16,56
CB192,1/31/2016 21:30,9.472,8.082,2.15,55
CB192,1/31/2016 22:00,9.669,8.082,2.16,56
CB192,1/31/2016 22:30,9.176,8.082,2.16,56
CB192,1/31/2016 23:00,9.472,8.082,2.16,56
CB192,1/31/2016 23:30,9.077,8.082,2.16,56
CB192,2/1/2016 0:00,7.983,8.082,2.16,56
CB192,2/1/2016 0:30,7.682,8.082,2.16,56
CB192,2/1/2016 1:00,8.282,7.983,2.16,56
CB192,2/1/2016 1:30,9.373,7.983,2.16,56
CB192,2/1/2016 2:00,7.782,7.983,2.15,55
CB192,2/1/2016 2:30,6.978,7.882,2.16,56
CB192,2/1/2016 3:00,6.775,7.882,2.16,56
CB192,2/1/2016 3:30,6.166,7.882,2.16,56
CB192,2/1/2016 4:00,5.757,7.882,2.16,56
CB192,2/1/2016 4:30,5.757,7.782,2.17,57
CB192,2/1/2016 5:00,6.064,7.782,2.16,56
CB192,2/1/2016 5:30,6.064,7.782,2.15,55
CB192,2/1/2016 6:00,5.962,7.782,2.16,56
CB192,2/1/2016 6:30,5.655,7.782,2.15,55
CB192,2/1/2016 7:00,5.86,7.782,2.16,56
CB192,2/1/2016 7:30,6.37,7.782,2.16,56
CB192,2/1/2016 8:00,6.37,7.782,2.16,56
CB192,2/1/2016 8:30,7.481,7.782,2.16,56
CB192,2/1/2016 9:00,9.275,7.882,2.16,56
CB192,2/1/2016 9:30,10.259,7.882,2.15,55
CB192,2/1/2016 10:00,11.236,7.983,2.15,55
CB192,2/1/2016 10:30,12.883,8.082,2.15,55
CB192,2/1/2016 11:00,14.325,8.282,2.15,55
CB192,2/1/2016 11:30,14.709,8.481,2.15,55
CB192,2/1/2016 12:00,14.996,8.779,2.15,55
CB192,2/1/2016 12:30,16.427,9.077,2.15,55
CB192,2/1/2016 13:00,17.855,9.373,2.15,55
CB192,2/1/2016 13:30,18.045,9.768,2.15,55
CB192,2/1/2016 14:00,19.092,9.866,2.16,56
CB192,2/1/2016 14:30,19.853,10.161,2.15,55
CB192,2/1/2016 15:00,19.662,10.259,2.15,55
CB192,2/1/2016 15:30,19.853,10.455,2.15,55
CB192,2/1/2016 16:00,18.711,10.553,2.14,54
CB192,2/1/2016 16:30,17.57,10.651,2.15,55
CB192,2/1/2016 17:00,17.284,10.651,2.15,55
CB192,2/1/2016 17:30,16.808,10.651,2.15,55
CB192,2/1/2016 18:00,15.855,10.748,2.14,54
CB192,2/1/2016 18:30,14.517,10.651,2.14,54
CB192,2/1/2016 19:00,13.942,10.651,2.15,55
CB192,2/1/2016 19:30,13.942,10.553,2.15,55
CB192,2/1/2016 20:00,13.269,10.553,2.15,55
CB192,2/1/2016 20:30,12.304,10.455,2.14,54
CB192,2/1/2016 21:00,12.013,10.455,2.15,55
CB192,2/1/2016 21:30,11.625,10.357,2.14,54
CB192,2/1/2016 22:00,11.139,10.357,2.15,55
CB192,2/1/2016 22:30,10.944,10.357,2.14,54
CB192,2/1/2016 23:00,10.455,10.259,2.15,55
CB192,2/1/2016 23:30,9.866,10.259,2.14,54
CB192,2/2/2016 0:00,8.978,10.161,2.15,55
CB192,2/2/2016 0:30,8.282,10.063,2.14,54
CB192,2/2/2016 1:00,7.782,10.063,2.15,55
CB192,2/2/2016 1:30,7.381,9.965,2.15,55
CB192,2/2/2016 2:00,6.978,9.866,2.15,55
CB192,2/2/2016 2:30,6.37,9.768,2.14,54
CB192,2/2/2016 3:00,5.86,9.669,2.14,54
CB192,2/2/2016 3:30,5.45,9.571,2.13,53
CB192,2/2/2016 4:00,5.037,9.472,2.14,54
CB192,2/2/2016 4:30,4.727,9.373,2.14,54
CB192,2/2/2016 5:00,4.415,9.275,2.13,53
CB192,2/2/2016 5:30,4.831,9.176,2.14,54
CB192,2/2/2016 6:00,5.655,9.077,2.13,53
CB192,2/2/2016 6:30,6.166,9.077,2.13,53
CB192,2/2/2016 7:00,6.674,9.077,2.12,52
CB192,2/2/2016 7:30,7.179,8.978,2.14,54
CB192,2/2/2016 8:00,7.782,8.978,2.13,53
CB192,2/2/2016 8:30,8.481,9.077,2.13,53
CB192,2/2/2016 9:00,9.472,9.077,2.13,53
CB192,2/2/2016 9:30,10.063,9.077,2.12,52
CB192,2/2/2016 10:00,9.176,9.176,2.12,52
CB192,2/2/2016 10:30,8.779,9.176,2.13,53
CB192,2/2/2016 11:00,8.779,9.275,2.12,52
CB192,2/2/2016 11:30,8.779,9.275,2.13,53
CB192,2/2/2016 12:00,8.779,9.275,2.12,52
CB192,2/2/2016 12:30,8.779,9.275,2.12,52
CB192,2/2/2016 13:00,8.581,9.373,2.12,52
CB192,2/2/2016 13:30,8.68,9.373,2.12,52
CB192,2/2/2016 14:00,8.581,9.373,2.12,52
CB192,2/2/2016 14:30,8.581,9.373,2.12,52
CB192,2/2/2016 15:00,8.581,9.373,2.12,52
CB192,2/2/2016 15:30,8.481,9.373,2.12,52
CB192,2/2/2016 16:00,8.382,9.373,2.12,52
CB192,2/2/2016 16:30,8.481,9.373,2.11,51
CB192,2/2/2016 17:00,8.282,9.373,2.12,52
CB192,2/2/2016 17:30,8.182,9.373,2.12,52
CB192,2/2/2016 18:00,8.082,9.373,2.12,52
CB192,2/2/2016 18:30,8.082,9.373,2.11,51
CB192,2/2/2016 19:00,8.182,9.275,2.11,51
CB192,2/2/2016 19:30,8.182,9.275,2.12,52
CB192,2/2/2016 20:00,8.182,9.275,2.11,51
CB192,2/2/2016 20:30,8.182,9.275,2.11,51
CB192,2/2/2016 21:00,7.983,9.275,2.11,51
CB192,2/2/2016 21:30,7.782,9.176,2.11,51
CB192,2/2/2016 22:00,7.782,9.176,2.11,51
CB192,2/2/2016 22:30,7.782,9.176,2.11,51
CB192,2/2/2016 23:00,7.882,9.176,2.11,51
CB192,2/2/2016 23:30,7.983,9.176,2.12,52
CB192,2/3/2016 0:00,8.082,9.176,2.13,53
CB192,2/3/2016 0:30,8.182,9.176,2.14,54
CB192,2/3/2016 1:00,8.282,9.077,2.16,56
CB192,2/3/2016 1:30,8.282,9.077,2.18,58
CB192,2/3/2016 2:00,8.282,9.077,2.19,59
CB192,2/3/2016 2:30,8.282,9.077,2.21,61
CB192,2/3/2016 3:00,8.282,9.077,2.23,63
CB192,2/3/2016 3:30,8.182,9.077,2.23,63
CB192,2/3/2016 4:00,8.282,9.077,2.24,64
CB192,2/3/2016 4:30,8.282,9.077,2.26,66
CB192,2/3/2016 5:00,8.382,9.077,2.26,66
CB192,2/3/2016 5:30,8.481,9.077,2.27,68
CB192,2/3/2016 6:00,10.259,9.077,2.28,69
CB192,2/3/2016 6:30,14.23,9.077,2.3,71
CB192,2/3/2016 7:00,15.282,9.176,2.32,73
CB192,2/3/2016 7:30,15.569,9.275,2.34,75
CB192,2/3/2016 8:00,15.855,9.373,2.36,78
CB192,2/3/2016 8:30,16.046,9.472,2.38,80
CB192,2/3/2016 9:00,16.332,9.669,2.38,80
CB192,2/3/2016 9:30,16.427,9.866,2.4,83
CB192,2/3/2016 10:00,16.618,9.965,2.42,85
CB192,2/3/2016 10:30,16.808,10.063,2.46,90
CB192,2/3/2016 11:00,15.473,10.357,2.61,111
CB192,2/3/2016 11:30,15.664,11.041,3.33,242
CB192,2/3/2016 12:00,15.76,11.722,3.93,372
CB192,2/3/2016 12:30,15.951,11.625,4.05,397
CB192,2/3/2016 13:00,15.76,11.139,4.4,472
CB192,2/3/2016 13:30,15.855,11.041,5.84,815
CB192,2/3/2016 14:00,15.855,10.944,6.76,104
CB192,2/3/2016 14:30,15.664,10.944,7.09,112
CB192,2/3/2016 15:00,15.76,11.041,6.97,109
CB192,2/3/2016 15:30,15.76,11.041,6.71,103
CB192,2/3/2016 16:00,15.855,11.041,6.36,939
CB192,2/3/2016 16:30,15.664,11.139,6.03,860
CB192,2/3/2016 17:00,15.664,11.139,5.71,785
CB192,2/3/2016 17:30,15.282,11.139,5.45,721
CB192,2/3/2016 18:00,14.996,11.139,5.2,658
CB192,2/3/2016 18:30,14.613,11.139,4.97,602
CB192,2/3/2016 19:00,14.325,11.139,4.74,548
CB192,2/3/2016 19:30,14.038,11.139,4.62,521
CB192,2/3/2016 20:00,13.269,11.139,4.49,492
CB192,2/3/2016 20:30,12.497,11.139,4.36,464
CB192,2/3/2016 21:00,12.11,11.041,4.32,455
CB192,2/3/2016 21:30,11.916,11.041,4.23,436
CB192,2/3/2016 22:00,11.722,11.041,4.15,419
CB192,2/3/2016 22:30,11.431,10.944,4.14,417
CB192,2/3/2016 23:00,10.944,10.944,4.07,401
CB192,2/3/2016 23:30,10.846,10.944,3.99,384
CB192,2/4/2016 0:00,11.139,10.846,3.96,378
CB192,2/4/2016 0:30,11.819,10.846,3.89,363
CB192,2/4/2016 1:00,12.69,10.846,3.86,357
CB192,2/4/2016 1:30,12.787,10.846,3.77,338
CB192,2/4/2016 2:00,12.787,10.846,3.74,331
CB192,2/4/2016 2:30,12.401,10.846,3.69,320
CB192,2/4/2016 3:00,12.207,10.846,3.64,309
CB192,2/4/2016 3:30,12.11,10.846,3.62,305
CB192,2/4/2016 4:00,11.916,10.846,3.57,295
CB192,2/4/2016 4:30,11.819,10.846,3.56,292
CB192,2/4/2016 5:00,11.528,10.748,3.48,275
CB192,2/4/2016 5:30,10.748,10.748,3.45,268
CB192,2/4/2016 6:00,10.063,10.748,3.42,262
CB192,2/4/2016 6:30,9.866,10.651,3.37,251
CB192,2/4/2016 7:00,9.176,10.651,3.36,248
CB192,2/4/2016 7:30,8.382,10.553,3.33,242
CB192,2/4/2016 8:00,8.082,10.553,3.31,238
CB192,2/4/2016 8:30,7.983,10.455,3.28,231
CB192,2/4/2016 9:00,8.382,10.455,3.27,229
CB192,2/4/2016 9:30,9.077,10.455,3.23,221
CB192,2/4/2016 10:00,9.571,10.455,3.22,219
CB192,2/4/2016 10:30,10.455,10.455,3.17,209
CB192,2/4/2016 11:00,11.528,10.553,3.16,207
CB192,2/4/2016 11:30,12.401,10.553,3.15,205
CB192,2/4/2016 12:00,12.98,10.651,3.13,201
CB192,2/4/2016 12:30,13.173,10.846,3.11,198
CB192,2/4/2016 13:00,13.076,10.846,3.08,192
CB192,2/4/2016 13:30,12.787,10.944,3.05,186
CB192,2/4/2016 14:00,13.173,10.944,3.04,185
CB192,2/4/2016 14:30,13.75,10.944,3.02,181
CB192,2/4/2016 15:00,13.654,11.041,3,177
CB192,2/4/2016 15:30,13.558,11.041,2.99,176
CB192,2/4/2016 16:00,13.076,11.041,2.97,172
CB192,2/4/2016 16:30,12.787,11.041,2.98,174
CB192,2/4/2016 17:00,11.916,11.041,2.93,165
CB192,2/4/2016 17:30,11.722,10.944,2.94,167
CB192,2/4/2016 18:00,11.041,10.846,2.91,162
CB192,2/4/2016 18:30,10.161,10.748,2.91,162
CB192,2/4/2016 19:00,9.373,10.651,2.91,162
CB192,2/4/2016 19:30,8.68,10.553,2.87,154
CB192,2/4/2016 20:00,7.983,10.455,2.88,156
CB192,2/4/2016 20:30,7.481,10.357,2.84,149
CB192,2/4/2016 21:00,7.079,10.259,2.84,149
CB192,2/4/2016 21:30,6.877,10.063,2.83,147
CB192,2/4/2016 22:00,6.674,9.965,2.83,147
CB192,2/4/2016 22:30,6.573,9.866,2.82,145
CB192,2/4/2016 23:00,6.37,9.768,2.8,142
CB192,2/4/2016 23:30,6.166,9.669,2.8,142
CB192,2/5/2016 0:00,5.86,9.571,2.76,135
CB192,2/5/2016 0:30,5.45,9.472,2.76,135
CB192,2/5/2016 1:00,4.519,9.373,2.75,133
CB192,2/5/2016 1:30,4.102,9.275,2.75,133
CB192,2/5/2016 2:00,3.893,9.176,2.77,137
CB192,2/5/2016 2:30,3.578,8.978,2.72,128
CB192,2/5/2016 3:00,3.261,8.879,2.71,127
CB192,2/5/2016 3:30,3.049,8.779,2.72,128
CB192,2/5/2016 4:00,2.73,8.68,2.71,127
CB192,2/5/2016 4:30,2.41,8.581,2.69,124
CB192,2/5/2016 5:00,1.872,8.382,2.69,124
CB192,2/5/2016 5:30,0.563,8.282,2.68,122
CB192,2/5/2016 6:00,-0.549,8.082,2.68,122
CB192,2/5/2016 6:30,-1.456,7.983,2.67,120
CB192,2/5/2016 7:00,-1.001,7.782,2.67,120
CB192,2/5/2016 7:30,-0.549,7.682,2.65,117
CB192,2/5/2016 8:00,-0.774,7.582,2.64,116
CB192,2/5/2016 8:30,0.232,7.381,2.63,114
CB192,2/5/2016 9:00,1.003,7.28,2.62,113
CB192,2/5/2016 9:30,1.764,7.179,2.62,113
CB192,2/5/2016 10:00,2.303,7.179,2.62,113
CB192,2/5/2016 10:30,3.049,7.079,2.62,113
CB192,2/5/2016 11:00,5.037,7.179,2.59,108
CB192,2/5/2016 11:30,5.037,7.179,2.59,108
CB192,2/5/2016 12:00,5.141,7.381,2.58,107
CB192,2/5/2016 12:30,5.86,7.481,2.58,107
CB192,2/5/2016 13:00,6.064,7.582,2.57,105
CB192,2/5/2016 13:30,6.775,7.682,2.57,105
CB192,2/5/2016 14:00,7.582,7.782,2.56,104
CB192,2/5/2016 14:30,8.182,7.882,2.55,103
CB192,2/5/2016 15:00,7.882,7.983,2.55,103
CB192,2/5/2016 15:30,8.182,7.983,2.55,103
CB192,2/5/2016 16:00,7.28,7.983,2.54,101
CB192,2/5/2016 16:30,6.978,7.882,2.53,100
CB192,2/5/2016 17:00,6.573,7.882,2.53,100
CB192,2/5/2016 17:30,5.45,7.782,2.52,98
CB192,2/5/2016 18:00,3.472,7.582,2.52,98
CB192,2/5/2016 18:30,1.439,7.481,2.51,97
CB192,2/5/2016 19:00,-0.213,7.28,2.52,98
CB192,2/5/2016 19:30,-1.001,7.179,2.5,96
CB192,2/5/2016 20:00,-1.684,7.079,2.5,96
CB192,2/5/2016 20:30,-2.03,6.877,2.51,97
CB192,2/5/2016 21:00,-2.261,6.775,2.49,94
CB192,2/5/2016 21:30,-2.494,6.674,2.49,94
CB192,2/5/2016 22:00,-2.844,6.573,2.49,94
CB192,2/5/2016 22:30,-3.197,6.37,2.49,94
CB192,2/5/2016 23:00,-3.316,6.268,2.48,93
CB192,2/5/2016 23:30,-3.672,6.166,2.49,94
CB192,2/6/2016 0:00,-3.911,6.064,2.48,93
CB192,2/6/2016 0:30,-4.031,5.962,2.47,92
CB192,2/6/2016 1:00,-4.272,5.86,2.46,90
CB192,2/6/2016 1:30,-4.393,5.757,2.46,90
CB192,2/6/2016 2:00,-4.514,5.655,2.46,90
CB192,2/6/2016 2:30,-4.636,5.552,2.48,93
CB192,2/6/2016 3:00,-4.636,5.45,2.45,89
CB192,2/6/2016 3:30,-4.636,5.45,2.44,88
CB192,2/6/2016 4:00,-4.88,5.347,2.45,89
CB192,2/6/2016 4:30,-4.88,5.244,2.45,89
CB192,2/6/2016 5:00,-4.88,5.244,2.45,89
CB192,2/6/2016 5:30,-5.003,5.141,2.45,89
CB192,2/6/2016 6:00,-5.003,5.037,2.46,90
CB192,2/6/2016 6:30,-5.125,5.037,2.44,88
CB192,2/6/2016 7:00,-5.496,4.934,2.45,89
CB192,2/6/2016 7:30,-5.62,4.831,2.45,89
CB192,2/6/2016 8:00,-5.249,4.831,2.43,86
CB192,2/6/2016 8:30,-4.152,4.831,2.45,89
CB192,2/6/2016 9:00,-2.844,4.831,2.45,89
CB192,2/6/2016 9:30,-1.57,4.831,2.45,89
CB192,2/6/2016 10:00,0.453,4.934,2.44,88
CB192,2/6/2016 10:30,2.943,5.037,2.42,85
CB192,2/6/2016 11:00,5.141,5.141,2.43,86
CB192,2/6/2016 11:30,4.934,5.347,2.43,86
CB192,2/6/2016 12:00,4.727,5.552,2.41,84
CB192,2/6/2016 12:30,5.757,5.757,2.41,84
CB192,2/6/2016 13:00,6.573,5.962,2.41,84
CB192,2/6/2016 13:30,6.978,6.166,2.41,84
CB192,2/6/2016 14:00,7.28,6.37,2.41,84
CB192,2/6/2016 14:30,7.882,6.471,2.41,84
CB192,2/6/2016 15:00,8.382,6.573,2.4,83
CB192,2/6/2016 15:30,8.978,6.674,2.41,84
CB192,2/6/2016 16:00,8.382,6.674,2.4,83
CB192,2/6/2016 16:30,7.882,6.674,2.4,83
CB192,2/6/2016 17:00,7.28,6.674,2.4,83
CB192,2/6/2016 17:30,5.86,6.775,2.4,83
CB192,2/6/2016 18:00,4.623,6.775,2.41,84
CB192,2/6/2016 18:30,3.367,6.674,2.4,83
CB192,2/6/2016 19:00,1.764,6.573,2.41,84
CB192,2/6/2016 19:30,0.343,6.471,2.4,83
CB192,2/6/2016 20:00,0.121,6.37,2.41,84
CB192,2/6/2016 20:30,0.232,6.37,2.39,81
CB192,2/6/2016 21:00,0.232,6.268,2.39,81
CB192,2/6/2016 21:30,0.453,6.268,2.39,81
CB192,2/6/2016 22:00,-0.102,6.166,2.39,81
CB192,2/6/2016 22:30,-0.662,6.166,2.39,81
CB192,2/6/2016 23:00,-0.549,6.064,2.39,81
CB192,2/6/2016 23:30,-1.114,5.962,2.39,81
CB192,2/7/2016 0:00,-1.684,5.86,2.38,80
CB192,2/7/2016 0:30,-2.145,5.86,2.39,81
CB192,2/7/2016 1:00,-2.494,5.757,2.39,81
CB192,2/7/2016 1:30,-2.61,5.655,2.38,80
CB192,2/7/2016 2:00,-2.844,5.552,2.38,80
CB192,2/7/2016 2:30,-2.962,5.45,2.37,79
CB192,2/7/2016 3:00,-3.079,5.347,2.38,80
CB192,2/7/2016 3:30,-2.727,5.347,2.39,81
CB192,2/7/2016 4:00,-2.494,5.244,2.38,80
CB192,2/7/2016 4:30,-2.377,5.244,2.37,79
CB192,2/7/2016 5:00,-2.145,5.244,2.37,79
CB192,2/7/2016 5:30,-1.799,5.141,2.38,80
CB192,2/7/2016 6:00,-1.456,5.141,2.38,80
CB192,2/7/2016 6:30,-1.228,5.141,2.38,80
CB192,2/7/2016 7:00,-1.001,5.037,2.38,80
CB192,2/7/2016 7:30,-0.887,5.037,2.36,78
CB192,2/7/2016 8:00,-0.662,5.037,2.37,79
CB192,2/7/2016 8:30,-0.102,5.037,2.37,79
CB192,2/7/2016 9:00,0.784,5.037,2.37,79
CB192,2/7/2016 9:30,2.195,5.141,2.37,79
CB192,2/7/2016 10:00,5.655,5.244,2.37,79
CB192,2/7/2016 10:30,6.775,5.347,2.37,79
CB192,2/7/2016 11:00,9.472,5.45,2.36,78
CB192,2/7/2016 11:30,8.779,5.655,2.35,77
CB192,2/7/2016 12:00,9.077,5.962,2.36,78
CB192,2/7/2016 12:30,9.866,6.166,2.36,78
CB192,2/7/2016 13:00,10.651,6.471,2.36,78
CB192,2/7/2016 13:30,11.041,6.674,2.35,77
CB192,2/7/2016 14:00,11.625,6.877,2.35,77
CB192,2/7/2016 14:30,11.916,7.079,2.35,77
CB192,2/7/2016 15:00,11.916,7.179,2.35,77
CB192,2/7/2016 15:30,12.11,7.381,2.35,77
CB192,2/7/2016 16:00,11.236,7.481,2.36,78
CB192,2/7/2016 16:30,10.748,7.481,2.35,77
CB192,2/7/2016 17:00,10.553,7.481,2.34,75
CB192,2/7/2016 17:30,10.161,7.481,2.35,77
CB192,2/7/2016 18:00,8.68,7.481,2.35,77
CB192,2/7/2016 18:30,6.674,7.481,2.35,77
CB192,2/7/2016 19:00,4.727,7.381,2.33,74
CB192,2/7/2016 19:30,3.155,7.28,2.34,75
CB192,2/7/2016 20:00,1.764,7.179,2.35,77
CB192,2/7/2016 20:30,0.563,7.079,2.35,77
CB192,2/7/2016 21:00,-0.325,6.978,2.34,75
CB192,2/7/2016 21:30,-0.887,6.877,2.34,75
CB192,2/7/2016 22:00,-1.228,6.674,2.35,77
CB192,2/7/2016 22:30,-1.341,6.573,2.35,77
CB192,2/7/2016 23:00,-1.684,6.471,2.34,75
CB192,2/7/2016 23:30,-2.03,6.37,2.34,75
CB192,2/8/2016 0:00,-2.145,6.268,2.34,75
CB192,2/8/2016 0:30,-2.377,6.166,2.34,75
CB192,2/8/2016 1:00,-2.61,6.064,2.34,75
CB192,2/8/2016 1:30,-2.727,5.962,2.34,75
CB192,2/8/2016 2:00,-2.844,5.86,2.34,75
CB192,2/8/2016 2:30,-2.61,5.757,2.33,74
CB192,2/8/2016 3:00,-2.727,5.655,2.34,75
CB192,2/8/2016 3:30,-3.079,5.655,2.34,75
CB192,2/8/2016 4:00,-3.316,5.552,2.33,74
CB192,2/8/2016 4:30,-3.553,5.45,2.33,74
CB192,2/8/2016 5:00,-3.792,5.347,2.33,74
CB192,2/8/2016 5:30,-3.911,5.244,2.33,74
CB192,2/8/2016 6:00,-4.272,5.244,2.33,74
CB192,2/8/2016 6:30,-4.272,5.141,2.34,75
CB192,2/8/2016 7:00,-4.393,5.037,2.33,74
CB192,2/8/2016 7:30,-4.272,5.037,2.32,73
CB192,2/8/2016 8:00,-3.316,4.934,2.32,73
CB192,2/8/2016 8:30,-1.799,4.934,2.32,73
CB192,2/8/2016 9:00,-0.549,5.037,2.33,74
CB192,2/8/2016 9:30,0.563,5.037,2.33,74
CB192,2/8/2016 10:00,1.764,5.141,2.32,73
CB192,2/8/2016 10:30,2.41,5.244,2.33,74
CB192,2/8/2016 11:00,4.102,5.347,2.32,73
CB192,2/8/2016 11:30,5.86,5.45,2.32,73
CB192,2/8/2016 12:00,6.268,5.552,2.32,73
CB192,2/8/2016 12:30,6.064,5.655,2.31,72
CB192,2/8/2016 13:00,7.179,5.86,2.32,73
CB192,2/8/2016 13:30,8.282,5.962,2.32,73
CB192,2/8/2016 14:00,8.879,6.268,2.32,73
CB192,2/8/2016 14:30,7.882,6.37,2.32,73
CB192,2/8/2016 15:00,6.064,6.37,2.31,72
CB192,2/8/2016 15:30,7.682,6.471,2.31,72
CB192,2/8/2016 16:00,7.682,6.573,2.31,72
CB192,2/8/2016 16:30,7.582,6.674,2.31,72
CB192,2/8/2016 17:00,6.978,6.674,2.31,72
CB192,2/8/2016 17:30,6.775,6.674,2.31,72
CB192,2/8/2016 18:00,5.962,6.775,2.31,72
CB192,2/8/2016 18:30,6.268,6.775,2.31,72
CB192,2/8/2016 19:00,5.757,6.775,2.31,72
CB192,2/8/2016 19:30,4.311,6.775,2.31,72
CB192,2/8/2016 20:00,2.624,6.674,2.3,71
CB192,2/8/2016 20:30,1.112,6.573,2.3,71
CB192,2/8/2016 21:00,-0.213,6.471,2.3,71
CB192,2/8/2016 21:30,-1.001,6.37,2.3,71
CB192,2/8/2016 22:00,-0.437,6.268,2.3,71
CB192,2/8/2016 22:30,0.01,6.268,2.3,71
CB192,2/8/2016 23:00,0.01,6.166,2.3,71
CB192,2/8/2016 23:30,-0.662,6.064,2.3,71
CB192,2/9/2016 0:00,-1.341,6.064,2.3,71
CB192,2/9/2016 0:30,-1.799,5.962,2.3,71
CB192,2/9/2016 1:00,-2.145,5.86,2.29,70
CB192,2/9/2016 1:30,-2.494,5.757,2.3,71
CB192,2/9/2016 2:00,-2.727,5.655,2.3,71
CB192,2/9/2016 2:30,-2.494,5.552,2.29,70
CB192,2/9/2016 3:00,-1.799,5.552,2.29,70
CB192,2/9/2016 3:30,0.343,5.45,2.29,70
CB192,2/9/2016 4:00,0.563,5.45,2.3,71
CB192,2/9/2016 4:30,0.343,5.347,2.29,70
CB192,2/9/2016 5:00,-0.213,5.347,2.29,70
CB192,2/9/2016 5:30,-0.549,5.244,2.3,71
CB192,2/9/2016 6:00,-1.001,5.141,2.28,69
CB192,2/9/2016 6:30,-1.114,5.141,2.29,70
CB192,2/9/2016 7:00,-1.341,5.037,2.29,70
CB192,2/9/2016 7:30,-1.114,5.037,2.29,70
CB192,2/9/2016 8:00,-0.887,4.934,2.28,69
CB192,2/9/2016 8:30,-0.325,4.934,2.29,70
CB192,2/9/2016 9:00,0.343,4.934,2.28,69
CB192,2/9/2016 9:30,0.784,5.037,2.28,69
CB192,2/9/2016 10:00,1.112,5.037,2.28,69
CB192,2/9/2016 10:30,1.656,5.037,2.28,69
CB192,2/9/2016 11:00,1.656,5.141,2.27,68
CB192,2/9/2016 11:30,1.872,5.141,2.27,68
CB192,2/9/2016 12:00,2.303,5.244,2.28,69
CB192,2/9/2016 12:30,2.73,5.552,2.27,68
CB192,2/9/2016 13:00,2.303,5.655,2.28,69
CB192,2/9/2016 13:30,1.439,5.757,2.28,69
CB192,2/9/2016 14:00,1.872,5.86,2.26,66
CB192,2/9/2016 14:30,1.872,5.962,2.26,66
CB192,2/9/2016 15:00,1.33,5.86,2.26,66
CB192,2/9/2016 15:30,0.674,5.86,2.27,68
CB192,2/9/2016 16:00,0.453,5.86,2.26,66
CB192,2/9/2016 16:30,0.01,5.86,2.26,66
CB192,2/9/2016 17:00,-0.437,5.757,2.27,68
CB192,2/9/2016 17:30,-0.774,5.655,2.25,65
CB192,2/9/2016 18:00,-1.228,5.552,2.26,66
CB192,2/9/2016 18:30,-1.799,5.347,2.26,66
CB192,2/9/2016 19:00,-2.03,5.244,2.25,65
CB192,2/9/2016 19:30,-2.145,5.141,2.26,66
CB192,2/9/2016 20:00,-2.261,5.037,2.25,65
CB192,2/9/2016 20:30,-2.494,4.934,2.25,65
CB192,2/9/2016 21:00,-2.61,4.727,2.25,65
CB192,2/9/2016 21:30,-2.727,4.623,2.26,66
CB192,2/9/2016 22:00,-2.962,4.519,2.25,65
CB192,2/9/2016 22:30,-3.079,4.415,2.25,65
CB192,2/9/2016 23:00,-3.316,4.311,2.25,65
CB192,2/9/2016 23:30,-3.434,4.207,2.25,65
CB192,2/10/2016 0:00,-3.553,4.102,2.24,64
CB192,2/10/2016 0:30,-3.553,3.998,2.25,65
CB192,2/10/2016 1:00,-3.553,3.893,2.25,65
CB192,2/10/2016 1:30,-3.553,3.788,2.23,63
CB192,2/10/2016 2:00,-3.792,3.788,2.24,64
CB192,2/10/2016 2:30,-3.792,3.683,2.24,64
CB192,2/10/2016 3:00,-3.792,3.578,2.23,63
CB192,2/10/2016 3:30,-3.911,3.472,2.24,64
CB192,2/10/2016 4:00,-3.911,3.367,2.23,63
CB192,2/10/2016 4:30,-4.393,3.261,2.22,62
CB192,2/10/2016 5:00,-4.636,3.261,2.23,63
CB192,2/10/2016 5:30,-4.393,3.155,2.23,63
CB192,2/10/2016 6:00,-4.636,3.049,2.23,63
CB192,2/10/2016 6:30,-5.249,3.049,2.22,62
CB192,2/10/2016 7:00,-5.372,2.943,2.22,62
CB192,2/10/2016 7:30,-5.745,2.837,2.22,62
CB192,2/10/2016 8:00,-5.496,2.837,2.22,62
CB192,2/10/2016 8:30,-4.758,2.73,2.23,63
CB192,2/10/2016 9:00,-4.152,2.73,2.21,61
CB192,2/10/2016 9:30,-3.553,2.624,2.22,62
CB192,2/10/2016 10:00,-2.962,2.624,2.21,61
CB192,2/10/2016 10:30,-2.261,2.73,2.22,62
CB192,2/10/2016 11:00,-1.114,2.837,2.21,61
CB192,2/10/2016 11:30,-1.57,3.049,2.22,62
CB192,2/10/2016 12:00,-1.341,3.261,2.21,61
CB192,2/10/2016 12:30,-1.001,3.472,2.21,61
CB192,2/10/2016 13:00,-0.774,3.683,2.21,61
CB192,2/10/2016 13:30,-0.325,3.893,2.2,60
CB192,2/10/2016 14:00,-0.325,4.102,2.21,61
CB192,2/10/2016 14:30,0.453,4.102,2.21,61
CB192,2/10/2016 15:00,0.563,4.102,2.2,60
CB192,2/10/2016 15:30,1.003,4.207,2.21,61
CB192,2/10/2016 16:00,-0.213,4.207,2.2,60
CB192,2/10/2016 16:30,-0.549,4.207,2.21,61
CB192,2/10/2016 17:00,-1.456,4.102,2.21,61
CB192,2/10/2016 17:30,-1.914,3.998,2.2,60
CB192,2/10/2016 18:00,-2.494,3.893,2.2,60
CB192,2/10/2016 18:30,-2.962,3.788,2.21,61
CB192,2/10/2016 19:00,-3.316,3.683,2.2,60
CB192,2/10/2016 19:30,-3.911,3.472,2.2,60
CB192,2/10/2016 20:00,-4.636,3.367,2.2,60
CB192,2/10/2016 20:30,-5.125,3.261,2.2,60
CB192,2/10/2016 21:00,-5.496,3.155,2.19,59
CB192,2/10/2016 21:30,-5.745,3.049,2.19,59
CB192,2/10/2016 22:00,-5.995,2.943,2.19,59
CB192,2/10/2016 22:30,-5.745,2.837,2.19,59
CB192,2/10/2016 23:00,-5.249,2.73,2.2,60
CB192,2/10/2016 23:30,-5.125,2.624,2.19,59
CB192,2/11/2016 0:00,-4.88,2.624,2.19,59
CB192,2/11/2016 0:30,-4.636,2.517,2.19,59
CB192,2/11/2016 1:00,-4.88,2.41,2.19,59
CB192,2/11/2016 1:30,-5.249,2.303,2.19,59
CB192,2/11/2016 2:00,-5.372,2.303,2.18,58
CB192,2/11/2016 2:30,-4.393,2.195,2.18,58
CB192,2/11/2016 3:00,-4.514,2.088,2.19,59
CB192,2/11/2016 3:30,-4.393,2.088,2.18,58
CB192,2/11/2016 4:00,-4.88,1.98,2.19,59
CB192,2/11/2016 4:30,-5.745,1.98,2.18,58
CB192,2/11/2016 5:00,-6.626,1.872,2.18,58
CB192,2/11/2016 5:30,-7.527,1.764,2.18,58
CB192,2/11/2016 6:00,-8.182,1.764,2.18,58
CB192,2/11/2016 6:30,-8.713,1.656,2.18,58
CB192,2/11/2016 7:00,-9.252,1.548,2.17,57
CB192,2/11/2016 7:30,-9.662,1.439,2.18,58
CB192,2/11/2016 8:00,-9.117,1.439,2.17,57
CB192,2/11/2016 8:30,-7.918,1.33,2.17,57
CB192,2/11/2016 9:00,-6.12,1.33,2.17,57
CB192,2/11/2016 9:30,-3.672,1.33,2.17,57
CB192,2/11/2016 10:00,-1.799,1.439,2.17,57
CB192,2/11/2016 10:30,-0.213,1.548,2.17,57
CB192,2/11/2016 11:00,2.195,1.764,2.17,57
CB192,2/11/2016 11:30,2.088,2.088,2.16,56
CB192,2/11/2016 12:00,2.73,2.303,2.17,57
CB192,2/11/2016 12:30,3.367,2.624,2.17,57
CB192,2/11/2016 13:00,4.415,3.049,2.17,57
CB192,2/11/2016 13:30,4.934,3.367,2.16,56
CB192,2/11/2016 14:00,6.064,3.683,2.17,57
CB192,2/11/2016 14:30,6.775,3.893,2.16,56
CB192,2/11/2016 15:00,6.37,3.998,2.16,56
CB192,2/11/2016 15:30,7.682,4.102,2.17,57
CB192,2/11/2016 16:00,6.064,4.207,2.17,57
CB192,2/11/2016 16:30,5.86,4.311,2.17,57
CB192,2/11/2016 17:00,5.037,4.207,2.17,57
CB192,2/11/2016 17:30,3.472,4.207,2.17,57
CB192,2/11/2016 18:00,1.656,4.207,2.16,56
CB192,2/11/2016 18:30,0.01,4.207,2.18,58
CB192,2/11/2016 19:00,-1.341,4.102,2.19,59
CB192,2/11/2016 19:30,-2.03,3.998,2.2,60
CB192,2/11/2016 20:00,-2.377,3.893,2.19,59
CB192,2/11/2016 20:30,-2.844,3.788,2.18,58
CB192,2/11/2016 21:00,-3.197,3.683,2.18,58
CB192,2/11/2016 21:30,-3.553,3.578,2.17,57
CB192,2/11/2016 22:00,-3.672,3.472,2.17,57
CB192,2/11/2016 22:30,-3.911,3.472,2.16,56
CB192,2/11/2016 23:00,-4.272,3.367,2.16,56
CB192,2/11/2016 23:30,-4.636,3.261,2.17,57
CB192,2/12/2016 0:00,-4.758,3.261,2.16,56
CB192,2/12/2016 0:30,-4.88,3.155,2.16,56
CB192,2/12/2016 1:00,-5.003,3.049,2.16,56
CB192,2/12/2016 1:30,-4.758,2.943,2.16,56
CB192,2/12/2016 2:00,-4.152,2.943,2.16,56
CB192,2/12/2016 2:30,-3.434,2.837,2.15,55
CB192,2/12/2016 3:00,-3.079,2.837,2.15,55
CB192,2/12/2016 3:30,-2.727,2.837,2.15,55
CB192,2/12/2016 4:00,-2.61,2.837,2.15,55
CB192,2/12/2016 4:30,-2.494,2.837,2.15,55
CB192,2/12/2016 5:00,-2.261,2.837,2.16,56
CB192,2/12/2016 5:30,-2.261,2.837,2.15,55
CB192,2/12/2016 6:00,-2.727,2.837,2.15,55
CB192,2/12/2016 6:30,-3.316,2.837,2.15,55
CB192,2/12/2016 7:00,-4.152,2.837,2.14,54
CB192,2/12/2016 7:30,-4.758,2.837,2.14,54
CB192,2/12/2016 8:00,-4.514,2.73,2.15,55
CB192,2/12/2016 8:30,-3.079,2.73,2.15,55
CB192,2/12/2016 9:00,-1.456,2.837,2.15,55
CB192,2/12/2016 9:30,-0.774,2.837,2.14,54
CB192,2/12/2016 10:00,-0.213,2.943,2.14,54
CB192,2/12/2016 10:30,-0.102,3.049,2.15,55
CB192,2/12/2016 11:00,0.343,3.155,2.15,55
CB192,2/12/2016 11:30,0.674,3.261,2.14,54
CB192,2/12/2016 12:00,1.112,3.367,2.14,54
CB192,2/12/2016 12:30,1.872,3.578,2.14,54
CB192,2/12/2016 13:00,3.049,3.893,2.14,54
CB192,2/12/2016 13:30,3.155,4.102,2.15,55
CB192,2/12/2016 14:00,3.472,4.415,2.14,54
CB192,2/12/2016 14:30,4.207,4.519,2.14,54
CB192,2/12/2016 15:00,4.519,4.623,2.14,54
CB192,2/12/2016 15:30,4.207,4.727,2.14,54
CB192,2/12/2016 16:00,3.578,4.831,2.14,54
CB192,2/12/2016 16:30,3.261,4.831,2.14,54
CB192,2/12/2016 17:00,2.943,4.831,2.14,54
CB192,2/12/2016 17:30,2.624,4.831,2.15,55
CB192,2/12/2016 18:00,2.088,4.727,2.15,55
CB192,2/12/2016 18:30,1.656,4.727,2.15,55
CB192,2/12/2016 19:00,1.221,4.623,2.15,55
CB192,2/12/2016 19:30,1.112,4.623,2.14,54
CB192,2/12/2016 20:00,1.33,4.623,2.14,54
CB192,2/12/2016 20:30,3.367,4.623,2.14,54
CB192,2/12/2016 21:00,3.472,4.519,2.14,54
CB192,2/12/2016 21:30,2.837,4.519,2.14,54
CB192,2/12/2016 22:00,2.624,4.519,2.15,55
CB192,2/12/2016 22:30,2.088,4.415,2.14,54
CB192,2/12/2016 23:00,2.088,4.415,2.14,54
CB192,2/12/2016 23:30,1.656,4.415,2.15,55
