SiteID,Parameter,mean,Date,Year,YearMonth,Month,MonthDay,JulianDay,Season,YearSeason
1187300,Discharge.ft3.s,22.4513157894737,2013-01-10,2013,201301,01,0110,10,Winter,2013Winter
1187300,Discharge.ft3.s,22.5447916666667,2013-01-11,2013,201301,01,0111,11,Winter,2013Winter
1187300,Discharge.ft3.s,24.945,2013-01-12,2013,201301,01,0112,12,Winter,2013Winter
1187300,Discharge.ft3.s,339.210526315789,2013-01-31,2013,201301,01,0131,31,Winter,2013Winter
1187300,Discharge.ft3.s,255,2013-02-01,2013,201302,02,0201,32,Winter,2013Winter
1187300,Discharge.ft3.s,42.2,2013-02-11,2013,201302,02,0211,42,Winter,2013Winter
1187300,Discharge.ft3.s,39.66875,2013-02-12,2013,201302,02,0212,43,Winter,2013Winter
1187300,Discharge.ft3.s,34.43125,2013-02-13,2013,201302,02,0213,44,Winter,2013Winter
1187300,Discharge.ft3.s,31.884375,2013-02-14,2013,201302,02,0214,45,Winter,2013Winter
1187300,Discharge.ft3.s,30.7375,2013-02-15,2013,201302,02,0215,46,Winter,2013Winter
1187300,Discharge.ft3.s,31.928125,2013-02-16,2013,201302,02,0216,47,Winter,2013Winter
1187300,Discharge.ft3.s,31.225,2013-02-17,2013,201302,02,0217,48,Winter,2013Winter
1187300,Discharge.ft3.s,33.1473684210526,2013-02-20,2013,201302,02,0220,51,Winter,2013Winter
1187300,Discharge.ft3.s,30.75625,2013-02-21,2013,201302,02,0221,52,Winter,2013Winter
1187300,Discharge.ft3.s,28.65,2013-02-22,2013,201302,02,0222,53,Winter,2013Winter
1187300,Discharge.ft3.s,27.3934210526316,2013-02-23,2013,201302,02,0223,54,Winter,2013Winter
1187300,Discharge.ft3.s,29.7364583333333,2013-02-24,2013,201302,02,0224,55,Winter,2013Winter
1187300,Discharge.ft3.s,37.5291666666667,2013-02-25,2013,201302,02,0225,56,Winter,2013Winter
1187300,Discharge.ft3.s,32.75625,2013-02-26,2013,201302,02,0226,57,Winter,2013Winter
1187300,Discharge.ft3.s,46.2791666666667,2013-02-27,2013,201302,02,0227,58,Winter,2013Winter
1187300,Discharge.ft3.s,136.90625,2013-02-28,2013,201302,02,0228,59,Winter,2013Winter
1187300,Discharge.ft3.s,125.6,2013-03-01,2013,201303,03,0301,60,Spring,2013Spring
1187300,Discharge.ft3.s,55.4210526315789,2013-03-03,2013,201303,03,0303,62,Spring,2013Spring
1187300,Discharge.ft3.s,47.8020833333333,2013-03-04,2013,201303,03,0304,63,Spring,2013Spring
1187300,Discharge.ft3.s,42.4041666666667,2013-03-05,2013,201303,03,0305,64,Spring,2013Spring
1187300,Discharge.ft3.s,40.7760416666667,2013-03-06,2013,201303,03,0306,65,Spring,2013Spring
1187300,Discharge.ft3.s,38.721875,2013-03-07,2013,201303,03,0307,66,Spring,2013Spring
1187300,Discharge.ft3.s,38.2645833333333,2013-03-08,2013,201303,03,0308,67,Spring,2013Spring
1187300,Discharge.ft3.s,36.9927083333333,2013-03-09,2013,201303,03,0309,68,Spring,2013Spring
1187300,Discharge.ft3.s,43.4614583333333,2013-03-10,2013,201303,03,0310,69,Spring,2013Spring
1187300,Discharge.ft3.s,51.3135416666667,2013-03-11,2013,201303,03,0311,70,Spring,2013Spring
1187300,Discharge.ft3.s,129.019791666667,2013-03-12,2013,201303,03,0312,71,Spring,2013Spring
1187300,Discharge.ft3.s,408.604166666667,2013-03-13,2013,201303,03,0313,72,Spring,2013Spring
1187300,Discharge.ft3.s,176.197916666667,2013-03-14,2013,201303,03,0314,73,Spring,2013Spring
1187300,Discharge.ft3.s,118,2013-03-15,2013,201303,03,0315,74,Spring,2013Spring
1187300,Discharge.ft3.s,34.6828947368421,2013-03-23,2013,201303,03,0323,82,Spring,2013Spring
1187300,Discharge.ft3.s,33.684375,2013-03-24,2013,201303,03,0324,83,Spring,2013Spring
1187300,Discharge.ft3.s,34.953125,2013-03-25,2013,201303,03,0325,84,Spring,2013Spring
1187300,Discharge.ft3.s,34.63125,2013-03-26,2013,201303,03,0326,85,Spring,2013Spring
1187300,Discharge.ft3.s,35.7604166666667,2013-03-27,2013,201303,03,0327,86,Spring,2013Spring
1187300,Discharge.ft3.s,42.8864583333333,2013-03-28,2013,201303,03,0328,87,Spring,2013Spring
1187300,Discharge.ft3.s,47.84375,2013-03-29,2013,201303,03,0329,88,Spring,2013Spring
1187300,Discharge.ft3.s,69.9458333333333,2013-03-30,2013,201303,03,0330,89,Spring,2013Spring
1187300,Discharge.ft3.s,86.709375,2013-03-31,2013,201303,03,0331,90,Spring,2013Spring
1187300,Discharge.ft3.s,138.632291666667,2013-04-01,2013,201304,04,0401,91,Spring,2013Spring
1187300,Discharge.ft3.s,141.552083333333,2013-04-02,2013,201304,04,0402,92,Spring,2013Spring
1187300,Discharge.ft3.s,82.7041666666667,2013-04-03,2013,201304,04,0403,93,Spring,2013Spring
1187300,Discharge.ft3.s,64.1458333333333,2013-04-04,2013,201304,04,0404,94,Spring,2013Spring
1187300,Discharge.ft3.s,72.2364583333333,2013-04-05,2013,201304,04,0405,95,Spring,2013Spring
1187300,Discharge.ft3.s,90.1395833333333,2013-04-06,2013,201304,04,0406,96,Spring,2013Spring
1187300,Discharge.ft3.s,73.034375,2013-04-07,2013,201304,04,0407,97,Spring,2013Spring
1187300,Discharge.ft3.s,93.1854166666667,2013-04-08,2013,201304,04,0408,98,Spring,2013Spring
1187300,Discharge.ft3.s,138.625,2013-04-09,2013,201304,04,0409,99,Spring,2013Spring
1187300,Discharge.ft3.s,180.510416666667,2013-04-10,2013,201304,04,0410,100,Spring,2013Spring
1187300,Discharge.ft3.s,144.833333333333,2013-04-11,2013,201304,04,0411,101,Spring,2013Spring
1187300,Discharge.ft3.s,120.765625,2013-04-12,2013,201304,04,0412,102,Spring,2013Spring
1187300,Discharge.ft3.s,137.802083333333,2013-04-13,2013,201304,04,0413,103,Spring,2013Spring
1187300,Discharge.ft3.s,88.7541666666667,2013-04-14,2013,201304,04,0414,104,Spring,2013Spring
1187300,Discharge.ft3.s,62.8354166666667,2013-04-15,2013,201304,04,0415,105,Spring,2013Spring
1187300,Discharge.ft3.s,50.7083333333333,2013-04-16,2013,201304,04,0416,106,Spring,2013Spring
1187300,Discharge.ft3.s,46.865625,2013-04-17,2013,201304,04,0417,107,Spring,2013Spring
1187300,Discharge.ft3.s,42.3072916666667,2013-04-18,2013,201304,04,0418,108,Spring,2013Spring
1187300,Discharge.ft3.s,37.7,2013-04-19,2013,201304,04,0419,109,Spring,2013Spring
1187300,Discharge.ft3.s,78.0416666666667,2013-04-20,2013,201304,04,0420,110,Spring,2013Spring
1187300,Discharge.ft3.s,63.590625,2013-04-21,2013,201304,04,0421,111,Spring,2013Spring
1187300,Discharge.ft3.s,44.6677083333333,2013-04-22,2013,201304,04,0422,112,Spring,2013Spring
1187300,Discharge.ft3.s,38.3177083333333,2013-04-23,2013,201304,04,0423,113,Spring,2013Spring
1187300,Discharge.ft3.s,34.515625,2013-04-24,2013,201304,04,0424,114,Spring,2013Spring
1187300,Discharge.ft3.s,30.296875,2013-04-25,2013,201304,04,0425,115,Spring,2013Spring
1187300,Discharge.ft3.s,26.4885416666667,2013-04-26,2013,201304,04,0426,116,Spring,2013Spring
1187300,Discharge.ft3.s,23.31875,2013-04-27,2013,201304,04,0427,117,Spring,2013Spring
1187300,Discharge.ft3.s,21.0822916666667,2013-04-28,2013,201304,04,0428,118,Spring,2013Spring
1187300,Discharge.ft3.s,19.6875,2013-04-29,2013,201304,04,0429,119,Spring,2013Spring
1187300,Discharge.ft3.s,18.8885416666667,2013-04-30,2013,201304,04,0430,120,Spring,2013Spring
1187300,Discharge.ft3.s,17.4572916666667,2013-05-01,2013,201305,05,0501,121,Spring,2013Spring
1187300,Discharge.ft3.s,16.0583333333333,2013-05-02,2013,201305,05,0502,122,Spring,2013Spring
1187300,Discharge.ft3.s,14.45625,2013-05-03,2013,201305,05,0503,123,Spring,2013Spring
1187300,Discharge.ft3.s,13.5770833333333,2013-05-04,2013,201305,05,0504,124,Spring,2013Spring
1187300,Discharge.ft3.s,12.5447916666667,2013-05-05,2013,201305,05,0505,125,Spring,2013Spring
1187300,Discharge.ft3.s,11.7354166666667,2013-05-06,2013,201305,05,0506,126,Spring,2013Spring
1187300,Discharge.ft3.s,11.1770833333333,2013-05-07,2013,201305,05,0507,127,Spring,2013Spring
1187300,Discharge.ft3.s,11.7010416666667,2013-05-08,2013,201305,05,0508,128,Spring,2013Spring
1187300,Discharge.ft3.s,30.75,2013-05-09,2013,201305,05,0509,129,Spring,2013Spring
1187300,Discharge.ft3.s,31.2385416666667,2013-05-10,2013,201305,05,0510,130,Spring,2013Spring
1187300,Discharge.ft3.s,24.4729166666667,2013-05-11,2013,201305,05,0511,131,Spring,2013Spring
1187300,Discharge.ft3.s,31.1385416666667,2013-05-12,2013,201305,05,0512,132,Spring,2013Spring
1187300,Discharge.ft3.s,21.5520833333333,2013-05-13,2013,201305,05,0513,133,Spring,2013Spring
1187300,Discharge.ft3.s,18.315,2013-05-14,2013,201305,05,0514,134,Spring,2013Spring
1187300,Discharge.ft3.s,14.4197368421053,2013-05-15,2013,201305,05,0515,135,Spring,2013Spring
1187300,Discharge.ft3.s,14.3739583333333,2013-05-16,2013,201305,05,0516,136,Spring,2013Spring
1187300,Discharge.ft3.s,11.7791666666667,2013-05-17,2013,201305,05,0517,137,Spring,2013Spring
1187300,Discharge.ft3.s,10.09375,2013-05-18,2013,201305,05,0518,138,Spring,2013Spring
1187300,Discharge.ft3.s,9.40083333333333,2013-05-19,2013,201305,05,0519,139,Spring,2013Spring
1187300,Discharge.ft3.s,11.5020833333333,2013-05-20,2013,201305,05,0520,140,Spring,2013Spring
1187300,Discharge.ft3.s,10.5078125,2013-05-21,2013,201305,05,0521,141,Spring,2013Spring
1187300,Discharge.ft3.s,22.4183333333333,2013-05-22,2013,201305,05,0522,142,Spring,2013Spring
1187300,Discharge.ft3.s,36.2989583333333,2013-05-23,2013,201305,05,0523,143,Spring,2013Spring
1187300,Discharge.ft3.s,270.75,2013-05-24,2013,201305,05,0524,144,Spring,2013Spring
1187300,Discharge.ft3.s,177,2013-05-25,2013,201305,05,0525,145,Spring,2013Spring
1187300,Discharge.ft3.s,169.822916666667,2013-05-26,2013,201305,05,0526,146,Spring,2013Spring
1187300,Discharge.ft3.s,84.209375,2013-05-27,2013,201305,05,0527,147,Spring,2013Spring
1187300,Discharge.ft3.s,49.6635416666667,2013-05-28,2013,201305,05,0528,148,Spring,2013Spring
1187300,Discharge.ft3.s,98.5958333333333,2013-05-29,2013,201305,05,0529,149,Spring,2013Spring
1187300,Discharge.ft3.s,192.083333333333,2013-05-30,2013,201305,05,0530,150,Spring,2013Spring
1187300,Discharge.ft3.s,92.3083333333333,2013-05-31,2013,201305,05,0531,151,Spring,2013Spring
1187300,Discharge.ft3.s,52.4708333333333,2013-06-01,2013,201306,06,0601,152,Summer,2013Summer
1187300,Discharge.ft3.s,40.9395833333333,2013-06-02,2013,201306,06,0602,153,Summer,2013Summer
1187300,Discharge.ft3.s,269.15625,2013-06-03,2013,201306,06,0603,154,Summer,2013Summer
1187300,Discharge.ft3.s,128.198958333333,2013-06-04,2013,201306,06,0604,155,Summer,2013Summer
1187300,Discharge.ft3.s,64.23125,2013-06-05,2013,201306,06,0605,156,Summer,2013Summer
1187300,Discharge.ft3.s,41.4979166666667,2013-06-06,2013,201306,06,0606,157,Summer,2013Summer
1187300,Discharge.ft3.s,68.6,2013-06-07,2013,201306,06,0607,158,Summer,2013Summer
1187300,Discharge.ft3.s,429.020833333333,2013-06-08,2013,201306,06,0608,159,Summer,2013Summer
1187300,Discharge.ft3.s,152.322916666667,2013-06-09,2013,201306,06,0609,160,Summer,2013Summer
1187300,Discharge.ft3.s,83.015625,2013-06-10,2013,201306,06,0610,161,Summer,2013Summer
1187300,Discharge.ft3.s,369.66875,2013-06-11,2013,201306,06,0611,162,Summer,2013Summer
1187300,Discharge.ft3.s,330.114583333333,2013-06-12,2013,201306,06,0612,163,Summer,2013Summer
1187300,Discharge.ft3.s,154.270833333333,2013-06-13,2013,201306,06,0613,164,Summer,2013Summer
1187300,Discharge.ft3.s,568.96875,2013-06-14,2013,201306,06,0614,165,Summer,2013Summer
1187300,Discharge.ft3.s,198.25,2013-06-15,2013,201306,06,0615,166,Summer,2013Summer
1187300,Discharge.ft3.s,102.301041666667,2013-06-16,2013,201306,06,0616,167,Summer,2013Summer
1187300,Discharge.ft3.s,72.1166666666667,2013-06-17,2013,201306,06,0617,168,Summer,2013Summer
1187300,Discharge.ft3.s,108.107291666667,2013-06-18,2013,201306,06,0618,169,Summer,2013Summer
1187300,Discharge.ft3.s,197.46875,2013-06-19,2013,201306,06,0619,170,Summer,2013Summer
1187300,Discharge.ft3.s,87.7635416666667,2013-06-20,2013,201306,06,0620,171,Summer,2013Summer
1187300,Discharge.ft3.s,54.4302083333333,2013-06-21,2013,201306,06,0621,172,Summer,2013Summer
1187300,Discharge.ft3.s,40.1229166666667,2013-06-22,2013,201306,06,0622,173,Summer,2013Summer
1187300,Discharge.ft3.s,30.90625,2013-06-23,2013,201306,06,0623,174,Summer,2013Summer
1187300,Discharge.ft3.s,24.775,2013-06-24,2013,201306,06,0624,175,Summer,2013Summer
1187300,Discharge.ft3.s,21.2385416666667,2013-06-25,2013,201306,06,0625,176,Summer,2013Summer
1187300,Discharge.ft3.s,27.8916666666667,2013-06-26,2013,201306,06,0626,177,Summer,2013Summer
1187300,Discharge.ft3.s,22.0083333333333,2013-06-27,2013,201306,06,0627,178,Summer,2013Summer
1187300,Discharge.ft3.s,80.54375,2013-06-28,2013,201306,06,0628,179,Summer,2013Summer
1187300,Discharge.ft3.s,72.9145833333333,2013-06-29,2013,201306,06,0629,180,Summer,2013Summer
1187300,Discharge.ft3.s,39.31875,2013-06-30,2013,201306,06,0630,181,Summer,2013Summer
1187300,Discharge.ft3.s,55.075,2013-07-01,2013,201307,07,0701,182,Summer,2013Summer
1187300,Discharge.ft3.s,79.1145833333333,2013-07-02,2013,201307,07,0702,183,Summer,2013Summer
1187300,Discharge.ft3.s,47.5885416666667,2013-07-03,2013,201307,07,0703,184,Summer,2013Summer
1187300,Discharge.ft3.s,31.9020833333333,2013-07-04,2013,201307,07,0704,185,Summer,2013Summer
1187300,Discharge.ft3.s,23.3604166666667,2013-07-05,2013,201307,07,0705,186,Summer,2013Summer
1187300,Discharge.ft3.s,17.8895833333333,2013-07-06,2013,201307,07,0706,187,Summer,2013Summer
1187300,Discharge.ft3.s,14.7145833333333,2013-07-07,2013,201307,07,0707,188,Summer,2013Summer
1187300,Discharge.ft3.s,13.6239583333333,2013-07-08,2013,201307,07,0708,189,Summer,2013Summer
1187300,Discharge.ft3.s,30.5677083333333,2013-07-09,2013,201307,07,0709,190,Summer,2013Summer
1187300,Discharge.ft3.s,38.13125,2013-07-10,2013,201307,07,0710,191,Summer,2013Summer
1187300,Discharge.ft3.s,60.578125,2013-07-11,2013,201307,07,0711,192,Summer,2013Summer
1187300,Discharge.ft3.s,32.609375,2013-07-12,2013,201307,07,0712,193,Summer,2013Summer
1187300,Discharge.ft3.s,21.253125,2013-07-13,2013,201307,07,0713,194,Summer,2013Summer
1187300,Discharge.ft3.s,18.1739583333333,2013-07-14,2013,201307,07,0714,195,Summer,2013Summer
1187300,Discharge.ft3.s,14.0791666666667,2013-07-15,2013,201307,07,0715,196,Summer,2013Summer
1187300,Discharge.ft3.s,10.91,2013-07-16,2013,201307,07,0716,197,Summer,2013Summer
1187300,Discharge.ft3.s,8.785625,2013-07-17,2013,201307,07,0717,198,Summer,2013Summer
1187300,Discharge.ft3.s,7.474375,2013-07-18,2013,201307,07,0718,199,Summer,2013Summer
1187300,Discharge.ft3.s,6.66875,2013-07-19,2013,201307,07,0719,200,Summer,2013Summer
1187300,Discharge.ft3.s,5.8753125,2013-07-20,2013,201307,07,0720,201,Summer,2013Summer
1187300,Discharge.ft3.s,5.4859375,2013-07-21,2013,201307,07,0721,202,Summer,2013Summer
1187300,Discharge.ft3.s,4.685,2013-07-22,2013,201307,07,0722,203,Summer,2013Summer
1187300,Discharge.ft3.s,22.6308333333333,2013-07-23,2013,201307,07,0723,204,Summer,2013Summer
1187300,Discharge.ft3.s,28.8572916666667,2013-07-24,2013,201307,07,0724,205,Summer,2013Summer
1187300,Discharge.ft3.s,14.8291666666667,2013-07-25,2013,201307,07,0725,206,Summer,2013Summer
1187300,Discharge.ft3.s,11.0729166666667,2013-07-26,2013,201307,07,0726,207,Summer,2013Summer
1187300,Discharge.ft3.s,9.43197916666667,2013-07-27,2013,201307,07,0727,208,Summer,2013Summer
1187300,Discharge.ft3.s,7.6159375,2013-07-28,2013,201307,07,0728,209,Summer,2013Summer
1187300,Discharge.ft3.s,6.70635416666667,2013-07-29,2013,201307,07,0729,210,Summer,2013Summer
1187300,Discharge.ft3.s,5.74125,2013-07-30,2013,201307,07,0730,211,Summer,2013Summer
1187300,Discharge.ft3.s,4.91833333333333,2013-07-31,2013,201307,07,0731,212,Summer,2013Summer
1187300,Discharge.ft3.s,4.7815625,2013-08-01,2013,201308,08,0801,213,Summer,2013Summer
1187300,Discharge.ft3.s,7.50854166666667,2013-08-02,2013,201308,08,0802,214,Summer,2013Summer
1187300,Discharge.ft3.s,7.98791666666667,2013-08-03,2013,201308,08,0803,215,Summer,2013Summer
1187300,Discharge.ft3.s,6.4015625,2013-08-04,2013,201308,08,0804,216,Summer,2013Summer
1187300,Discharge.ft3.s,4.98229166666667,2013-08-05,2013,201308,08,0805,217,Summer,2013Summer
1187300,Discharge.ft3.s,4.19802083333333,2013-08-06,2013,201308,08,0806,218,Summer,2013Summer
1187300,Discharge.ft3.s,3.869375,2013-08-07,2013,201308,08,0807,219,Summer,2013Summer
1187300,Discharge.ft3.s,3.71,2013-08-08,2013,201308,08,0808,220,Summer,2013Summer
1187300,Discharge.ft3.s,208.016458333333,2013-08-09,2013,201308,08,0809,221,Summer,2013Summer
1187300,Discharge.ft3.s,194.094791666667,2013-08-10,2013,201308,08,0810,222,Summer,2013Summer
1187300,Discharge.ft3.s,51.2083333333333,2013-08-11,2013,201308,08,0811,223,Summer,2013Summer
1187300,Discharge.ft3.s,27.9125,2013-08-12,2013,201308,08,0812,224,Summer,2013Summer
1187300,Discharge.ft3.s,18.3864583333333,2013-08-13,2013,201308,08,0813,225,Summer,2013Summer
1187300,Discharge.ft3.s,24.5114583333333,2013-08-14,2013,201308,08,0814,226,Summer,2013Summer
1187300,Discharge.ft3.s,17.515625,2013-08-15,2013,201308,08,0815,227,Summer,2013Summer
1187300,Discharge.ft3.s,12.071875,2013-08-16,2013,201308,08,0816,228,Summer,2013Summer
1187300,Discharge.ft3.s,8.935625,2013-08-17,2013,201308,08,0817,229,Summer,2013Summer
1187300,Discharge.ft3.s,7.12239583333333,2013-08-18,2013,201308,08,0818,230,Summer,2013Summer
1187300,Discharge.ft3.s,6.68,2013-08-19,2013,201308,08,0819,231,Summer,2013Summer
1187300,Discharge.ft3.s,5.866875,2013-08-20,2013,201308,08,0820,232,Summer,2013Summer
1187300,Discharge.ft3.s,4.95822916666667,2013-08-21,2013,201308,08,0821,233,Summer,2013Summer
1187300,Discharge.ft3.s,4.32125,2013-08-22,2013,201308,08,0822,234,Summer,2013Summer
1187300,Discharge.ft3.s,7.23,2013-08-23,2013,201308,08,0823,235,Summer,2013Summer
1187300,Discharge.ft3.s,5.98708333333333,2013-08-24,2013,201308,08,0824,236,Summer,2013Summer
1187300,Discharge.ft3.s,4.635625,2013-08-25,2013,201308,08,0825,237,Summer,2013Summer
1187300,Discharge.ft3.s,3.80020833333333,2013-08-26,2013,201308,08,0826,238,Summer,2013Summer
1187300,Discharge.ft3.s,21.0188541666667,2013-08-27,2013,201308,08,0827,239,Summer,2013Summer
1187300,Discharge.ft3.s,18.565625,2013-08-28,2013,201308,08,0828,240,Summer,2013Summer
1187300,Discharge.ft3.s,14.1145833333333,2013-08-29,2013,201308,08,0829,241,Summer,2013Summer
1187300,Discharge.ft3.s,10.8275,2013-08-30,2013,201308,08,0830,242,Summer,2013Summer
1187300,Discharge.ft3.s,8.47864583333333,2013-08-31,2013,201308,08,0831,243,Summer,2013Summer
1187300,Discharge.ft3.s,119.871979166667,2013-09-01,2013,201309,09,0901,244,Fall,2013Fall
1187300,Discharge.ft3.s,133.35,2013-09-02,2013,201309,09,0902,245,Fall,2013Fall
1187300,Discharge.ft3.s,88.05625,2013-09-03,2013,201309,09,0903,246,Fall,2013Fall
1187300,Discharge.ft3.s,44.8885416666667,2013-09-04,2013,201309,09,0904,247,Fall,2013Fall
1187300,Discharge.ft3.s,28.325,2013-09-05,2013,201309,09,0905,248,Fall,2013Fall
1187300,Discharge.ft3.s,19.1875,2013-09-06,2013,201309,09,0906,249,Fall,2013Fall
1187300,Discharge.ft3.s,14.4,2013-09-07,2013,201309,09,0907,250,Fall,2013Fall
1187300,Discharge.ft3.s,11.51875,2013-09-08,2013,201309,09,0908,251,Fall,2013Fall
1187300,Discharge.ft3.s,9.25197916666667,2013-09-09,2013,201309,09,0909,252,Fall,2013Fall
1187300,Discharge.ft3.s,8.61708333333333,2013-09-10,2013,201309,09,0910,253,Fall,2013Fall
1187300,Discharge.ft3.s,10.2328125,2013-09-11,2013,201309,09,0911,254,Fall,2013Fall
1187300,Discharge.ft3.s,10.4422916666667,2013-09-12,2013,201309,09,0912,255,Fall,2013Fall
1187300,Discharge.ft3.s,36.0229166666667,2013-09-13,2013,201309,09,0913,256,Fall,2013Fall
1187300,Discharge.ft3.s,23.8833333333333,2013-09-14,2013,201309,09,0914,257,Fall,2013Fall
1187300,Discharge.ft3.s,15.921875,2013-09-15,2013,201309,09,0915,258,Fall,2013Fall
1187300,Discharge.ft3.s,12.3375,2013-09-16,2013,201309,09,0916,259,Fall,2013Fall
1187300,Discharge.ft3.s,10.2544791666667,2013-09-17,2013,201309,09,0917,260,Fall,2013Fall
1187300,Discharge.ft3.s,8.89010416666667,2013-09-18,2013,201309,09,0918,261,Fall,2013Fall
1187300,Discharge.ft3.s,7.68510416666667,2013-09-19,2013,201309,09,0919,262,Fall,2013Fall
1187300,Discharge.ft3.s,6.831875,2013-09-20,2013,201309,09,0920,263,Fall,2013Fall
1187300,Discharge.ft3.s,6.25260416666667,2013-09-21,2013,201309,09,0921,264,Fall,2013Fall
1187300,Discharge.ft3.s,26.289375,2013-09-22,2013,201309,09,0922,265,Fall,2013Fall
1187300,Discharge.ft3.s,26.8052083333333,2013-09-23,2013,201309,09,0923,266,Fall,2013Fall
1187300,Discharge.ft3.s,16.1041666666667,2013-09-24,2013,201309,09,0924,267,Fall,2013Fall
1187300,Discharge.ft3.s,11.7927083333333,2013-09-25,2013,201309,09,0925,268,Fall,2013Fall
1187300,Discharge.ft3.s,9.9,2013-09-26,2013,201309,09,0926,269,Fall,2013Fall
1187300,Discharge.ft3.s,8.58895833333333,2013-09-27,2013,201309,09,0927,270,Fall,2013Fall
1187300,Discharge.ft3.s,7.75333333333333,2013-09-28,2013,201309,09,0928,271,Fall,2013Fall
1187300,Discharge.ft3.s,7.15010416666667,2013-09-29,2013,201309,09,0929,272,Fall,2013Fall
1187300,Discharge.ft3.s,6.715625,2013-09-30,2013,201309,09,0930,273,Fall,2013Fall
1187300,Discharge.ft3.s,6.27770833333333,2013-10-01,2013,201310,10,1001,274,Fall,2013Fall
1187300,Discharge.ft3.s,5.6990625,2013-10-02,2013,201310,10,1002,275,Fall,2013Fall
1187300,Discharge.ft3.s,5.224375,2013-10-03,2013,201310,10,1003,276,Fall,2013Fall
1187300,Discharge.ft3.s,5.25583333333333,2013-10-04,2013,201310,10,1004,277,Fall,2013Fall
1187300,Discharge.ft3.s,5.66166666666667,2013-10-05,2013,201310,10,1005,278,Fall,2013Fall
1187300,Discharge.ft3.s,7.19010416666667,2013-10-06,2013,201310,10,1006,279,Fall,2013Fall
1187300,Discharge.ft3.s,13.3729166666667,2013-10-07,2013,201310,10,1007,280,Fall,2013Fall
1187300,Discharge.ft3.s,30.7270833333333,2013-10-08,2013,201310,10,1008,281,Fall,2013Fall
1187300,Discharge.ft3.s,18.6802083333333,2013-10-09,2013,201310,10,1009,282,Fall,2013Fall
1187300,Discharge.ft3.s,13.5697916666667,2013-10-10,2013,201310,10,1010,283,Fall,2013Fall
1187300,Discharge.ft3.s,11.2625,2013-10-11,2013,201310,10,1011,284,Fall,2013Fall
1187300,Discharge.ft3.s,9.92916666666667,2013-10-12,2013,201310,10,1012,285,Fall,2013Fall
1187300,Discharge.ft3.s,9.40458333333333,2013-10-13,2013,201310,10,1013,286,Fall,2013Fall
1187300,Discharge.ft3.s,8.8009375,2013-10-14,2013,201310,10,1014,287,Fall,2013Fall
1187300,Discharge.ft3.s,8.29072916666667,2013-10-15,2013,201310,10,1015,288,Fall,2013Fall
1187300,Discharge.ft3.s,8.0040625,2013-10-16,2013,201310,10,1016,289,Fall,2013Fall
1187300,Discharge.ft3.s,7.70114583333333,2013-10-17,2013,201310,10,1017,290,Fall,2013Fall
1187300,Discharge.ft3.s,7.84708333333333,2013-10-18,2013,201310,10,1018,291,Fall,2013Fall
1187300,Discharge.ft3.s,7.22104166666667,2013-10-19,2013,201310,10,1019,292,Fall,2013Fall
1187300,Discharge.ft3.s,8.34052083333333,2013-10-20,2013,201310,10,1020,293,Fall,2013Fall
1187300,Discharge.ft3.s,9.09458333333333,2013-10-21,2013,201310,10,1021,294,Fall,2013Fall
1187300,Discharge.ft3.s,8.50833333333333,2013-10-22,2013,201310,10,1022,295,Fall,2013Fall
1187300,Discharge.ft3.s,7.88177083333333,2013-10-23,2013,201310,10,1023,296,Fall,2013Fall
1187300,Discharge.ft3.s,7.353125,2013-10-24,2013,201310,10,1024,297,Fall,2013Fall
1187300,Discharge.ft3.s,6.66125,2013-10-25,2013,201310,10,1025,298,Fall,2013Fall
1187300,Discharge.ft3.s,5.83104166666667,2013-10-26,2013,201310,10,1026,299,Fall,2013Fall
1187300,Discharge.ft3.s,5.52552083333333,2013-10-27,2013,201310,10,1027,300,Fall,2013Fall
1187300,Discharge.ft3.s,5.35114583333333,2013-10-28,2013,201310,10,1028,301,Fall,2013Fall
1187300,Discharge.ft3.s,5.49541666666667,2013-10-29,2013,201310,10,1029,302,Fall,2013Fall
1187300,Discharge.ft3.s,5.35385416666667,2013-10-30,2013,201310,10,1030,303,Fall,2013Fall
1187300,Discharge.ft3.s,5.6071875,2013-10-31,2013,201310,10,1031,304,Fall,2013Fall
1187300,Discharge.ft3.s,9.5615625,2013-11-01,2013,201311,11,1101,305,Fall,2013Fall
1187300,Discharge.ft3.s,10.9307291666667,2013-11-02,2013,201311,11,1102,306,Fall,2013Fall
1187300,Discharge.ft3.s,9.291875,2013-11-03,2013,201311,11,1103,307,Fall,2013Fall
1187300,Discharge.ft3.s,7.82927083333333,2013-11-04,2013,201311,11,1104,308,Fall,2013Fall
1187300,Discharge.ft3.s,7.1721875,2013-11-05,2013,201311,11,1105,309,Fall,2013Fall
1187300,Discharge.ft3.s,6.925625,2013-11-06,2013,201311,11,1106,310,Fall,2013Fall
1187300,Discharge.ft3.s,7.7621875,2013-11-07,2013,201311,11,1107,311,Fall,2013Fall
1187300,Discharge.ft3.s,9.69083333333333,2013-11-08,2013,201311,11,1108,312,Fall,2013Fall
1187300,Discharge.ft3.s,10.8963541666667,2013-11-09,2013,201311,11,1109,313,Fall,2013Fall
1187300,Discharge.ft3.s,10.1114583333333,2013-11-10,2013,201311,11,1110,314,Fall,2013Fall
1187300,Discharge.ft3.s,9.88125,2013-11-11,2013,201311,11,1111,315,Fall,2013Fall
1187300,Discharge.ft3.s,15.0661458333333,2013-11-12,2013,201311,11,1112,316,Fall,2013Fall
1187300,Discharge.ft3.s,18.4104166666667,2013-11-13,2013,201311,11,1113,317,Fall,2013Fall
1187300,Discharge.ft3.s,22.0927083333333,2013-11-14,2013,201311,11,1114,318,Fall,2013Fall
1187300,Discharge.ft3.s,22.5583333333333,2013-11-15,2013,201311,11,1115,319,Fall,2013Fall
1187300,Discharge.ft3.s,20.5979166666667,2013-11-16,2013,201311,11,1116,320,Fall,2013Fall
1187300,Discharge.ft3.s,21.7333333333333,2013-11-17,2013,201311,11,1117,321,Fall,2013Fall
1187300,Discharge.ft3.s,27.4083333333333,2013-11-18,2013,201311,11,1118,322,Fall,2013Fall
1187300,Discharge.ft3.s,27.4020833333333,2013-11-19,2013,201311,11,1119,323,Fall,2013Fall
1187300,Discharge.ft3.s,21.6927083333333,2013-11-20,2013,201311,11,1120,324,Fall,2013Fall
1187300,Discharge.ft3.s,19.003125,2013-11-21,2013,201311,11,1121,325,Fall,2013Fall
1187300,Discharge.ft3.s,18.6302083333333,2013-11-22,2013,201311,11,1122,326,Fall,2013Fall
1187300,Discharge.ft3.s,18.5135416666667,2013-11-23,2013,201311,11,1123,327,Fall,2013Fall
1187300,Discharge.ft3.s,15.9145833333333,2013-11-24,2013,201311,11,1124,328,Fall,2013Fall
1187300,Discharge.ft3.s,11.3965,2013-11-25,2013,201311,11,1125,329,Fall,2013Fall
1187300,Discharge.ft3.s,241.1,2013-11-27,2013,201311,11,1127,331,Fall,2013Fall
1187300,Discharge.ft3.s,174.666666666667,2013-11-28,2013,201311,11,1128,332,Fall,2013Fall
1187300,Discharge.ft3.s,80.684375,2013-11-29,2013,201311,11,1129,333,Fall,2013Fall
1187300,Discharge.ft3.s,48.0145833333333,2013-11-30,2013,201311,11,1130,334,Fall,2013Fall
1187300,Discharge.ft3.s,40.1791666666667,2013-12-01,2013,201312,12,1201,335,Winter,2013Winter
1187300,Discharge.ft3.s,35.259375,2013-12-02,2013,201312,12,1202,336,Winter,2013Winter
1187300,Discharge.ft3.s,32.1125,2013-12-03,2013,201312,12,1203,337,Winter,2013Winter
1187300,Discharge.ft3.s,29.2229166666667,2013-12-04,2013,201312,12,1204,338,Winter,2013Winter
1187300,Discharge.ft3.s,27.403125,2013-12-05,2013,201312,12,1205,339,Winter,2013Winter
1187300,Discharge.ft3.s,31.4375,2013-12-06,2013,201312,12,1206,340,Winter,2013Winter
1187300,Discharge.ft3.s,45.9166666666667,2013-12-07,2013,201312,12,1207,341,Winter,2013Winter
1187300,Discharge.ft3.s,37.6229166666667,2013-12-08,2013,201312,12,1208,342,Winter,2013Winter
1187300,Discharge.ft3.s,31.43125,2013-12-09,2013,201312,12,1209,343,Winter,2013Winter
1187300,Discharge.ft3.s,29.1072916666667,2013-12-10,2013,201312,12,1210,344,Winter,2013Winter
1187300,Discharge.ft3.s,25.3989583333333,2013-12-11,2013,201312,12,1211,345,Winter,2013Winter
1187300,Discharge.ft3.s,22.2979166666667,2013-12-12,2013,201312,12,1212,346,Winter,2013Winter
1187300,Discharge.ft3.s,19.66,2013-12-13,2013,201312,12,1213,347,Winter,2013Winter
1187300,Discharge.ft3.s,19.6539473684211,2013-12-20,2013,201312,12,1220,354,Winter,2013Winter
1187300,Discharge.ft3.s,24.915625,2013-12-21,2013,201312,12,1221,355,Winter,2013Winter
1187300,Discharge.ft3.s,79.1135416666667,2013-12-22,2013,201312,12,1222,356,Winter,2013Winter
1187300,Discharge.ft3.s,169.614583333333,2013-12-23,2013,201312,12,1223,357,Winter,2013Winter
1187300,Discharge.ft3.s,171.875,2013-12-24,2013,201312,12,1224,358,Winter,2013Winter
1187300,Discharge.ft3.s,85.228125,2013-12-25,2013,201312,12,1225,359,Winter,2013Winter
1187300,Discharge.ft3.s,57.6302083333333,2013-12-26,2013,201312,12,1226,360,Winter,2013Winter
1187300,Discharge.ft3.s,43.5833333333333,2013-12-27,2013,201312,12,1227,361,Winter,2013Winter
1187300,Discharge.ft3.s,38.028125,2013-12-28,2013,201312,12,1228,362,Winter,2013Winter
1187300,Discharge.ft3.s,39.9375,2013-12-29,2013,201312,12,1229,363,Winter,2013Winter
1187300,Discharge.ft3.s,169.5625,2013-12-30,2013,201312,12,1230,364,Winter,2013Winter
1187300,Discharge.ft3.s,88.7135416666667,2013-12-31,2013,201312,12,1231,365,Winter,2013Winter
1187300,Discharge.ft3.s,72.94,2014-01-01,2014,201401,01,0101,1,Winter,2014Winter
1187300,Discharge.ft3.s,99.5671428571429,2014-01-06,2014,201401,01,0106,6,Winter,2014Winter
1187300,Discharge.ft3.s,162.05,2014-01-07,2014,201401,01,0107,7,Winter,2014Winter
1187300,Discharge.ft3.s,145.763157894737,2014-01-15,2014,201401,01,0115,15,Winter,2014Winter
1187300,Discharge.ft3.s,103.373958333333,2014-01-16,2014,201401,01,0116,16,Winter,2014Winter
1187300,Discharge.ft3.s,80.1104166666667,2014-01-17,2014,201401,01,0117,17,Winter,2014Winter
1187300,Discharge.ft3.s,69.3552083333333,2014-01-18,2014,201401,01,0118,18,Winter,2014Winter
1187300,Discharge.ft3.s,62.1125,2014-01-19,2014,201401,01,0119,19,Winter,2014Winter
1187300,Discharge.ft3.s,52.99375,2014-01-20,2014,201401,01,0120,20,Winter,2014Winter
1187300,Discharge.ft3.s,39.5614583333333,2014-01-21,2014,201401,01,0121,21,Winter,2014Winter
1187300,Discharge.ft3.s,31.4375,2014-01-22,2014,201401,01,0122,22,Winter,2014Winter
1187300,Discharge.ft3.s,26.4833333333333,2014-01-23,2014,201401,01,0123,23,Winter,2014Winter
1187300,Discharge.ft3.s,27.2989583333333,2014-01-24,2014,201401,01,0124,24,Winter,2014Winter
1187300,Discharge.ft3.s,33.9708333333333,2014-01-25,2014,201401,01,0125,25,Winter,2014Winter
1187300,Discharge.ft3.s,36.35,2014-01-26,2014,201401,01,0126,26,Winter,2014Winter
1187300,Discharge.ft3.s,35.365,2014-01-27,2014,201401,01,0127,27,Winter,2014Winter
1187300,Discharge.ft3.s,31.6236842105263,2014-02-04,2014,201402,02,0204,35,Winter,2014Winter
1187300,Discharge.ft3.s,31.665625,2014-02-05,2014,201402,02,0205,36,Winter,2014Winter
1187300,Discharge.ft3.s,33.00625,2014-02-06,2014,201402,02,0206,37,Winter,2014Winter
1187300,Discharge.ft3.s,31.06,2014-02-07,2014,201402,02,0207,38,Winter,2014Winter
1187300,Discharge.ft3.s,29.5828947368421,2014-02-09,2014,201402,02,0209,40,Winter,2014Winter
1187300,Discharge.ft3.s,29.525,2014-02-10,2014,201402,02,0210,41,Winter,2014Winter
1187300,Discharge.ft3.s,27.995,2014-02-11,2014,201402,02,0211,42,Winter,2014Winter
1187300,Discharge.ft3.s,28.3789473684211,2014-02-14,2014,201402,02,0214,45,Winter,2014Winter
1187300,Discharge.ft3.s,28.5875,2014-02-15,2014,201402,02,0215,46,Winter,2014Winter
1187300,Discharge.ft3.s,28.3864583333333,2014-02-16,2014,201402,02,0216,47,Winter,2014Winter
1187300,Discharge.ft3.s,27.321875,2014-02-17,2014,201402,02,0217,48,Winter,2014Winter
1187300,Discharge.ft3.s,26.89375,2014-02-18,2014,201402,02,0218,49,Winter,2014Winter
1187300,Discharge.ft3.s,26.765625,2014-02-19,2014,201402,02,0219,50,Winter,2014Winter
1187300,Discharge.ft3.s,27.278125,2014-02-20,2014,201402,02,0220,51,Winter,2014Winter
1187300,Discharge.ft3.s,34.8552083333333,2014-02-21,2014,201402,02,0221,52,Winter,2014Winter
1187300,Discharge.ft3.s,51.0583333333333,2014-02-22,2014,201402,02,0222,53,Winter,2014Winter
1187300,Discharge.ft3.s,50.2260416666667,2014-02-23,2014,201402,02,0223,54,Winter,2014Winter
1187300,Discharge.ft3.s,43.2875,2014-02-24,2014,201402,02,0224,55,Winter,2014Winter
1187300,Discharge.ft3.s,40.27,2014-02-25,2014,201402,02,0225,56,Winter,2014Winter
1187300,Discharge.ft3.s,23.1907894736842,2014-03-08,2014,201403,03,0308,67,Spring,2014Spring
1187300,Discharge.ft3.s,25.7708333333333,2014-03-09,2014,201403,03,0309,68,Spring,2014Spring
1187300,Discharge.ft3.s,25.59375,2014-03-10,2014,201403,03,0310,69,Spring,2014Spring
1187300,Discharge.ft3.s,26.840625,2014-03-11,2014,201403,03,0311,70,Spring,2014Spring
1187300,Discharge.ft3.s,42.42,2014-03-12,2014,201403,03,0312,71,Spring,2014Spring
1187300,Discharge.ft3.s,79.5486842105263,2014-03-13,2014,201403,03,0313,72,Spring,2014Spring
1187300,Discharge.ft3.s,59.2604166666667,2014-03-14,2014,201403,03,0314,73,Spring,2014Spring
1187300,Discharge.ft3.s,35.9208333333333,2014-03-15,2014,201403,03,0315,74,Spring,2014Spring
1187300,Discharge.ft3.s,40.755,2014-03-16,2014,201403,03,0316,75,Spring,2014Spring
1187300,Discharge.ft3.s,32.3144736842105,2014-03-17,2014,201403,03,0317,76,Spring,2014Spring
1187300,Discharge.ft3.s,29.4864583333333,2014-03-18,2014,201403,03,0318,77,Spring,2014Spring
1187300,Discharge.ft3.s,26.1010416666667,2014-03-19,2014,201403,03,0319,78,Spring,2014Spring
1187300,Discharge.ft3.s,56.8916666666667,2014-03-20,2014,201403,03,0320,79,Spring,2014Spring
1187300,Discharge.ft3.s,82.375,2014-03-21,2014,201403,03,0321,80,Spring,2014Spring
1187300,Discharge.ft3.s,56.4895833333333,2014-03-22,2014,201403,03,0322,81,Spring,2014Spring
1187300,Discharge.ft3.s,67.0885416666667,2014-03-23,2014,201403,03,0323,82,Spring,2014Spring
1187300,Discharge.ft3.s,47.7020833333333,2014-03-24,2014,201403,03,0324,83,Spring,2014Spring
1187300,Discharge.ft3.s,39.4354166666667,2014-03-25,2014,201403,03,0325,84,Spring,2014Spring
1187300,Discharge.ft3.s,32.7741935483871,2014-03-26,2014,201403,03,0326,85,Spring,2014Spring
1187300,Discharge.ft3.s,29.4333333333333,2014-03-27,2014,201403,03,0327,86,Spring,2014Spring
1187300,Discharge.ft3.s,28.7822916666667,2014-03-28,2014,201403,03,0328,87,Spring,2014Spring
1187300,Discharge.ft3.s,66.9,2014-03-29,2014,201403,03,0329,88,Spring,2014Spring
1187300,Discharge.ft3.s,513.625,2014-03-30,2014,201403,03,0330,89,Spring,2014Spring
1187300,Discharge.ft3.s,460.541666666667,2014-03-31,2014,201403,03,0331,90,Spring,2014Spring
1187300,Discharge.ft3.s,232.552083333333,2014-04-01,2014,201404,04,0401,91,Spring,2014Spring
1187300,Discharge.ft3.s,191.510416666667,2014-04-02,2014,201404,04,0402,92,Spring,2014Spring
1187300,Discharge.ft3.s,171.302083333333,2014-04-03,2014,201404,04,0403,93,Spring,2014Spring
1187300,Discharge.ft3.s,151.479166666667,2014-04-04,2014,201404,04,0404,94,Spring,2014Spring
1187300,Discharge.ft3.s,155.21875,2014-04-05,2014,201404,04,0405,95,Spring,2014Spring
1187300,Discharge.ft3.s,133.979166666667,2014-04-06,2014,201404,04,0406,96,Spring,2014Spring
1187300,Discharge.ft3.s,110.395833333333,2014-04-07,2014,201404,04,0407,97,Spring,2014Spring
1187300,Discharge.ft3.s,144.21875,2014-04-08,2014,201404,04,0408,98,Spring,2014Spring
1187300,Discharge.ft3.s,147.59375,2014-04-09,2014,201404,04,0409,99,Spring,2014Spring
1187300,Discharge.ft3.s,103.933333333333,2014-04-10,2014,201404,04,0410,100,Spring,2014Spring
1187300,Discharge.ft3.s,84.8635416666667,2014-04-11,2014,201404,04,0411,101,Spring,2014Spring
1187300,Discharge.ft3.s,93.4302083333333,2014-04-12,2014,201404,04,0412,102,Spring,2014Spring
1187300,Discharge.ft3.s,77.3739583333333,2014-04-13,2014,201404,04,0413,103,Spring,2014Spring
1187300,Discharge.ft3.s,66.4927083333333,2014-04-14,2014,201404,04,0414,104,Spring,2014Spring
1187300,Discharge.ft3.s,122.45,2014-04-15,2014,201404,04,0415,105,Spring,2014Spring
1187300,Discharge.ft3.s,368.666666666667,2014-04-16,2014,201404,04,0416,106,Spring,2014Spring
1187300,Discharge.ft3.s,155.125,2014-04-17,2014,201404,04,0417,107,Spring,2014Spring
1187300,Discharge.ft3.s,113.0625,2014-04-18,2014,201404,04,0418,108,Spring,2014Spring
1187300,Discharge.ft3.s,90.6489583333333,2014-04-19,2014,201404,04,0419,109,Spring,2014Spring
1187300,Discharge.ft3.s,72.584375,2014-04-20,2014,201404,04,0420,110,Spring,2014Spring
1187300,Discharge.ft3.s,60.5677083333333,2014-04-21,2014,201404,04,0421,111,Spring,2014Spring
1187300,Discharge.ft3.s,47.4479166666667,2014-04-22,2014,201404,04,0422,112,Spring,2014Spring
1187300,Discharge.ft3.s,43.290625,2014-04-23,2014,201404,04,0423,113,Spring,2014Spring
1187300,Discharge.ft3.s,38.765625,2014-04-24,2014,201404,04,0424,114,Spring,2014Spring
1187300,Discharge.ft3.s,34.215625,2014-04-25,2014,201404,04,0425,115,Spring,2014Spring
1187300,Discharge.ft3.s,63.7395833333333,2014-04-26,2014,201404,04,0426,116,Spring,2014Spring
1187300,Discharge.ft3.s,101.665625,2014-04-27,2014,201404,04,0427,117,Spring,2014Spring
1187300,Discharge.ft3.s,71.7364583333333,2014-04-28,2014,201404,04,0428,118,Spring,2014Spring
1187300,Discharge.ft3.s,52.534375,2014-04-29,2014,201404,04,0429,119,Spring,2014Spring
1187300,Discharge.ft3.s,91.6489583333333,2014-04-30,2014,201404,04,0430,120,Spring,2014Spring
1187300,Discharge.ft3.s,570.291666666667,2014-05-01,2014,201405,05,0501,121,Spring,2014Spring
1187300,Discharge.ft3.s,175.427083333333,2014-05-02,2014,201405,05,0502,122,Spring,2014Spring
1187300,Discharge.ft3.s,93.7697916666667,2014-05-03,2014,201405,05,0503,123,Spring,2014Spring
1187300,Discharge.ft3.s,68.384375,2014-05-04,2014,201405,05,0504,124,Spring,2014Spring
1187300,Discharge.ft3.s,52.75,2014-05-05,2014,201405,05,0505,125,Spring,2014Spring
1187300,Discharge.ft3.s,44.2604166666667,2014-05-06,2014,201405,05,0506,126,Spring,2014Spring
1187300,Discharge.ft3.s,38.1895833333333,2014-05-07,2014,201405,05,0507,127,Spring,2014Spring
1187300,Discharge.ft3.s,34.01875,2014-05-08,2014,201405,05,0508,128,Spring,2014Spring
1187300,Discharge.ft3.s,33.28125,2014-05-09,2014,201405,05,0509,129,Spring,2014Spring
1187300,Discharge.ft3.s,37.821875,2014-05-10,2014,201405,05,0510,130,Spring,2014Spring
1187300,Discharge.ft3.s,43.834375,2014-05-11,2014,201405,05,0511,131,Spring,2014Spring
1187300,Discharge.ft3.s,33.28125,2014-05-12,2014,201405,05,0512,132,Spring,2014Spring
1187300,Discharge.ft3.s,27.540625,2014-05-13,2014,201405,05,0513,133,Spring,2014Spring
1187300,Discharge.ft3.s,23.953125,2014-05-14,2014,201405,05,0514,134,Spring,2014Spring
1187300,Discharge.ft3.s,22.771875,2014-05-15,2014,201405,05,0515,135,Spring,2014Spring
1187300,Discharge.ft3.s,28.8677083333333,2014-05-16,2014,201405,05,0516,136,Spring,2014Spring
1187300,Discharge.ft3.s,239.73125,2014-05-17,2014,201405,05,0517,137,Spring,2014Spring
1187300,Discharge.ft3.s,125.102083333333,2014-05-18,2014,201405,05,0518,138,Spring,2014Spring
1187300,Discharge.ft3.s,69.0854166666667,2014-05-19,2014,201405,05,0519,139,Spring,2014Spring
1187300,Discharge.ft3.s,48.4041666666667,2014-05-20,2014,201405,05,0520,140,Spring,2014Spring
1187300,Discharge.ft3.s,38.453125,2014-05-21,2014,201405,05,0521,141,Spring,2014Spring
1187300,Discharge.ft3.s,33.9791666666667,2014-05-22,2014,201405,05,0522,142,Spring,2014Spring
1187300,Discharge.ft3.s,44.4541666666667,2014-05-23,2014,201405,05,0523,143,Spring,2014Spring
1187300,Discharge.ft3.s,58.7604166666667,2014-05-24,2014,201405,05,0524,144,Spring,2014Spring
1187300,Discharge.ft3.s,45.0927083333333,2014-05-25,2014,201405,05,0525,145,Spring,2014Spring
1187300,Discharge.ft3.s,34.759375,2014-05-26,2014,201405,05,0526,146,Spring,2014Spring
1187300,Discharge.ft3.s,27.7416666666667,2014-05-27,2014,201405,05,0527,147,Spring,2014Spring
1187300,Discharge.ft3.s,26.0760416666667,2014-05-28,2014,201405,05,0528,148,Spring,2014Spring
1187300,Discharge.ft3.s,24.5760416666667,2014-05-29,2014,201405,05,0529,149,Spring,2014Spring
1187300,Discharge.ft3.s,21.1197916666667,2014-05-30,2014,201405,05,0530,150,Spring,2014Spring
1187300,Discharge.ft3.s,18.2739583333333,2014-05-31,2014,201405,05,0531,151,Spring,2014Spring
1187300,Discharge.ft3.s,16.1395833333333,2014-06-01,2014,201406,06,0601,152,Summer,2014Summer
1187300,Discharge.ft3.s,13.715625,2014-06-02,2014,201406,06,0602,153,Summer,2014Summer
1187300,Discharge.ft3.s,11.9114583333333,2014-06-03,2014,201406,06,0603,154,Summer,2014Summer
1187300,Discharge.ft3.s,13.0458333333333,2014-06-04,2014,201406,06,0604,155,Summer,2014Summer
1187300,Discharge.ft3.s,17.2020833333333,2014-06-05,2014,201406,06,0605,156,Summer,2014Summer
1187300,Discharge.ft3.s,24.4020833333333,2014-06-06,2014,201406,06,0606,157,Summer,2014Summer
1187300,Discharge.ft3.s,17.2177083333333,2014-06-07,2014,201406,06,0607,158,Summer,2014Summer
1187300,Discharge.ft3.s,12.9947916666667,2014-06-08,2014,201406,06,0608,159,Summer,2014Summer
1187300,Discharge.ft3.s,10.8875,2014-06-09,2014,201406,06,0609,160,Summer,2014Summer
1187300,Discharge.ft3.s,10.5604166666667,2014-06-10,2014,201406,06,0610,161,Summer,2014Summer
1187300,Discharge.ft3.s,11.2828125,2014-06-11,2014,201406,06,0611,162,Summer,2014Summer
1187300,Discharge.ft3.s,15.3833333333333,2014-06-12,2014,201406,06,0612,163,Summer,2014Summer
1187300,Discharge.ft3.s,33.3104166666667,2014-06-13,2014,201406,06,0613,164,Summer,2014Summer
1187300,Discharge.ft3.s,76.6145833333333,2014-06-14,2014,201406,06,0614,165,Summer,2014Summer
1187300,Discharge.ft3.s,36.6979166666667,2014-06-15,2014,201406,06,0615,166,Summer,2014Summer
1187300,Discharge.ft3.s,22.615625,2014-06-16,2014,201406,06,0616,167,Summer,2014Summer
1187300,Discharge.ft3.s,15.9208333333333,2014-06-17,2014,201406,06,0617,168,Summer,2014Summer
1187300,Discharge.ft3.s,15.5166666666667,2014-06-18,2014,201406,06,0618,169,Summer,2014Summer
1187300,Discharge.ft3.s,13.171875,2014-06-19,2014,201406,06,0619,170,Summer,2014Summer
1187300,Discharge.ft3.s,11.2432291666667,2014-06-20,2014,201406,06,0620,171,Summer,2014Summer
1187300,Discharge.ft3.s,8.99239583333333,2014-06-21,2014,201406,06,0621,172,Summer,2014Summer
1187300,Discharge.ft3.s,7.44072916666667,2014-06-22,2014,201406,06,0622,173,Summer,2014Summer
1187300,Discharge.ft3.s,6.44145833333333,2014-06-23,2014,201406,06,0623,174,Summer,2014Summer
1187300,Discharge.ft3.s,5.8434375,2014-06-24,2014,201406,06,0624,175,Summer,2014Summer
1187300,Discharge.ft3.s,5.27239583333333,2014-06-25,2014,201406,06,0625,176,Summer,2014Summer
1187300,Discharge.ft3.s,10.4030208333333,2014-06-26,2014,201406,06,0626,177,Summer,2014Summer
1187300,Discharge.ft3.s,9.93947916666667,2014-06-27,2014,201406,06,0627,178,Summer,2014Summer
1187300,Discharge.ft3.s,7.09229166666667,2014-06-28,2014,201406,06,0628,179,Summer,2014Summer
1187300,Discharge.ft3.s,5.49770833333333,2014-06-29,2014,201406,06,0629,180,Summer,2014Summer
1187300,Discharge.ft3.s,4.3921875,2014-06-30,2014,201406,06,0630,181,Summer,2014Summer
1187300,Discharge.ft3.s,3.75322916666667,2014-07-01,2014,201407,07,0701,182,Summer,2014Summer
1187300,Discharge.ft3.s,4.6625,2014-07-02,2014,201407,07,0702,183,Summer,2014Summer
1187300,Discharge.ft3.s,23.8552083333333,2014-07-03,2014,201407,07,0703,184,Summer,2014Summer
1187300,Discharge.ft3.s,62.3,2014-07-04,2014,201407,07,0704,185,Summer,2014Summer
1187300,Discharge.ft3.s,67.165625,2014-07-05,2014,201407,07,0705,186,Summer,2014Summer
1187300,Discharge.ft3.s,27.671875,2014-07-06,2014,201407,07,0706,187,Summer,2014Summer
1187300,Discharge.ft3.s,14.8375,2014-07-07,2014,201407,07,0707,188,Summer,2014Summer
1187300,Discharge.ft3.s,16.5389473684211,2014-07-08,2014,201407,07,0708,189,Summer,2014Summer
1187300,Discharge.ft3.s,22.9427083333333,2014-07-09,2014,201407,07,0709,190,Summer,2014Summer
1187300,Discharge.ft3.s,20.7052083333333,2014-07-10,2014,201407,07,0710,191,Summer,2014Summer
1187300,Discharge.ft3.s,12.4838541666667,2014-07-11,2014,201407,07,0711,192,Summer,2014Summer
1187300,Discharge.ft3.s,8.30947916666667,2014-07-12,2014,201407,07,0712,193,Summer,2014Summer
1187300,Discharge.ft3.s,6.22645833333333,2014-07-13,2014,201407,07,0713,194,Summer,2014Summer
1187300,Discharge.ft3.s,109.288854166667,2014-07-14,2014,201407,07,0714,195,Summer,2014Summer
1187300,Discharge.ft3.s,74.6864583333333,2014-07-15,2014,201407,07,0715,196,Summer,2014Summer
1187300,Discharge.ft3.s,142.073958333333,2014-07-16,2014,201407,07,0716,197,Summer,2014Summer
1187300,Discharge.ft3.s,105.841666666667,2014-07-17,2014,201407,07,0717,198,Summer,2014Summer
1187300,Discharge.ft3.s,45.0927083333333,2014-07-18,2014,201407,07,0718,199,Summer,2014Summer
1187300,Discharge.ft3.s,26.8916666666667,2014-07-19,2014,201407,07,0719,200,Summer,2014Summer
1187300,Discharge.ft3.s,19.921875,2014-07-20,2014,201407,07,0720,201,Summer,2014Summer
1187300,Discharge.ft3.s,15.021875,2014-07-21,2014,201407,07,0721,202,Summer,2014Summer
1187300,Discharge.ft3.s,11.6375,2014-07-22,2014,201407,07,0722,203,Summer,2014Summer
1187300,Discharge.ft3.s,9.24375,2014-07-23,2014,201407,07,0723,204,Summer,2014Summer
1187300,Discharge.ft3.s,19.4704166666667,2014-07-24,2014,201407,07,0724,205,Summer,2014Summer
1187300,Discharge.ft3.s,16.1114583333333,2014-07-25,2014,201407,07,0725,206,Summer,2014Summer
1187300,Discharge.ft3.s,10.9484375,2014-07-26,2014,201407,07,0726,207,Summer,2014Summer
1187300,Discharge.ft3.s,8.63583333333333,2014-07-27,2014,201407,07,0727,208,Summer,2014Summer
1187300,Discharge.ft3.s,20.5322916666667,2014-07-28,2014,201407,07,0728,209,Summer,2014Summer
1187300,Discharge.ft3.s,30.371875,2014-07-29,2014,201407,07,0729,210,Summer,2014Summer
1187300,Discharge.ft3.s,18.8104166666667,2014-07-30,2014,201407,07,0730,211,Summer,2014Summer
1187300,Discharge.ft3.s,12.5208333333333,2014-07-31,2014,201407,07,0731,212,Summer,2014Summer
1187300,Discharge.ft3.s,9.44041666666667,2014-08-01,2014,201408,08,0801,213,Summer,2014Summer
1187300,Discharge.ft3.s,8.77666666666667,2014-08-02,2014,201408,08,0802,214,Summer,2014Summer
1187300,Discharge.ft3.s,7.3784375,2014-08-03,2014,201408,08,0803,215,Summer,2014Summer
1187300,Discharge.ft3.s,6.34635416666667,2014-08-04,2014,201408,08,0804,216,Summer,2014Summer
1187300,Discharge.ft3.s,5.35885416666667,2014-08-05,2014,201408,08,0805,217,Summer,2014Summer
1187300,Discharge.ft3.s,5.55135416666667,2014-08-06,2014,201408,08,0806,218,Summer,2014Summer
1187300,Discharge.ft3.s,5.16291666666667,2014-08-07,2014,201408,08,0807,219,Summer,2014Summer
1187300,Discharge.ft3.s,4.21854166666667,2014-08-08,2014,201408,08,0808,220,Summer,2014Summer
1187300,Discharge.ft3.s,3.69583333333333,2014-08-09,2014,201408,08,0809,221,Summer,2014Summer
1187300,Discharge.ft3.s,3.4684375,2014-08-10,2014,201408,08,0810,222,Summer,2014Summer
1187300,Discharge.ft3.s,2.940625,2014-08-11,2014,201408,08,0811,223,Summer,2014Summer
1187300,Discharge.ft3.s,2.56197916666667,2014-08-12,2014,201408,08,0812,224,Summer,2014Summer
1187300,Discharge.ft3.s,305.472083333333,2014-08-13,2014,201408,08,0813,225,Summer,2014Summer
1187300,Discharge.ft3.s,307.8125,2014-08-14,2014,201408,08,0814,226,Summer,2014Summer
1187300,Discharge.ft3.s,79.2895833333333,2014-08-15,2014,201408,08,0815,227,Summer,2014Summer
1187300,Discharge.ft3.s,44.0541666666667,2014-08-16,2014,201408,08,0816,228,Summer,2014Summer
1187300,Discharge.ft3.s,29.003125,2014-08-17,2014,201408,08,0817,229,Summer,2014Summer
1187300,Discharge.ft3.s,21.1885416666667,2014-08-18,2014,201408,08,0818,230,Summer,2014Summer
1187300,Discharge.ft3.s,15.8354166666667,2014-08-19,2014,201408,08,0819,231,Summer,2014Summer
1187300,Discharge.ft3.s,12.028125,2014-08-20,2014,201408,08,0820,232,Summer,2014Summer
1187300,Discharge.ft3.s,10.2614583333333,2014-08-21,2014,201408,08,0821,233,Summer,2014Summer
1187300,Discharge.ft3.s,19.14375,2014-08-22,2014,201408,08,0822,234,Summer,2014Summer
1187300,Discharge.ft3.s,19.3458333333333,2014-08-23,2014,201408,08,0823,235,Summer,2014Summer
1187300,Discharge.ft3.s,14.7958333333333,2014-08-24,2014,201408,08,0824,236,Summer,2014Summer
1187300,Discharge.ft3.s,11.2020833333333,2014-08-25,2014,201408,08,0825,237,Summer,2014Summer
1187300,Discharge.ft3.s,9.57729166666667,2014-08-26,2014,201408,08,0826,238,Summer,2014Summer
1187300,Discharge.ft3.s,7.14958333333333,2014-08-27,2014,201408,08,0827,239,Summer,2014Summer
1187300,Discharge.ft3.s,9.06229166666667,2014-08-28,2014,201408,08,0828,240,Summer,2014Summer
1187300,Discharge.ft3.s,8.16625,2014-08-29,2014,201408,08,0829,241,Summer,2014Summer
1187300,Discharge.ft3.s,6.4121875,2014-08-30,2014,201408,08,0830,242,Summer,2014Summer
1187300,Discharge.ft3.s,5.63041666666667,2014-08-31,2014,201408,08,0831,243,Summer,2014Summer
1187300,Discharge.ft3.s,6.78125,2014-09-01,2014,201409,09,0901,244,Fall,2014Fall
1187300,Discharge.ft3.s,6.10864583333333,2014-09-02,2014,201409,09,0902,245,Fall,2014Fall
1187300,Discharge.ft3.s,5.11145833333333,2014-09-03,2014,201409,09,0903,246,Fall,2014Fall
1187300,Discharge.ft3.s,4.025,2014-09-04,2014,201409,09,0904,247,Fall,2014Fall
1187300,Discharge.ft3.s,3.67020833333333,2014-09-05,2014,201409,09,0905,248,Fall,2014Fall
1187300,Discharge.ft3.s,3.49645833333333,2014-09-06,2014,201409,09,0906,249,Fall,2014Fall
1187300,Discharge.ft3.s,4.98041666666667,2014-09-07,2014,201409,09,0907,250,Fall,2014Fall
1187300,Discharge.ft3.s,5.22458333333333,2014-09-08,2014,201409,09,0908,251,Fall,2014Fall
1187300,Discharge.ft3.s,3.89052083333333,2014-09-09,2014,201409,09,0909,252,Fall,2014Fall
1187300,Discharge.ft3.s,3.476875,2014-09-10,2014,201409,09,0910,253,Fall,2014Fall
1187300,Discharge.ft3.s,3.4234375,2014-09-11,2014,201409,09,0911,254,Fall,2014Fall
1187300,Discharge.ft3.s,3.36635416666667,2014-09-12,2014,201409,09,0912,255,Fall,2014Fall
1187300,Discharge.ft3.s,3.08479166666667,2014-09-13,2014,201409,09,0913,256,Fall,2014Fall
1187300,Discharge.ft3.s,4.48447916666667,2014-09-14,2014,201409,09,0914,257,Fall,2014Fall
1187300,Discharge.ft3.s,4.774375,2014-09-15,2014,201409,09,0915,258,Fall,2014Fall
1187300,Discharge.ft3.s,3.64395833333333,2014-09-16,2014,201409,09,0916,259,Fall,2014Fall
1187300,Discharge.ft3.s,3.32831578947368,2014-09-17,2014,201409,09,0917,260,Fall,2014Fall
1187300,Discharge.ft3.s,3.43458333333333,2014-09-18,2014,201409,09,0918,261,Fall,2014Fall
1187300,Discharge.ft3.s,2.72385416666667,2014-09-19,2014,201409,09,0919,262,Fall,2014Fall
1187300,Discharge.ft3.s,2.38145833333333,2014-09-20,2014,201409,09,0920,263,Fall,2014Fall
1187300,Discharge.ft3.s,2.37739583333333,2014-09-21,2014,201409,09,0921,264,Fall,2014Fall
1187300,Discharge.ft3.s,2.44645833333333,2014-09-22,2014,201409,09,0922,265,Fall,2014Fall
1187300,Discharge.ft3.s,2.22583333333333,2014-09-23,2014,201409,09,0923,266,Fall,2014Fall
1187300,Discharge.ft3.s,1.92125,2014-09-24,2014,201409,09,0924,267,Fall,2014Fall
1187300,Discharge.ft3.s,2.05572916666667,2014-09-25,2014,201409,09,0925,268,Fall,2014Fall
1187300,Discharge.ft3.s,2.05010416666667,2014-09-26,2014,201409,09,0926,269,Fall,2014Fall
1187300,Discharge.ft3.s,1.81625,2014-09-27,2014,201409,09,0927,270,Fall,2014Fall
1187300,Discharge.ft3.s,1.75927083333333,2014-09-28,2014,201409,09,0928,271,Fall,2014Fall
1187300,Discharge.ft3.s,1.72,2014-09-29,2014,201409,09,0929,272,Fall,2014Fall
1187300,Discharge.ft3.s,1.72,2014-09-30,2014,201409,09,0930,273,Fall,2014Fall
1187300,Discharge.ft3.s,2.0684375,2014-10-01,2014,201410,10,1001,274,Fall,2014Fall
1187300,Discharge.ft3.s,3.66552083333333,2014-10-02,2014,201410,10,1002,275,Fall,2014Fall
1187300,Discharge.ft3.s,4.46197916666667,2014-10-03,2014,201410,10,1003,276,Fall,2014Fall
1187300,Discharge.ft3.s,4.52510416666667,2014-10-04,2014,201410,10,1004,277,Fall,2014Fall
1187300,Discharge.ft3.s,20.1375,2014-10-05,2014,201410,10,1005,278,Fall,2014Fall
1187300,Discharge.ft3.s,10.8698958333333,2014-10-06,2014,201410,10,1006,279,Fall,2014Fall
1187300,Discharge.ft3.s,6.8415625,2014-10-07,2014,201410,10,1007,280,Fall,2014Fall
1187300,Discharge.ft3.s,9.93427083333333,2014-10-08,2014,201410,10,1008,281,Fall,2014Fall
1187300,Discharge.ft3.s,9.47041666666667,2014-10-09,2014,201410,10,1009,282,Fall,2014Fall
1187300,Discharge.ft3.s,6.32791666666667,2014-10-10,2014,201410,10,1010,283,Fall,2014Fall
1187300,Discharge.ft3.s,5.29375,2014-10-11,2014,201410,10,1011,284,Fall,2014Fall
1187300,Discharge.ft3.s,5.60875,2014-10-12,2014,201410,10,1012,285,Fall,2014Fall
1187300,Discharge.ft3.s,4.9640625,2014-10-13,2014,201410,10,1013,286,Fall,2014Fall
1187300,Discharge.ft3.s,4.51833333333333,2014-10-14,2014,201410,10,1014,287,Fall,2014Fall
1187300,Discharge.ft3.s,4.38166666666667,2014-10-15,2014,201410,10,1015,288,Fall,2014Fall
1187300,Discharge.ft3.s,106.76625,2014-10-16,2014,201410,10,1016,289,Fall,2014Fall
1187300,Discharge.ft3.s,94.6739583333333,2014-10-17,2014,201410,10,1017,290,Fall,2014Fall
1187300,Discharge.ft3.s,39.784375,2014-10-18,2014,201410,10,1018,291,Fall,2014Fall
1187300,Discharge.ft3.s,28.2114583333333,2014-10-19,2014,201410,10,1019,292,Fall,2014Fall
1187300,Discharge.ft3.s,20.4927083333333,2014-10-20,2014,201410,10,1020,293,Fall,2014Fall
1187300,Discharge.ft3.s,16.1708333333333,2014-10-21,2014,201410,10,1021,294,Fall,2014Fall
1187300,Discharge.ft3.s,13.675,2014-10-22,2014,201410,10,1022,295,Fall,2014Fall
1187300,Discharge.ft3.s,160.573958333333,2014-10-23,2014,201410,10,1023,296,Fall,2014Fall
1187300,Discharge.ft3.s,140.94375,2014-10-24,2014,201410,10,1024,297,Fall,2014Fall
1187300,Discharge.ft3.s,73.50625,2014-10-25,2014,201410,10,1025,298,Fall,2014Fall
1187300,Discharge.ft3.s,46.1583333333333,2014-10-26,2014,201410,10,1026,299,Fall,2014Fall
1187300,Discharge.ft3.s,35.5520833333333,2014-10-27,2014,201410,10,1027,300,Fall,2014Fall
1187300,Discharge.ft3.s,26.95625,2014-10-28,2014,201410,10,1028,301,Fall,2014Fall
1187300,Discharge.ft3.s,22.3604166666667,2014-10-29,2014,201410,10,1029,302,Fall,2014Fall
1187300,Discharge.ft3.s,21.49375,2014-10-30,2014,201410,10,1030,303,Fall,2014Fall
1187300,Discharge.ft3.s,19.196875,2014-10-31,2014,201410,10,1031,304,Fall,2014Fall
1187300,Discharge.ft3.s,19.5510416666667,2014-11-01,2014,201411,11,1101,305,Fall,2014Fall
1187300,Discharge.ft3.s,24.7291666666667,2014-11-02,2014,201411,11,1102,306,Fall,2014Fall
1187300,Discharge.ft3.s,20.9927083333333,2014-11-03,2014,201411,11,1103,307,Fall,2014Fall
1187300,Discharge.ft3.s,19.0791666666667,2014-11-04,2014,201411,11,1104,308,Fall,2014Fall
1187300,Discharge.ft3.s,18.4541666666667,2014-11-05,2014,201411,11,1105,309,Fall,2014Fall
1187300,Discharge.ft3.s,17.0697916666667,2014-11-06,2014,201411,11,1106,310,Fall,2014Fall
1187300,Discharge.ft3.s,22.3041666666667,2014-11-07,2014,201411,11,1107,311,Fall,2014Fall
1187300,Discharge.ft3.s,21.4760416666667,2014-11-08,2014,201411,11,1108,312,Fall,2014Fall
1187300,Discharge.ft3.s,19.2541666666667,2014-11-09,2014,201411,11,1109,313,Fall,2014Fall
1187300,Discharge.ft3.s,17.2822916666667,2014-11-10,2014,201411,11,1110,314,Fall,2014Fall
1187300,Discharge.ft3.s,21.134375,2014-11-11,2014,201411,11,1111,315,Fall,2014Fall
1187300,Discharge.ft3.s,26.971875,2014-11-12,2014,201411,11,1112,316,Fall,2014Fall
1187300,Discharge.ft3.s,28.51875,2014-11-13,2014,201411,11,1113,317,Fall,2014Fall
1187300,Discharge.ft3.s,26.1239583333333,2014-11-14,2014,201411,11,1114,318,Fall,2014Fall
1187300,Discharge.ft3.s,23.90625,2014-11-15,2014,201411,11,1115,319,Fall,2014Fall
1187300,Discharge.ft3.s,21.4625,2014-11-16,2014,201411,11,1116,320,Fall,2014Fall
1187300,Discharge.ft3.s,35.653125,2014-11-17,2014,201411,11,1117,321,Fall,2014Fall
1187300,Discharge.ft3.s,90.828125,2014-11-18,2014,201411,11,1118,322,Fall,2014Fall
1187300,Discharge.ft3.s,53.13125,2014-11-19,2014,201411,11,1119,323,Fall,2014Fall
1187300,Discharge.ft3.s,40.6375,2014-11-20,2014,201411,11,1120,324,Fall,2014Fall
1187300,Discharge.ft3.s,33.153125,2014-11-21,2014,201411,11,1121,325,Fall,2014Fall
1187300,Discharge.ft3.s,28.9541666666667,2014-11-22,2014,201411,11,1122,326,Fall,2014Fall
1187300,Discharge.ft3.s,26.5270833333333,2014-11-23,2014,201411,11,1123,327,Fall,2014Fall
1187300,Discharge.ft3.s,55.225,2014-11-24,2014,201411,11,1124,328,Fall,2014Fall
1187300,Discharge.ft3.s,72.484375,2014-11-25,2014,201411,11,1125,329,Fall,2014Fall
1187300,Discharge.ft3.s,46.853125,2014-11-26,2014,201411,11,1126,330,Fall,2014Fall
1187300,Discharge.ft3.s,46.7447916666667,2014-11-27,2014,201411,11,1127,331,Fall,2014Fall
1187300,Discharge.ft3.s,39.9614583333333,2014-11-28,2014,201411,11,1128,332,Fall,2014Fall
1187300,Discharge.ft3.s,34.8145833333333,2014-11-29,2014,201411,11,1129,333,Fall,2014Fall
1187300,Discharge.ft3.s,31.8375,2014-11-30,2014,201411,11,1130,334,Fall,2014Fall
1187300,Discharge.ft3.s,44.3854166666667,2014-12-01,2014,201412,12,1201,335,Winter,2014Winter
1187300,Discharge.ft3.s,66.5791666666667,2014-12-02,2014,201412,12,1202,336,Winter,2014Winter
1187300,Discharge.ft3.s,69.8958333333333,2014-12-03,2014,201412,12,1203,337,Winter,2014Winter
1187300,Discharge.ft3.s,92.9177083333333,2014-12-04,2014,201412,12,1204,338,Winter,2014Winter
1187300,Discharge.ft3.s,57.2520833333333,2014-12-05,2014,201412,12,1205,339,Winter,2014Winter
1187300,Discharge.ft3.s,75.7072916666667,2014-12-06,2014,201412,12,1206,340,Winter,2014Winter
1187300,Discharge.ft3.s,181.520833333333,2014-12-07,2014,201412,12,1207,341,Winter,2014Winter
1187300,Discharge.ft3.s,86.3458333333333,2014-12-08,2014,201412,12,1208,342,Winter,2014Winter
1187300,Discharge.ft3.s,189.003125,2014-12-09,2014,201412,12,1209,343,Winter,2014Winter
1187300,Discharge.ft3.s,656.71875,2014-12-10,2014,201412,12,1210,344,Winter,2014Winter
1187300,Discharge.ft3.s,213.052083333333,2014-12-11,2014,201412,12,1211,345,Winter,2014Winter
1187300,Discharge.ft3.s,130.28125,2014-12-12,2014,201412,12,1212,346,Winter,2014Winter
1187300,Discharge.ft3.s,100.00625,2014-12-13,2014,201412,12,1213,347,Winter,2014Winter
1187300,Discharge.ft3.s,84.5,2014-12-14,2014,201412,12,1214,348,Winter,2014Winter
1187300,Discharge.ft3.s,75.7697916666667,2014-12-15,2014,201412,12,1215,349,Winter,2014Winter
1187300,Discharge.ft3.s,66.953125,2014-12-16,2014,201412,12,1216,350,Winter,2014Winter
1187300,Discharge.ft3.s,87.9052083333333,2014-12-17,2014,201412,12,1217,351,Winter,2014Winter
1187300,Discharge.ft3.s,104.277083333333,2014-12-18,2014,201412,12,1218,352,Winter,2014Winter
1187300,Discharge.ft3.s,81.86875,2014-12-19,2014,201412,12,1219,353,Winter,2014Winter
1187300,Discharge.ft3.s,66.0677083333333,2014-12-20,2014,201412,12,1220,354,Winter,2014Winter
1187300,Discharge.ft3.s,56.303125,2014-12-21,2014,201412,12,1221,355,Winter,2014Winter
1187300,Discharge.ft3.s,48.0666666666667,2014-12-22,2014,201412,12,1222,356,Winter,2014Winter
1187300,Discharge.ft3.s,56.88125,2014-12-23,2014,201412,12,1223,357,Winter,2014Winter
1187300,Discharge.ft3.s,96.9927083333333,2014-12-24,2014,201412,12,1224,358,Winter,2014Winter
1187300,Discharge.ft3.s,169.520833333333,2014-12-25,2014,201412,12,1225,359,Winter,2014Winter
1187300,Discharge.ft3.s,131.28125,2014-12-26,2014,201412,12,1226,360,Winter,2014Winter
1187300,Discharge.ft3.s,93.7020833333333,2014-12-27,2014,201412,12,1227,361,Winter,2014Winter
1187300,Discharge.ft3.s,78.478125,2014-12-28,2014,201412,12,1228,362,Winter,2014Winter
1187300,Discharge.ft3.s,68.7895833333333,2014-12-29,2014,201412,12,1229,363,Winter,2014Winter
1187300,Discharge.ft3.s,63.185,2014-12-30,2014,201412,12,1230,364,Winter,2014Winter
