SiteID,Parameter,mean,Date,Year,YearMonth,Month,MonthDay,JulianDay,Season,YearSeason
ECO66G20,Sensor.Depth.ft,0.351730769230769,2014-07-28,2014,201407,07,0728,209,Summer,2014Summer
ECO66G20,Sensor.Depth.ft,0.333895833333333,2014-07-29,2014,201407,07,0729,210,Summer,2014Summer
ECO66G20,Sensor.Depth.ft,0.316520833333333,2014-07-30,2014,201407,07,0730,211,Summer,2014Summer
ECO66G20,Sensor.Depth.ft,0.3135,2014-07-31,2014,201407,07,0731,212,Summer,2014Summer
ECO66G20,Sensor.Depth.ft,0.3110625,2014-08-01,2014,201408,08,0801,213,Summer,2014Summer
ECO66G20,Sensor.Depth.ft,0.309979166666667,2014-08-02,2014,201408,08,0802,214,Summer,2014Summer
ECO66G20,Sensor.Depth.ft,0.305645833333333,2014-08-03,2014,201408,08,0803,215,Summer,2014Summer
ECO66G20,Sensor.Depth.ft,0.2951875,2014-08-04,2014,201408,08,0804,216,Summer,2014Summer
ECO66G20,Sensor.Depth.ft,0.285041666666667,2014-08-05,2014,201408,08,0805,217,Summer,2014Summer
ECO66G20,Sensor.Depth.ft,0.286270833333333,2014-08-06,2014,201408,08,0806,218,Summer,2014Summer
ECO66G20,Sensor.Depth.ft,0.276979166666667,2014-08-07,2014,201408,08,0807,219,Summer,2014Summer
ECO66G20,Sensor.Depth.ft,0.403645833333333,2014-08-08,2014,201408,08,0808,220,Summer,2014Summer
ECO66G20,Sensor.Depth.ft,0.320416666666667,2014-08-09,2014,201408,08,0809,221,Summer,2014Summer
ECO66G20,Sensor.Depth.ft,0.290479166666667,2014-08-10,2014,201408,08,0810,222,Summer,2014Summer
ECO66G20,Sensor.Depth.ft,0.283604166666667,2014-08-11,2014,201408,08,0811,223,Summer,2014Summer
ECO66G20,Sensor.Depth.ft,0.280708333333333,2014-08-12,2014,201408,08,0812,224,Summer,2014Summer
ECO66G20,Sensor.Depth.ft,0.272166666666667,2014-08-13,2014,201408,08,0813,225,Summer,2014Summer
ECO66G20,Sensor.Depth.ft,0.2653125,2014-08-14,2014,201408,08,0814,226,Summer,2014Summer
ECO66G20,Sensor.Depth.ft,0.26,2014-08-15,2014,201408,08,0815,227,Summer,2014Summer
ECO66G20,Sensor.Depth.ft,0.256395833333333,2014-08-16,2014,201408,08,0816,228,Summer,2014Summer
ECO66G20,Sensor.Depth.ft,0.257354166666667,2014-08-17,2014,201408,08,0817,229,Summer,2014Summer
ECO66G20,Sensor.Depth.ft,0.401958333333333,2014-08-18,2014,201408,08,0818,230,Summer,2014Summer
ECO66G20,Sensor.Depth.ft,0.4085,2014-08-19,2014,201408,08,0819,231,Summer,2014Summer
ECO66G20,Sensor.Depth.ft,0.5485625,2014-08-20,2014,201408,08,0820,232,Summer,2014Summer
ECO66G20,Sensor.Depth.ft,0.716895833333333,2014-08-21,2014,201408,08,0821,233,Summer,2014Summer
ECO66G20,Sensor.Depth.ft,0.495270833333333,2014-08-22,2014,201408,08,0822,234,Summer,2014Summer
ECO66G20,Sensor.Depth.ft,0.3974375,2014-08-23,2014,201408,08,0823,235,Summer,2014Summer
ECO66G20,Sensor.Depth.ft,0.3550625,2014-08-24,2014,201408,08,0824,236,Summer,2014Summer
ECO66G20,Sensor.Depth.ft,0.3246875,2014-08-25,2014,201408,08,0825,237,Summer,2014Summer
ECO66G20,Sensor.Depth.ft,0.301270833333333,2014-08-26,2014,201408,08,0826,238,Summer,2014Summer
ECO66G20,Sensor.Depth.ft,0.287895833333333,2014-08-27,2014,201408,08,0827,239,Summer,2014Summer
ECO66G20,Sensor.Depth.ft,0.274458333333333,2014-08-28,2014,201408,08,0828,240,Summer,2014Summer
ECO66G20,Sensor.Depth.ft,0.2684375,2014-08-29,2014,201408,08,0829,241,Summer,2014Summer
ECO66G20,Sensor.Depth.ft,0.31475,2014-08-30,2014,201408,08,0830,242,Summer,2014Summer
ECO66G20,Sensor.Depth.ft,0.436104166666667,2014-08-31,2014,201408,08,0831,243,Summer,2014Summer
ECO66G20,Sensor.Depth.ft,0.304458333333333,2014-09-01,2014,201409,09,0901,244,Fall,2014Fall
ECO66G20,Sensor.Depth.ft,0.285145833333333,2014-09-02,2014,201409,09,0902,245,Fall,2014Fall
ECO66G20,Sensor.Depth.ft,1.21404166666667,2014-09-03,2014,201409,09,0903,246,Fall,2014Fall
ECO66G20,Sensor.Depth.ft,0.7836875,2014-09-04,2014,201409,09,0904,247,Fall,2014Fall
ECO66G20,Sensor.Depth.ft,0.721375,2014-09-05,2014,201409,09,0905,248,Fall,2014Fall
ECO66G20,Sensor.Depth.ft,0.852375,2014-09-06,2014,201409,09,0906,249,Fall,2014Fall
ECO66G20,Sensor.Depth.ft,0.756645833333333,2014-09-07,2014,201409,09,0907,250,Fall,2014Fall
ECO66G20,Sensor.Depth.ft,0.749041666666667,2014-09-08,2014,201409,09,0908,251,Fall,2014Fall
ECO66G20,Sensor.Depth.ft,0.649208333333333,2014-09-09,2014,201409,09,0909,252,Fall,2014Fall
ECO66G20,Sensor.Depth.ft,0.559583333333333,2014-09-10,2014,201409,09,0910,253,Fall,2014Fall
ECO66G20,Sensor.Depth.ft,0.539645833333333,2014-09-11,2014,201409,09,0911,254,Fall,2014Fall
ECO66G20,Sensor.Depth.ft,0.561458333333333,2014-09-12,2014,201409,09,0912,255,Fall,2014Fall
ECO66G20,Sensor.Depth.ft,0.569895833333333,2014-09-13,2014,201409,09,0913,256,Fall,2014Fall
ECO66G20,Sensor.Depth.ft,0.531375,2014-09-14,2014,201409,09,0914,257,Fall,2014Fall
ECO66G20,Sensor.Depth.ft,0.486145833333333,2014-09-15,2014,201409,09,0915,258,Fall,2014Fall
ECO66G20,Sensor.Depth.ft,0.445395833333333,2014-09-16,2014,201409,09,0916,259,Fall,2014Fall
ECO66G20,Sensor.Depth.ft,0.413083333333333,2014-09-17,2014,201409,09,0917,260,Fall,2014Fall
ECO66G20,Sensor.Depth.ft,0.38,2014-09-18,2014,201409,09,0918,261,Fall,2014Fall
ECO66G20,Sensor.Depth.ft,0.357375,2014-09-19,2014,201409,09,0919,262,Fall,2014Fall
ECO66G20,Sensor.Depth.ft,0.346333333333333,2014-09-20,2014,201409,09,0920,263,Fall,2014Fall
ECO66G20,Sensor.Depth.ft,0.3314375,2014-09-21,2014,201409,09,0921,264,Fall,2014Fall
ECO66G20,Sensor.Depth.ft,0.341416666666667,2014-09-22,2014,201409,09,0922,265,Fall,2014Fall
ECO66G20,Sensor.Depth.ft,0.328229166666667,2014-09-23,2014,201409,09,0923,266,Fall,2014Fall
ECO66G20,Sensor.Depth.ft,0.320270833333333,2014-09-24,2014,201409,09,0924,267,Fall,2014Fall
ECO66G20,Sensor.Depth.ft,0.308270833333333,2014-09-25,2014,201409,09,0925,268,Fall,2014Fall
ECO66G20,Sensor.Depth.ft,0.299875,2014-09-26,2014,201409,09,0926,269,Fall,2014Fall
ECO66G20,Sensor.Depth.ft,0.294645833333333,2014-09-27,2014,201409,09,0927,270,Fall,2014Fall
ECO66G20,Sensor.Depth.ft,0.294333333333333,2014-09-28,2014,201409,09,0928,271,Fall,2014Fall
ECO66G20,Sensor.Depth.ft,0.368875,2014-09-29,2014,201409,09,0929,272,Fall,2014Fall
ECO66G20,Sensor.Depth.ft,0.3266875,2014-09-30,2014,201409,09,0930,273,Fall,2014Fall
ECO66G20,Sensor.Depth.ft,0.30525,2014-10-01,2014,201410,10,1001,274,Fall,2014Fall
ECO66G20,Sensor.Depth.ft,0.294020833333333,2014-10-02,2014,201410,10,1002,275,Fall,2014Fall
ECO66G20,Sensor.Depth.ft,0.330729166666667,2014-10-03,2014,201410,10,1003,276,Fall,2014Fall
ECO66G20,Sensor.Depth.ft,0.307854166666667,2014-10-04,2014,201410,10,1004,277,Fall,2014Fall
ECO66G20,Sensor.Depth.ft,0.283333333333333,2014-10-05,2014,201410,10,1005,278,Fall,2014Fall
ECO66G20,Sensor.Depth.ft,0.314083333333333,2014-10-06,2014,201410,10,1006,279,Fall,2014Fall
ECO66G20,Sensor.Depth.ft,0.512104166666667,2014-10-07,2014,201410,10,1007,280,Fall,2014Fall
ECO66G20,Sensor.Depth.ft,0.435875,2014-10-08,2014,201410,10,1008,281,Fall,2014Fall
ECO66G20,Sensor.Depth.ft,0.427208333333333,2014-10-09,2014,201410,10,1009,282,Fall,2014Fall
ECO66G20,Sensor.Depth.ft,0.421020833333333,2014-10-10,2014,201410,10,1010,283,Fall,2014Fall
ECO66G20,Sensor.Depth.ft,0.422479166666667,2014-10-11,2014,201410,10,1011,284,Fall,2014Fall
ECO66G20,Sensor.Depth.ft,0.435979166666667,2014-10-12,2014,201410,10,1012,285,Fall,2014Fall
ECO66G20,Sensor.Depth.ft,0.45375,2014-10-13,2014,201410,10,1013,286,Fall,2014Fall
ECO66G20,Sensor.Depth.ft,1.4191875,2014-10-14,2014,201410,10,1014,287,Fall,2014Fall
ECO66G20,Sensor.Depth.ft,1.1756875,2014-10-15,2014,201410,10,1015,288,Fall,2014Fall
ECO66G20,Sensor.Depth.ft,0.910520833333333,2014-10-16,2014,201410,10,1016,289,Fall,2014Fall
ECO66G20,Sensor.Depth.ft,0.821020833333333,2014-10-17,2014,201410,10,1017,290,Fall,2014Fall
ECO66G20,Sensor.Depth.ft,0.696604166666667,2014-10-18,2014,201410,10,1018,291,Fall,2014Fall
ECO66G20,Sensor.Depth.ft,0.59475,2014-10-19,2014,201410,10,1019,292,Fall,2014Fall
ECO66G20,Sensor.Depth.ft,0.528625,2014-10-20,2014,201410,10,1020,293,Fall,2014Fall
ECO66G20,Sensor.Depth.ft,0.484229166666667,2014-10-21,2014,201410,10,1021,294,Fall,2014Fall
ECO66G20,Sensor.Depth.ft,0.440375,2014-10-22,2014,201410,10,1022,295,Fall,2014Fall
ECO66G20,Sensor.Depth.ft,0.4108125,2014-10-23,2014,201410,10,1023,296,Fall,2014Fall
ECO66G20,Sensor.Depth.ft,0.394895833333333,2014-10-24,2014,201410,10,1024,297,Fall,2014Fall
ECO66G20,Sensor.Depth.ft,0.376833333333333,2014-10-25,2014,201410,10,1025,298,Fall,2014Fall
ECO66G20,Sensor.Depth.ft,0.367895833333333,2014-10-26,2014,201410,10,1026,299,Fall,2014Fall
ECO66G20,Sensor.Depth.ft,0.359854166666667,2014-10-27,2014,201410,10,1027,300,Fall,2014Fall
ECO66G20,Sensor.Depth.ft,0.35175,2014-10-28,2014,201410,10,1028,301,Fall,2014Fall
ECO66G20,Sensor.Depth.ft,0.3555,2014-10-29,2014,201410,10,1029,302,Fall,2014Fall
ECO66G20,Sensor.Depth.ft,0.3409375,2014-10-30,2014,201410,10,1030,303,Fall,2014Fall
ECO66G20,Sensor.Depth.ft,0.342208333333333,2014-10-31,2014,201410,10,1031,304,Fall,2014Fall
ECO66G20,Sensor.Depth.ft,0.363979166666667,2014-11-01,2014,201411,11,1101,305,Fall,2014Fall
ECO66G20,Sensor.Depth.ft,0.340916666666667,2014-11-02,2014,201411,11,1102,306,Fall,2014Fall
ECO66G20,Sensor.Depth.ft,0.33,2014-11-03,2014,201411,11,1103,307,Fall,2014Fall
ECO66G20,Sensor.Depth.ft,0.333291666666667,2014-11-04,2014,201411,11,1104,308,Fall,2014Fall
ECO66G20,Sensor.Depth.ft,0.335375,2014-11-05,2014,201411,11,1105,309,Fall,2014Fall
ECO66G20,Sensor.Depth.ft,0.404895833333333,2014-11-06,2014,201411,11,1106,310,Fall,2014Fall
ECO66G20,Sensor.Depth.ft,0.437083333333333,2014-11-07,2014,201411,11,1107,311,Fall,2014Fall
ECO66G20,Sensor.Depth.ft,0.433979166666667,2014-11-08,2014,201411,11,1108,312,Fall,2014Fall
ECO66G20,Sensor.Depth.ft,0.417541666666667,2014-11-09,2014,201411,11,1109,313,Fall,2014Fall
ECO66G20,Sensor.Depth.ft,0.395979166666667,2014-11-10,2014,201411,11,1110,314,Fall,2014Fall
ECO66G20,Sensor.Depth.ft,0.38225,2014-11-11,2014,201411,11,1111,315,Fall,2014Fall
ECO66G20,Sensor.Depth.ft,0.372770833333333,2014-11-12,2014,201411,11,1112,316,Fall,2014Fall
ECO66G20,Sensor.Depth.ft,0.360645833333333,2014-11-13,2014,201411,11,1113,317,Fall,2014Fall
ECO66G20,Sensor.Depth.ft,0.347791666666667,2014-11-14,2014,201411,11,1114,318,Fall,2014Fall
ECO66G20,Sensor.Depth.ft,0.34175,2014-11-15,2014,201411,11,1115,319,Fall,2014Fall
ECO66G20,Sensor.Depth.ft,0.349625,2014-11-16,2014,201411,11,1116,320,Fall,2014Fall
ECO66G20,Sensor.Depth.ft,1.1626875,2014-11-17,2014,201411,11,1117,321,Fall,2014Fall
ECO66G20,Sensor.Depth.ft,1.07133333333333,2014-11-18,2014,201411,11,1118,322,Fall,2014Fall
ECO66G20,Sensor.Depth.ft,0.792291666666667,2014-11-19,2014,201411,11,1119,323,Fall,2014Fall
ECO66G20,Sensor.Depth.ft,0.677125,2014-11-20,2014,201411,11,1120,324,Fall,2014Fall
ECO66G20,Sensor.Depth.ft,0.597270833333333,2014-11-21,2014,201411,11,1121,325,Fall,2014Fall
ECO66G20,Sensor.Depth.ft,0.542791666666667,2014-11-22,2014,201411,11,1122,326,Fall,2014Fall
ECO66G20,Sensor.Depth.ft,0.8735625,2014-11-23,2014,201411,11,1123,327,Fall,2014Fall
ECO66G20,Sensor.Depth.ft,1.4549375,2014-11-24,2014,201411,11,1124,328,Fall,2014Fall
ECO66G20,Sensor.Depth.ft,0.982666666666667,2014-11-25,2014,201411,11,1125,329,Fall,2014Fall
ECO66G20,Sensor.Depth.ft,0.811208333333333,2014-11-26,2014,201411,11,1126,330,Fall,2014Fall
ECO66G20,Sensor.Depth.ft,0.709041666666667,2014-11-27,2014,201411,11,1127,331,Fall,2014Fall
ECO66G20,Sensor.Depth.ft,0.625666666666667,2014-11-28,2014,201411,11,1128,332,Fall,2014Fall
ECO66G20,Sensor.Depth.ft,0.581854166666667,2014-11-29,2014,201411,11,1129,333,Fall,2014Fall
ECO66G20,Sensor.Depth.ft,0.553729166666667,2014-11-30,2014,201411,11,1130,334,Fall,2014Fall
ECO66G20,Sensor.Depth.ft,0.636895833333333,2014-12-01,2014,201412,12,1201,335,Winter,2014Winter
ECO66G20,Sensor.Depth.ft,0.7670625,2014-12-02,2014,201412,12,1202,336,Winter,2014Winter
ECO66G20,Sensor.Depth.ft,0.7435625,2014-12-03,2014,201412,12,1203,337,Winter,2014Winter
ECO66G20,Sensor.Depth.ft,0.734208333333333,2014-12-04,2014,201412,12,1204,338,Winter,2014Winter
ECO66G20,Sensor.Depth.ft,0.702645833333333,2014-12-05,2014,201412,12,1205,339,Winter,2014Winter
ECO66G20,Sensor.Depth.ft,0.800541666666667,2014-12-06,2014,201412,12,1206,340,Winter,2014Winter
ECO66G20,Sensor.Depth.ft,0.92675,2014-12-07,2014,201412,12,1207,341,Winter,2014Winter
ECO66G20,Sensor.Depth.ft,0.962625,2014-12-08,2014,201412,12,1208,342,Winter,2014Winter
ECO66G20,Sensor.Depth.ft,0.8888125,2014-12-09,2014,201412,12,1209,343,Winter,2014Winter
ECO66G20,Sensor.Depth.ft,0.926895833333333,2014-12-10,2014,201412,12,1210,344,Winter,2014Winter
ECO66G20,Sensor.Depth.ft,0.893479166666667,2014-12-11,2014,201412,12,1211,345,Winter,2014Winter
ECO66G20,Sensor.Depth.ft,0.848145833333333,2014-12-12,2014,201412,12,1212,346,Winter,2014Winter
ECO66G20,Sensor.Depth.ft,0.8165,2014-12-13,2014,201412,12,1213,347,Winter,2014Winter
ECO66G20,Sensor.Depth.ft,0.719020833333333,2014-12-14,2014,201412,12,1214,348,Winter,2014Winter
ECO66G20,Sensor.Depth.ft,0.709229166666667,2014-12-15,2014,201412,12,1215,349,Winter,2014Winter
ECO66G20,Sensor.Depth.ft,0.757104166666667,2014-12-16,2014,201412,12,1216,350,Winter,2014Winter
ECO66G20,Sensor.Depth.ft,0.780645833333333,2014-12-17,2014,201412,12,1217,351,Winter,2014Winter
ECO66G20,Sensor.Depth.ft,0.7695625,2014-12-18,2014,201412,12,1218,352,Winter,2014Winter
ECO66G20,Sensor.Depth.ft,0.801145833333333,2014-12-19,2014,201412,12,1219,353,Winter,2014Winter
ECO66G20,Sensor.Depth.ft,0.742666666666667,2014-12-20,2014,201412,12,1220,354,Winter,2014Winter
ECO66G20,Sensor.Depth.ft,0.732333333333333,2014-12-21,2014,201412,12,1221,355,Winter,2014Winter
ECO66G20,Sensor.Depth.ft,0.731479166666667,2014-12-22,2014,201412,12,1222,356,Winter,2014Winter
ECO66G20,Sensor.Depth.ft,0.846041666666667,2014-12-23,2014,201412,12,1223,357,Winter,2014Winter
ECO66G20,Sensor.Depth.ft,2.08410416666667,2014-12-24,2014,201412,12,1224,358,Winter,2014Winter
ECO66G20,Sensor.Depth.ft,1.5094375,2014-12-25,2014,201412,12,1225,359,Winter,2014Winter
ECO66G20,Sensor.Depth.ft,1.20435416666667,2014-12-26,2014,201412,12,1226,360,Winter,2014Winter
ECO66G20,Sensor.Depth.ft,1.0753125,2014-12-27,2014,201412,12,1227,361,Winter,2014Winter
ECO66G20,Sensor.Depth.ft,1.00372916666667,2014-12-28,2014,201412,12,1228,362,Winter,2014Winter
ECO66G20,Sensor.Depth.ft,1.09066666666667,2014-12-29,2014,201412,12,1229,363,Winter,2014Winter
ECO66G20,Sensor.Depth.ft,1.09502083333333,2014-12-30,2014,201412,12,1230,364,Winter,2014Winter
ECO66G20,Sensor.Depth.ft,1.01745833333333,2014-12-31,2014,201412,12,1231,365,Winter,2014Winter
ECO66G20,Sensor.Depth.ft,0.95775,2015-01-01,2015,201501,01,0101,1,Winter,2015Winter
ECO66G20,Sensor.Depth.ft,0.865125,2015-01-02,2015,201501,01,0102,2,Winter,2015Winter
ECO66G20,Sensor.Depth.ft,0.827291666666667,2015-01-03,2015,201501,01,0103,3,Winter,2015Winter
ECO66G20,Sensor.Depth.ft,1.7895625,2015-01-04,2015,201501,01,0104,4,Winter,2015Winter
ECO66G20,Sensor.Depth.ft,1.49414583333333,2015-01-05,2015,201501,01,0105,5,Winter,2015Winter
ECO66G20,Sensor.Depth.ft,1.22270833333333,2015-01-06,2015,201501,01,0106,6,Winter,2015Winter
ECO66G20,Sensor.Depth.ft,1.25975,2015-01-07,2015,201501,01,0107,7,Winter,2015Winter
ECO66G20,Sensor.Depth.ft,1.12722916666667,2015-01-08,2015,201501,01,0108,8,Winter,2015Winter
ECO66G20,Sensor.Depth.ft,1.19460416666667,2015-01-09,2015,201501,01,0109,9,Winter,2015Winter
ECO66G20,Sensor.Depth.ft,1.025625,2015-01-10,2015,201501,01,0110,10,Winter,2015Winter
ECO66G20,Sensor.Depth.ft,0.831375,2015-01-11,2015,201501,01,0111,11,Winter,2015Winter
ECO66G20,Sensor.Depth.ft,0.775583333333333,2015-01-12,2015,201501,01,0112,12,Winter,2015Winter
ECO66G20,Sensor.Depth.ft,0.816875,2015-01-13,2015,201501,01,0113,13,Winter,2015Winter
ECO66G20,Sensor.Depth.ft,0.830958333333333,2015-01-14,2015,201501,01,0114,14,Winter,2015Winter
ECO66G20,Sensor.Depth.ft,0.826708333333333,2015-01-15,2015,201501,01,0115,15,Winter,2015Winter
ECO66G20,Sensor.Depth.ft,0.7949375,2015-01-16,2015,201501,01,0116,16,Winter,2015Winter
ECO66G20,Sensor.Depth.ft,0.770604166666667,2015-01-17,2015,201501,01,0117,17,Winter,2015Winter
ECO66G20,Sensor.Depth.ft,0.826395833333333,2015-01-18,2015,201501,01,0118,18,Winter,2015Winter
ECO66G20,Sensor.Depth.ft,0.811645833333333,2015-01-19,2015,201501,01,0119,19,Winter,2015Winter
ECO66G20,Sensor.Depth.ft,0.771354166666667,2015-01-20,2015,201501,01,0120,20,Winter,2015Winter
ECO66G20,Sensor.Depth.ft,0.7525,2015-01-21,2015,201501,01,0121,21,Winter,2015Winter
ECO66G20,Sensor.Depth.ft,0.716125,2015-01-22,2015,201501,01,0122,22,Winter,2015Winter
ECO66G20,Sensor.Depth.ft,0.760979166666667,2015-01-23,2015,201501,01,0123,23,Winter,2015Winter
ECO66G20,Sensor.Depth.ft,1.06104166666667,2015-01-24,2015,201501,01,0124,24,Winter,2015Winter
ECO66G20,Sensor.Depth.ft,1.0351875,2015-01-25,2015,201501,01,0125,25,Winter,2015Winter
ECO66G20,Sensor.Depth.ft,0.966958333333333,2015-01-26,2015,201501,01,0126,26,Winter,2015Winter
ECO66G20,Sensor.Depth.ft,0.9234375,2015-01-27,2015,201501,01,0127,27,Winter,2015Winter
ECO66G20,Sensor.Depth.ft,0.948395833333333,2015-01-28,2015,201501,01,0128,28,Winter,2015Winter
ECO66G20,Sensor.Depth.ft,0.827229166666667,2015-01-29,2015,201501,01,0129,29,Winter,2015Winter
ECO66G20,Sensor.Depth.ft,0.906041666666667,2015-01-30,2015,201501,01,0130,30,Winter,2015Winter
ECO66G20,Sensor.Depth.ft,0.838354166666667,2015-01-31,2015,201501,01,0131,31,Winter,2015Winter
ECO66G20,Sensor.Depth.ft,0.725645833333333,2015-02-01,2015,201502,02,0201,32,Winter,2015Winter
ECO66G20,Sensor.Depth.ft,0.790375,2015-02-02,2015,201502,02,0202,33,Winter,2015Winter
ECO66G20,Sensor.Depth.ft,0.7645,2015-02-03,2015,201502,02,0203,34,Winter,2015Winter
ECO66G20,Sensor.Depth.ft,0.7115625,2015-02-04,2015,201502,02,0204,35,Winter,2015Winter
ECO66G20,Sensor.Depth.ft,0.8586875,2015-02-05,2015,201502,02,0205,36,Winter,2015Winter
ECO66G20,Sensor.Depth.ft,0.803708333333333,2015-02-06,2015,201502,02,0206,37,Winter,2015Winter
ECO66G20,Sensor.Depth.ft,0.739458333333333,2015-02-07,2015,201502,02,0207,38,Winter,2015Winter
ECO66G20,Sensor.Depth.ft,0.655458333333333,2015-02-08,2015,201502,02,0208,39,Winter,2015Winter
ECO66G20,Sensor.Depth.ft,0.634270833333333,2015-02-09,2015,201502,02,0209,40,Winter,2015Winter
ECO66G20,Sensor.Depth.ft,0.639375,2015-02-10,2015,201502,02,0210,41,Winter,2015Winter
ECO66G20,Sensor.Depth.ft,0.659083333333333,2015-02-11,2015,201502,02,0211,42,Winter,2015Winter
ECO66G20,Sensor.Depth.ft,0.796708333333333,2015-02-12,2015,201502,02,0212,43,Winter,2015Winter
ECO66G20,Sensor.Depth.ft,0.859354166666667,2015-02-13,2015,201502,02,0213,44,Winter,2015Winter
ECO66G20,Sensor.Depth.ft,0.79,2015-02-14,2015,201502,02,0214,45,Winter,2015Winter
ECO66G20,Sensor.Depth.ft,0.909104166666667,2015-02-15,2015,201502,02,0215,46,Winter,2015Winter
ECO66G20,Sensor.Depth.ft,0.7934375,2015-02-16,2015,201502,02,0216,47,Winter,2015Winter
ECO66G20,Sensor.Depth.ft,1.0549375,2015-02-17,2015,201502,02,0217,48,Winter,2015Winter
ECO66G20,Sensor.Depth.ft,1.00058333333333,2015-02-18,2015,201502,02,0218,49,Winter,2015Winter
ECO66G20,Sensor.Depth.ft,0.982625,2015-02-19,2015,201502,02,0219,50,Winter,2015Winter
ECO66G20,Sensor.Depth.ft,1.06814583333333,2015-02-20,2015,201502,02,0220,51,Winter,2015Winter
ECO66G20,Sensor.Depth.ft,0.747645833333333,2015-02-21,2015,201502,02,0221,52,Winter,2015Winter
ECO66G20,Sensor.Depth.ft,0.785208333333333,2015-02-22,2015,201502,02,0222,53,Winter,2015Winter
ECO66G20,Sensor.Depth.ft,0.8199375,2015-02-23,2015,201502,02,0223,54,Winter,2015Winter
ECO66G20,Sensor.Depth.ft,0.848291666666667,2015-02-24,2015,201502,02,0224,55,Winter,2015Winter
ECO66G20,Sensor.Depth.ft,0.827895833333333,2015-02-25,2015,201502,02,0225,56,Winter,2015Winter
ECO66G20,Sensor.Depth.ft,0.776520833333333,2015-02-26,2015,201502,02,0226,57,Winter,2015Winter
ECO66G20,Sensor.Depth.ft,0.736395833333333,2015-02-27,2015,201502,02,0227,58,Winter,2015Winter
ECO66G20,Sensor.Depth.ft,0.696354166666667,2015-02-28,2015,201502,02,0228,59,Winter,2015Winter
ECO66G20,Sensor.Depth.ft,0.719,2015-03-01,2015,201503,03,0301,60,Spring,2015Spring
ECO66G20,Sensor.Depth.ft,1.01354166666667,2015-03-02,2015,201503,03,0302,61,Spring,2015Spring
ECO66G20,Sensor.Depth.ft,1.17575,2015-03-03,2015,201503,03,0303,62,Spring,2015Spring
ECO66G20,Sensor.Depth.ft,1.37285416666667,2015-03-04,2015,201503,03,0304,63,Spring,2015Spring
ECO66G20,Sensor.Depth.ft,1.4150625,2015-03-05,2015,201503,03,0305,64,Spring,2015Spring
ECO66G20,Sensor.Depth.ft,1.3996875,2015-03-06,2015,201503,03,0306,65,Spring,2015Spring
ECO66G20,Sensor.Depth.ft,1.16354166666667,2015-03-07,2015,201503,03,0307,66,Spring,2015Spring
ECO66G20,Sensor.Depth.ft,1.05022916666667,2015-03-08,2015,201503,03,0308,67,Spring,2015Spring
ECO66G20,Sensor.Depth.ft,0.899354166666667,2015-03-09,2015,201503,03,0309,68,Spring,2015Spring
ECO66G20,Sensor.Depth.ft,0.8541875,2015-03-10,2015,201503,03,0310,69,Spring,2015Spring
ECO66G20,Sensor.Depth.ft,1.03554166666667,2015-03-11,2015,201503,03,0311,70,Spring,2015Spring
ECO66G20,Sensor.Depth.ft,1.27135416666667,2015-03-12,2015,201503,03,0312,71,Spring,2015Spring
ECO66G20,Sensor.Depth.ft,1.08377083333333,2015-03-13,2015,201503,03,0313,72,Spring,2015Spring
ECO66G20,Sensor.Depth.ft,0.9741875,2015-03-14,2015,201503,03,0314,73,Spring,2015Spring
ECO66G20,Sensor.Depth.ft,0.9766875,2015-03-15,2015,201503,03,0315,74,Spring,2015Spring
ECO66G20,Sensor.Depth.ft,0.897347826086957,2015-03-16,2015,201503,03,0316,75,Spring,2015Spring
