SiteID,Parameter,mean,Date,Year,YearMonth,Month,MonthDay,JulianDay,Season,YearSeason
Hunting,Air.Temp.C,20.3426538461538,2014-04-22,2014,201404,04,0422,112,Spring,2014Spring
Hunting,Air.Temp.C,14.020875,2014-04-23,2014,201404,04,0423,113,Spring,2014Spring
Hunting,Air.Temp.C,12.3865625,2014-04-24,2014,201404,04,0424,114,Spring,2014Spring
Hunting,Air.Temp.C,12.097375,2014-04-25,2014,201404,04,0425,115,Spring,2014Spring
Hunting,Air.Temp.C,17.6806458333333,2014-04-26,2014,201404,04,0426,116,Spring,2014Spring
Hunting,Air.Temp.C,18.1189375,2014-04-27,2014,201404,04,0427,117,Spring,2014Spring
Hunting,Air.Temp.C,11.5546458333333,2014-04-28,2014,201404,04,0428,118,Spring,2014Spring
Hunting,Air.Temp.C,8.96945833333333,2014-04-29,2014,201404,04,0429,119,Spring,2014Spring
Hunting,Air.Temp.C,12.8015833333333,2014-04-30,2014,201404,04,0430,120,Spring,2014Spring
Hunting,Air.Temp.C,17.3591041666667,2014-05-01,2014,201405,05,0501,121,Spring,2014Spring
Hunting,Air.Temp.C,14.5194791666667,2014-05-02,2014,201405,05,0502,122,Spring,2014Spring
Hunting,Air.Temp.C,15.3576458333333,2014-05-03,2014,201405,05,0503,123,Spring,2014Spring
Hunting,Air.Temp.C,18.2290416666667,2014-05-04,2014,201405,05,0504,124,Spring,2014Spring
Hunting,Air.Temp.C,13.6307083333333,2014-05-05,2014,201405,05,0505,125,Spring,2014Spring
Hunting,Air.Temp.C,15.2364375,2014-05-06,2014,201405,05,0506,126,Spring,2014Spring
Hunting,Air.Temp.C,17.9521041666667,2014-05-07,2014,201405,05,0507,127,Spring,2014Spring
Hunting,Air.Temp.C,21.18075,2014-05-08,2014,201405,05,0508,128,Spring,2014Spring
Hunting,Air.Temp.C,20.771375,2014-05-09,2014,201405,05,0509,129,Spring,2014Spring
Hunting,Air.Temp.C,18.2015625,2014-05-10,2014,201405,05,0510,130,Spring,2014Spring
Hunting,Air.Temp.C,18.5488541666667,2014-05-11,2014,201405,05,0511,131,Spring,2014Spring
Hunting,Air.Temp.C,20.3342291666667,2014-05-12,2014,201405,05,0512,132,Spring,2014Spring
Hunting,Air.Temp.C,21.9762708333333,2014-05-13,2014,201405,05,0513,133,Spring,2014Spring
Hunting,Air.Temp.C,19.2814791666667,2014-05-14,2014,201405,05,0514,134,Spring,2014Spring
Hunting,Air.Temp.C,17.7801875,2014-05-15,2014,201405,05,0515,135,Spring,2014Spring
Hunting,Air.Temp.C,13.2852916666667,2014-05-16,2014,201405,05,0516,136,Spring,2014Spring
Hunting,Air.Temp.C,12.0449166666667,2014-05-17,2014,201405,05,0517,137,Spring,2014Spring
Hunting,Air.Temp.C,12.2755416666667,2014-05-18,2014,201405,05,0518,138,Spring,2014Spring
Hunting,Air.Temp.C,12.7031666666667,2014-05-19,2014,201405,05,0519,139,Spring,2014Spring
Hunting,Air.Temp.C,16.6662916666667,2014-05-20,2014,201405,05,0520,140,Spring,2014Spring
Hunting,Air.Temp.C,21.4255833333333,2014-05-21,2014,201405,05,0521,141,Spring,2014Spring
Hunting,Air.Temp.C,22.486,2014-05-22,2014,201405,05,0522,142,Spring,2014Spring
Hunting,Air.Temp.C,19.3408958333333,2014-05-23,2014,201405,05,0523,143,Spring,2014Spring
Hunting,Air.Temp.C,17.4222916666667,2014-05-24,2014,201405,05,0524,144,Spring,2014Spring
Hunting,Air.Temp.C,17.6912708333333,2014-05-25,2014,201405,05,0525,145,Spring,2014Spring
Hunting,Air.Temp.C,20.286375,2014-05-26,2014,201405,05,0526,146,Spring,2014Spring
Hunting,Air.Temp.C,22.3450208333333,2014-05-27,2014,201405,05,0527,147,Spring,2014Spring
Hunting,Air.Temp.C,23.1814583333333,2014-05-28,2014,201405,05,0528,148,Spring,2014Spring
Hunting,Air.Temp.C,16.7198125,2014-05-29,2014,201405,05,0529,149,Spring,2014Spring
Hunting,Air.Temp.C,17.098,2014-05-30,2014,201405,05,0530,150,Spring,2014Spring
Hunting,Air.Temp.C,17.4171666666667,2014-05-31,2014,201405,05,0531,151,Spring,2014Spring
Hunting,Air.Temp.C,16.3422916666667,2014-06-01,2014,201406,06,0601,152,Summer,2014Summer
Hunting,Air.Temp.C,17.65425,2014-06-02,2014,201406,06,0602,153,Summer,2014Summer
Hunting,Air.Temp.C,19.6524375,2014-06-03,2014,201406,06,0603,154,Summer,2014Summer
Hunting,Air.Temp.C,21.6897083333333,2014-06-04,2014,201406,06,0604,155,Summer,2014Summer
Hunting,Air.Temp.C,20.4939583333333,2014-06-05,2014,201406,06,0605,156,Summer,2014Summer
Hunting,Air.Temp.C,18.4590625,2014-06-06,2014,201406,06,0606,157,Summer,2014Summer
Hunting,Air.Temp.C,18.7769583333333,2014-06-07,2014,201406,06,0607,158,Summer,2014Summer
Hunting,Air.Temp.C,20.2492291666667,2014-06-08,2014,201406,06,0608,159,Summer,2014Summer
Hunting,Air.Temp.C,20.619375,2014-06-09,2014,201406,06,0609,160,Summer,2014Summer
Hunting,Air.Temp.C,22.1106875,2014-06-10,2014,201406,06,0610,161,Summer,2014Summer
Hunting,Air.Temp.C,20.2386875,2014-06-11,2014,201406,06,0611,162,Summer,2014Summer
Hunting,Air.Temp.C,19.6619166666667,2014-06-12,2014,201406,06,0612,163,Summer,2014Summer
Hunting,Air.Temp.C,19.9155416666667,2014-06-13,2014,201406,06,0613,164,Summer,2014Summer
Hunting,Air.Temp.C,19.5075833333333,2014-06-14,2014,201406,06,0614,165,Summer,2014Summer
Hunting,Air.Temp.C,18.6003541666667,2014-06-15,2014,201406,06,0615,166,Summer,2014Summer
Hunting,Air.Temp.C,21.9183125,2014-06-16,2014,201406,06,0616,167,Summer,2014Summer
Hunting,Air.Temp.C,23.4122291666667,2014-06-17,2014,201406,06,0617,168,Summer,2014Summer
Hunting,Air.Temp.C,25.2984791666667,2014-06-18,2014,201406,06,0618,169,Summer,2014Summer
Hunting,Air.Temp.C,24.3145208333333,2014-06-19,2014,201406,06,0619,170,Summer,2014Summer
Hunting,Air.Temp.C,21.6859166666667,2014-06-20,2014,201406,06,0620,171,Summer,2014Summer
Hunting,Air.Temp.C,21.1389791666667,2014-06-21,2014,201406,06,0621,172,Summer,2014Summer
Hunting,Air.Temp.C,19.7085625,2014-06-22,2014,201406,06,0622,173,Summer,2014Summer
Hunting,Air.Temp.C,19.1384166666667,2014-06-23,2014,201406,06,0623,174,Summer,2014Summer
Hunting,Air.Temp.C,20.5696458333333,2014-06-24,2014,201406,06,0624,175,Summer,2014Summer
Hunting,Air.Temp.C,21.3103333333333,2014-06-25,2014,201406,06,0625,176,Summer,2014Summer
Hunting,Air.Temp.C,21.7684583333333,2014-06-26,2014,201406,06,0626,177,Summer,2014Summer
Hunting,Air.Temp.C,21.5465833333333,2014-06-27,2014,201406,06,0627,178,Summer,2014Summer
Hunting,Air.Temp.C,21.6881875,2014-06-28,2014,201406,06,0628,179,Summer,2014Summer
Hunting,Air.Temp.C,19.4452916666667,2014-06-29,2014,201406,06,0629,180,Summer,2014Summer
Hunting,Air.Temp.C,21.240375,2014-06-30,2014,201406,06,0630,181,Summer,2014Summer
Hunting,Air.Temp.C,24.0566041666667,2014-07-01,2014,201407,07,0701,182,Summer,2014Summer
Hunting,Air.Temp.C,24.7730833333333,2014-07-02,2014,201407,07,0702,183,Summer,2014Summer
Hunting,Air.Temp.C,22.0211458333333,2014-07-03,2014,201407,07,0703,184,Summer,2014Summer
Hunting,Air.Temp.C,19.9133958333333,2014-07-04,2014,201407,07,0704,185,Summer,2014Summer
Hunting,Air.Temp.C,17.4546666666667,2014-07-05,2014,201407,07,0705,186,Summer,2014Summer
Hunting,Air.Temp.C,19.1532291666667,2014-07-06,2014,201407,07,0706,187,Summer,2014Summer
Hunting,Air.Temp.C,22.63725,2014-07-07,2014,201407,07,0707,188,Summer,2014Summer
Hunting,Air.Temp.C,23.9780416666667,2014-07-08,2014,201407,07,0708,189,Summer,2014Summer
Hunting,Air.Temp.C,22.3940833333333,2014-07-09,2014,201407,07,0709,190,Summer,2014Summer
Hunting,Air.Temp.C,21.0051041666667,2014-07-10,2014,201407,07,0710,191,Summer,2014Summer
Hunting,Air.Temp.C,21.4117291666667,2014-07-11,2014,201407,07,0711,192,Summer,2014Summer
Hunting,Air.Temp.C,22.6918541666667,2014-07-12,2014,201407,07,0712,193,Summer,2014Summer
Hunting,Air.Temp.C,24.0183541666667,2014-07-13,2014,201407,07,0713,194,Summer,2014Summer
Hunting,Air.Temp.C,23.3509166666667,2014-07-14,2014,201407,07,0714,195,Summer,2014Summer
Hunting,Air.Temp.C,20.9572083333333,2014-07-15,2014,201407,07,0715,196,Summer,2014Summer
Hunting,Air.Temp.C,19.5018541666667,2014-07-16,2014,201407,07,0716,197,Summer,2014Summer
Hunting,Air.Temp.C,18.8362083333333,2014-07-17,2014,201407,07,0717,198,Summer,2014Summer
Hunting,Air.Temp.C,18.9744791666667,2014-07-18,2014,201407,07,0718,199,Summer,2014Summer
Hunting,Air.Temp.C,18.4219375,2014-07-19,2014,201407,07,0719,200,Summer,2014Summer
Hunting,Air.Temp.C,19.3742083333333,2014-07-20,2014,201407,07,0720,201,Summer,2014Summer
Hunting,Air.Temp.C,20.4616458333333,2014-07-21,2014,201407,07,0721,202,Summer,2014Summer
Hunting,Air.Temp.C,22.0995625,2014-07-22,2014,201407,07,0722,203,Summer,2014Summer
Hunting,Air.Temp.C,23.1599375,2014-07-23,2014,201407,07,0723,204,Summer,2014Summer
Hunting,Air.Temp.C,20.71625,2014-07-24,2014,201407,07,0724,205,Summer,2014Summer
Hunting,Air.Temp.C,19.9058958333333,2014-07-25,2014,201407,07,0725,206,Summer,2014Summer
Hunting,Air.Temp.C,22.31025,2014-07-26,2014,201407,07,0726,207,Summer,2014Summer
Hunting,Air.Temp.C,21.3955625,2014-07-27,2014,201407,07,0727,208,Summer,2014Summer
Hunting,Air.Temp.C,21.4946666666667,2014-07-28,2014,201407,07,0728,209,Summer,2014Summer
Hunting,Air.Temp.C,18.3451666666667,2014-07-29,2014,201407,07,0729,210,Summer,2014Summer
Hunting,Air.Temp.C,17.3593958333333,2014-07-30,2014,201407,07,0730,211,Summer,2014Summer
Hunting,Air.Temp.C,19.3224375,2014-07-31,2014,201407,07,0731,212,Summer,2014Summer
Hunting,Air.Temp.C,17.7935416666667,2014-08-01,2014,201408,08,0801,213,Summer,2014Summer
Hunting,Air.Temp.C,17.8727708333333,2014-08-02,2014,201408,08,0802,214,Summer,2014Summer
Hunting,Air.Temp.C,19.2606875,2014-08-03,2014,201408,08,0803,215,Summer,2014Summer
Hunting,Air.Temp.C,19.9693333333333,2014-08-04,2014,201408,08,0804,216,Summer,2014Summer
Hunting,Air.Temp.C,21.152125,2014-08-05,2014,201408,08,0805,217,Summer,2014Summer
Hunting,Air.Temp.C,20.8370416666667,2014-08-06,2014,201408,08,0806,218,Summer,2014Summer
Hunting,Air.Temp.C,21.2235208333333,2014-08-07,2014,201408,08,0807,219,Summer,2014Summer
Hunting,Air.Temp.C,19.444875,2014-08-08,2014,201408,08,0808,220,Summer,2014Summer
Hunting,Air.Temp.C,17.9522708333333,2014-08-09,2014,201408,08,0809,221,Summer,2014Summer
Hunting,Air.Temp.C,18.2840833333333,2014-08-10,2014,201408,08,0810,222,Summer,2014Summer
Hunting,Air.Temp.C,18.7462916666667,2014-08-11,2014,201408,08,0811,223,Summer,2014Summer
Hunting,Air.Temp.C,19.4998333333333,2014-08-12,2014,201408,08,0812,224,Summer,2014Summer
Hunting,Air.Temp.C,18.6602708333333,2014-08-13,2014,201408,08,0813,225,Summer,2014Summer
Hunting,Air.Temp.C,18.3350625,2014-08-14,2014,201408,08,0814,226,Summer,2014Summer
Hunting,Air.Temp.C,18.9381875,2014-08-15,2014,201408,08,0815,227,Summer,2014Summer
Hunting,Air.Temp.C,18.3908958333333,2014-08-16,2014,201408,08,0816,228,Summer,2014Summer
Hunting,Air.Temp.C,20.805125,2014-08-17,2014,201408,08,0817,229,Summer,2014Summer
Hunting,Air.Temp.C,19.6111458333333,2014-08-18,2014,201408,08,0818,230,Summer,2014Summer
Hunting,Air.Temp.C,20.8040416666667,2014-08-19,2014,201408,08,0819,231,Summer,2014Summer
Hunting,Air.Temp.C,21.0823541666667,2014-08-20,2014,201408,08,0820,232,Summer,2014Summer
Hunting,Air.Temp.C,21.3975,2014-08-21,2014,201408,08,0821,233,Summer,2014Summer
Hunting,Air.Temp.C,21.102875,2014-08-22,2014,201408,08,0822,234,Summer,2014Summer
Hunting,Air.Temp.C,20.9436666666667,2014-08-23,2014,201408,08,0823,235,Summer,2014Summer
Hunting,Air.Temp.C,18.226625,2014-08-24,2014,201408,08,0824,236,Summer,2014Summer
Hunting,Air.Temp.C,17.4989583333333,2014-08-25,2014,201408,08,0825,237,Summer,2014Summer
Hunting,Air.Temp.C,17.7653333333333,2014-08-26,2014,201408,08,0826,238,Summer,2014Summer
Hunting,Air.Temp.C,19.2302291666667,2014-08-27,2014,201408,08,0827,239,Summer,2014Summer
Hunting,Air.Temp.C,22.2585416666667,2014-08-28,2014,201408,08,0828,240,Summer,2014Summer
Hunting,Air.Temp.C,19.343375,2014-08-29,2014,201408,08,0829,241,Summer,2014Summer
Hunting,Air.Temp.C,22.1545416666667,2014-08-30,2014,201408,08,0830,242,Summer,2014Summer
Hunting,Air.Temp.C,23.1294791666667,2014-08-31,2014,201408,08,0831,243,Summer,2014Summer
Hunting,Air.Temp.C,22.5445416666667,2014-09-01,2014,201409,09,0901,244,Fall,2014Fall
Hunting,Air.Temp.C,23.5928125,2014-09-02,2014,201409,09,0902,245,Fall,2014Fall
Hunting,Air.Temp.C,21.3737083333333,2014-09-03,2014,201409,09,0903,246,Fall,2014Fall
Hunting,Air.Temp.C,21.9049791666667,2014-09-04,2014,201409,09,0904,247,Fall,2014Fall
Hunting,Air.Temp.C,21.942125,2014-09-05,2014,201409,09,0905,248,Fall,2014Fall
Hunting,Air.Temp.C,22.1470208333333,2014-09-06,2014,201409,09,0906,249,Fall,2014Fall
Hunting,Air.Temp.C,19.5784166666667,2014-09-07,2014,201409,09,0907,250,Fall,2014Fall
Hunting,Air.Temp.C,17.3368333333333,2014-09-08,2014,201409,09,0908,251,Fall,2014Fall
Hunting,Air.Temp.C,18.1559166666667,2014-09-09,2014,201409,09,0909,252,Fall,2014Fall
Hunting,Air.Temp.C,19.51725,2014-09-10,2014,201409,09,0910,253,Fall,2014Fall
Hunting,Air.Temp.C,21.4166041666667,2014-09-11,2014,201409,09,0911,254,Fall,2014Fall
Hunting,Air.Temp.C,19.0788125,2014-09-12,2014,201409,09,0912,255,Fall,2014Fall
Hunting,Air.Temp.C,17.4354583333333,2014-09-13,2014,201409,09,0913,256,Fall,2014Fall
Hunting,Air.Temp.C,14.9458333333333,2014-09-14,2014,201409,09,0914,257,Fall,2014Fall
Hunting,Air.Temp.C,16.5083958333333,2014-09-15,2014,201409,09,0915,258,Fall,2014Fall
Hunting,Air.Temp.C,18.3734791666667,2014-09-16,2014,201409,09,0916,259,Fall,2014Fall
Hunting,Air.Temp.C,15.5763541666667,2014-09-17,2014,201409,09,0917,260,Fall,2014Fall
Hunting,Air.Temp.C,16.7264166666667,2014-09-18,2014,201409,09,0918,261,Fall,2014Fall
Hunting,Air.Temp.C,15.8324791666667,2014-09-19,2014,201409,09,0919,262,Fall,2014Fall
Hunting,Air.Temp.C,16.9460416666667,2014-09-20,2014,201409,09,0920,263,Fall,2014Fall
Hunting,Air.Temp.C,19.0086041666667,2014-09-21,2014,201409,09,0921,264,Fall,2014Fall
Hunting,Air.Temp.C,16.6541666666667,2014-09-22,2014,201409,09,0922,265,Fall,2014Fall
Hunting,Air.Temp.C,12.606125,2014-09-23,2014,201409,09,0923,266,Fall,2014Fall
Hunting,Air.Temp.C,13.6793958333333,2014-09-24,2014,201409,09,0924,267,Fall,2014Fall
Hunting,Air.Temp.C,17.1208333333333,2014-09-25,2014,201409,09,0925,268,Fall,2014Fall
Hunting,Air.Temp.C,17.6082291666667,2014-09-26,2014,201409,09,0926,269,Fall,2014Fall
Hunting,Air.Temp.C,16.1041041666667,2014-09-27,2014,201409,09,0927,270,Fall,2014Fall
Hunting,Air.Temp.C,16.4801041666667,2014-09-28,2014,201409,09,0928,271,Fall,2014Fall
Hunting,Air.Temp.C,17.1967708333333,2014-09-29,2014,201409,09,0929,272,Fall,2014Fall
Hunting,Air.Temp.C,17.6633125,2014-09-30,2014,201409,09,0930,273,Fall,2014Fall
Hunting,Air.Temp.C,17.648125,2014-10-01,2014,201410,10,1001,274,Fall,2014Fall
Hunting,Air.Temp.C,18.0645,2014-10-02,2014,201410,10,1002,275,Fall,2014Fall
Hunting,Air.Temp.C,18.0891458333333,2014-10-03,2014,201410,10,1003,276,Fall,2014Fall
Hunting,Air.Temp.C,12.4117916666667,2014-10-04,2014,201410,10,1004,277,Fall,2014Fall
Hunting,Air.Temp.C,9.23404166666667,2014-10-05,2014,201410,10,1005,278,Fall,2014Fall
Hunting,Air.Temp.C,12.30025,2014-10-06,2014,201410,10,1006,279,Fall,2014Fall
Hunting,Air.Temp.C,14.2293333333333,2014-10-07,2014,201410,10,1007,280,Fall,2014Fall
Hunting,Air.Temp.C,15.3214166666667,2014-10-08,2014,201410,10,1008,281,Fall,2014Fall
Hunting,Air.Temp.C,14.2845416666667,2014-10-09,2014,201410,10,1009,282,Fall,2014Fall
Hunting,Air.Temp.C,13.7609166666667,2014-10-10,2014,201410,10,1010,283,Fall,2014Fall
Hunting,Air.Temp.C,13.8209791666667,2014-10-11,2014,201410,10,1011,284,Fall,2014Fall
Hunting,Air.Temp.C,11.1543958333333,2014-10-12,2014,201410,10,1012,285,Fall,2014Fall
Hunting,Air.Temp.C,13.0690208333333,2014-10-13,2014,201410,10,1013,286,Fall,2014Fall
Hunting,Air.Temp.C,19.1387291666667,2014-10-14,2014,201410,10,1014,287,Fall,2014Fall
Hunting,Air.Temp.C,15.9511458333333,2014-10-15,2014,201410,10,1015,288,Fall,2014Fall
Hunting,Air.Temp.C,13.0701458333333,2014-10-16,2014,201410,10,1016,289,Fall,2014Fall
Hunting,Air.Temp.C,14.3281875,2014-10-17,2014,201410,10,1017,290,Fall,2014Fall
Hunting,Air.Temp.C,14.5370625,2014-10-18,2014,201410,10,1018,291,Fall,2014Fall
Hunting,Air.Temp.C,10.33525,2014-10-19,2014,201410,10,1019,292,Fall,2014Fall
Hunting,Air.Temp.C,10.6633333333333,2014-10-20,2014,201410,10,1020,293,Fall,2014Fall
Hunting,Air.Temp.C,12.6061666666667,2014-10-21,2014,201410,10,1021,294,Fall,2014Fall
Hunting,Air.Temp.C,10.9410208333333,2014-10-22,2014,201410,10,1022,295,Fall,2014Fall
Hunting,Air.Temp.C,11.8365208333333,2014-10-23,2014,201410,10,1023,296,Fall,2014Fall
Hunting,Air.Temp.C,13.226625,2014-10-24,2014,201410,10,1024,297,Fall,2014Fall
Hunting,Air.Temp.C,14.0916875,2014-10-25,2014,201410,10,1025,298,Fall,2014Fall
Hunting,Air.Temp.C,15.907875,2014-10-26,2014,201410,10,1026,299,Fall,2014Fall
Hunting,Air.Temp.C,15.0884791666667,2014-10-27,2014,201410,10,1027,300,Fall,2014Fall
Hunting,Air.Temp.C,17.8145833333333,2014-10-28,2014,201410,10,1028,301,Fall,2014Fall
Hunting,Air.Temp.C,14.6225208333333,2014-10-29,2014,201410,10,1029,302,Fall,2014Fall
Hunting,Air.Temp.C,9.31925,2014-10-30,2014,201410,10,1030,303,Fall,2014Fall
Hunting,Air.Temp.C,6.953,2014-10-31,2014,201410,10,1031,304,Fall,2014Fall
Hunting,Air.Temp.C,6.73964583333333,2014-11-01,2014,201411,11,1101,305,Fall,2014Fall
Hunting,Air.Temp.C,4.603125,2014-11-02,2014,201411,11,1102,306,Fall,2014Fall
Hunting,Air.Temp.C,8.0396875,2014-11-03,2014,201411,11,1103,307,Fall,2014Fall
Hunting,Air.Temp.C,14.209375,2014-11-04,2014,201411,11,1104,308,Fall,2014Fall
Hunting,Air.Temp.C,14.4028541666667,2014-11-05,2014,201411,11,1105,309,Fall,2014Fall
Hunting,Air.Temp.C,12.4790625,2014-11-06,2014,201411,11,1106,310,Fall,2014Fall
Hunting,Air.Temp.C,7.30333333333333,2014-11-07,2014,201411,11,1107,311,Fall,2014Fall
Hunting,Air.Temp.C,4.0943125,2014-11-08,2014,201411,11,1108,312,Fall,2014Fall
Hunting,Air.Temp.C,8.31429166666667,2014-11-09,2014,201411,11,1109,313,Fall,2014Fall
Hunting,Air.Temp.C,8.27089583333333,2014-11-10,2014,201411,11,1110,314,Fall,2014Fall
Hunting,Air.Temp.C,9.0633125,2014-11-11,2014,201411,11,1111,315,Fall,2014Fall
Hunting,Air.Temp.C,12.50325,2014-11-12,2014,201411,11,1112,316,Fall,2014Fall
Hunting,Air.Temp.C,6.1570625,2014-11-13,2014,201411,11,1113,317,Fall,2014Fall
Hunting,Air.Temp.C,-0.3100625,2014-11-14,2014,201411,11,1114,318,Fall,2014Fall
Hunting,Air.Temp.C,-0.7195625,2014-11-15,2014,201411,11,1115,319,Fall,2014Fall
Hunting,Air.Temp.C,2.84877083333333,2014-11-16,2014,201411,11,1116,320,Fall,2014Fall
Hunting,Air.Temp.C,4.956625,2014-11-17,2014,201411,11,1117,321,Fall,2014Fall
Hunting,Air.Temp.C,-4.19741666666667,2014-11-18,2014,201411,11,1118,322,Fall,2014Fall
Hunting,Air.Temp.C,-2.65097916666667,2014-11-19,2014,201411,11,1119,323,Fall,2014Fall
Hunting,Air.Temp.C,4.14433333333333,2014-11-20,2014,201411,11,1120,324,Fall,2014Fall
Hunting,Air.Temp.C,-0.947625,2014-11-21,2014,201411,11,1121,325,Fall,2014Fall
Hunting,Air.Temp.C,-0.266020833333333,2014-11-22,2014,201411,11,1122,326,Fall,2014Fall
Hunting,Air.Temp.C,4.398125,2014-11-23,2014,201411,11,1123,327,Fall,2014Fall
Hunting,Air.Temp.C,13.8281458333333,2014-11-24,2014,201411,11,1124,328,Fall,2014Fall
Hunting,Air.Temp.C,10.2592916666667,2014-11-25,2014,201411,11,1125,329,Fall,2014Fall
Hunting,Air.Temp.C,3.4584375,2014-11-26,2014,201411,11,1126,330,Fall,2014Fall
Hunting,Air.Temp.C,2.1838125,2014-11-27,2014,201411,11,1127,331,Fall,2014Fall
Hunting,Air.Temp.C,-0.788458333333333,2014-11-28,2014,201411,11,1128,332,Fall,2014Fall
Hunting,Air.Temp.C,0.664020833333333,2014-11-29,2014,201411,11,1129,333,Fall,2014Fall
Hunting,Air.Temp.C,6.30091666666667,2014-11-30,2014,201411,11,1130,334,Fall,2014Fall
Hunting,Air.Temp.C,12.8351458333333,2014-12-01,2014,201412,12,1201,335,Winter,2014Winter
Hunting,Air.Temp.C,3.32004166666667,2014-12-02,2014,201412,12,1202,336,Winter,2014Winter
Hunting,Air.Temp.C,5.68485416666667,2014-12-03,2014,201412,12,1203,337,Winter,2014Winter
Hunting,Air.Temp.C,3.72927083333333,2014-12-04,2014,201412,12,1204,338,Winter,2014Winter
Hunting,Air.Temp.C,2.81697916666667,2014-12-05,2014,201412,12,1205,339,Winter,2014Winter
Hunting,Air.Temp.C,7.41558333333333,2014-12-06,2014,201412,12,1206,340,Winter,2014Winter
Hunting,Air.Temp.C,3.95125,2014-12-07,2014,201412,12,1207,341,Winter,2014Winter
Hunting,Air.Temp.C,0.671458333333333,2014-12-08,2014,201412,12,1208,342,Winter,2014Winter
Hunting,Air.Temp.C,4.75572916666667,2014-12-09,2014,201412,12,1209,343,Winter,2014Winter
Hunting,Air.Temp.C,4.1605,2014-12-10,2014,201412,12,1210,344,Winter,2014Winter
Hunting,Air.Temp.C,1.10914583333333,2014-12-11,2014,201412,12,1211,345,Winter,2014Winter
Hunting,Air.Temp.C,4.68797916666667,2014-12-12,2014,201412,12,1212,346,Winter,2014Winter
Hunting,Air.Temp.C,7.79379166666667,2014-12-13,2014,201412,12,1213,347,Winter,2014Winter
Hunting,Air.Temp.C,6.6525625,2014-12-14,2014,201412,12,1214,348,Winter,2014Winter
Hunting,Air.Temp.C,4.39604166666667,2014-12-15,2014,201412,12,1215,349,Winter,2014Winter
Hunting,Air.Temp.C,5.05035416666667,2014-12-16,2014,201412,12,1216,350,Winter,2014Winter
Hunting,Air.Temp.C,6.71141666666667,2014-12-17,2014,201412,12,1217,351,Winter,2014Winter
Hunting,Air.Temp.C,2.3091875,2014-12-18,2014,201412,12,1218,352,Winter,2014Winter
Hunting,Air.Temp.C,2.414375,2014-12-19,2014,201412,12,1219,353,Winter,2014Winter
Hunting,Air.Temp.C,-0.228083333333333,2014-12-20,2014,201412,12,1220,354,Winter,2014Winter
Hunting,Air.Temp.C,2.05570833333333,2014-12-21,2014,201412,12,1221,355,Winter,2014Winter
Hunting,Air.Temp.C,1.390625,2014-12-22,2014,201412,12,1222,356,Winter,2014Winter
Hunting,Air.Temp.C,4.3435,2014-12-23,2014,201412,12,1223,357,Winter,2014Winter
Hunting,Air.Temp.C,8.15945833333333,2014-12-24,2014,201412,12,1224,358,Winter,2014Winter
Hunting,Air.Temp.C,6.75354166666667,2014-12-25,2014,201412,12,1225,359,Winter,2014Winter
Hunting,Air.Temp.C,3.08579166666667,2014-12-26,2014,201412,12,1226,360,Winter,2014Winter
Hunting,Air.Temp.C,7.03502083333333,2014-12-27,2014,201412,12,1227,361,Winter,2014Winter
Hunting,Air.Temp.C,9.41579166666667,2014-12-28,2014,201412,12,1228,362,Winter,2014Winter
Hunting,Air.Temp.C,4.5919375,2014-12-29,2014,201412,12,1229,363,Winter,2014Winter
Hunting,Air.Temp.C,0.689479166666667,2014-12-30,2014,201412,12,1230,364,Winter,2014Winter
Hunting,Air.Temp.C,-1.18408333333333,2014-12-31,2014,201412,12,1231,365,Winter,2014Winter
Hunting,Air.Temp.C,1.35908333333333,2015-01-01,2015,201501,01,0101,1,Winter,2015Winter
Hunting,Air.Temp.C,4.93245833333333,2015-01-02,2015,201501,01,0102,2,Winter,2015Winter
Hunting,Air.Temp.C,3.27545833333333,2015-01-03,2015,201501,01,0103,3,Winter,2015Winter
Hunting,Air.Temp.C,10.5543958333333,2015-01-04,2015,201501,01,0104,4,Winter,2015Winter
Hunting,Air.Temp.C,1.5034375,2015-01-05,2015,201501,01,0105,5,Winter,2015Winter
Hunting,Air.Temp.C,-0.768395833333333,2015-01-06,2015,201501,01,0106,6,Winter,2015Winter
Hunting,Air.Temp.C,-5.47927083333333,2015-01-07,2015,201501,01,0107,7,Winter,2015Winter
Hunting,Air.Temp.C,-10.3826666666667,2015-01-08,2015,201501,01,0108,8,Winter,2015Winter
Hunting,Air.Temp.C,-2.2685625,2015-01-09,2015,201501,01,0109,9,Winter,2015Winter
Hunting,Air.Temp.C,-6.63989583333333,2015-01-10,2015,201501,01,0110,10,Winter,2015Winter
Hunting,Air.Temp.C,-3.05358333333333,2015-01-11,2015,201501,01,0111,11,Winter,2015Winter
Hunting,Air.Temp.C,2.94441666666667,2015-01-12,2015,201501,01,0112,12,Winter,2015Winter
Hunting,Air.Temp.C,1.288375,2015-01-13,2015,201501,01,0113,13,Winter,2015Winter
Hunting,Air.Temp.C,-1.69216666666667,2015-01-14,2015,201501,01,0114,14,Winter,2015Winter
Hunting,Air.Temp.C,-0.466958333333333,2015-01-15,2015,201501,01,0115,15,Winter,2015Winter
Hunting,Air.Temp.C,2.2938125,2015-01-16,2015,201501,01,0116,16,Winter,2015Winter
Hunting,Air.Temp.C,0.4561875,2015-01-17,2015,201501,01,0117,17,Winter,2015Winter
Hunting,Air.Temp.C,3.79929166666667,2015-01-18,2015,201501,01,0118,18,Winter,2015Winter
Hunting,Air.Temp.C,5.5261875,2015-01-19,2015,201501,01,0119,19,Winter,2015Winter
Hunting,Air.Temp.C,4.31133333333333,2015-01-20,2015,201501,01,0120,20,Winter,2015Winter
Hunting,Air.Temp.C,3.65960416666667,2015-01-21,2015,201501,01,0121,21,Winter,2015Winter
Hunting,Air.Temp.C,3.8909375,2015-01-22,2015,201501,01,0122,22,Winter,2015Winter
Hunting,Air.Temp.C,0.0287916666666667,2015-01-23,2015,201501,01,0123,23,Winter,2015Winter
Hunting,Air.Temp.C,1.46495833333333,2015-01-24,2015,201501,01,0124,24,Winter,2015Winter
Hunting,Air.Temp.C,3.39852083333333,2015-01-25,2015,201501,01,0125,25,Winter,2015Winter
Hunting,Air.Temp.C,2.99958333333333,2015-01-26,2015,201501,01,0126,26,Winter,2015Winter
Hunting,Air.Temp.C,-1.0715,2015-01-27,2015,201501,01,0127,27,Winter,2015Winter
Hunting,Air.Temp.C,-1.72016666666667,2015-01-28,2015,201501,01,0128,28,Winter,2015Winter
Hunting,Air.Temp.C,-0.0281666666666666,2015-01-29,2015,201501,01,0129,29,Winter,2015Winter
Hunting,Air.Temp.C,0.894125,2015-01-30,2015,201501,01,0130,30,Winter,2015Winter
Hunting,Air.Temp.C,-0.980083333333333,2015-01-31,2015,201501,01,0131,31,Winter,2015Winter
Hunting,Air.Temp.C,3.9990625,2015-02-01,2015,201502,02,0201,32,Winter,2015Winter
Hunting,Air.Temp.C,3.6646875,2015-02-02,2015,201502,02,0202,33,Winter,2015Winter
Hunting,Air.Temp.C,-2.98489583333333,2015-02-03,2015,201502,02,0203,34,Winter,2015Winter
Hunting,Air.Temp.C,1.93177083333333,2015-02-04,2015,201502,02,0204,35,Winter,2015Winter
Hunting,Air.Temp.C,0.500645833333333,2015-02-05,2015,201502,02,0205,36,Winter,2015Winter
Hunting,Air.Temp.C,-2.92016666666667,2015-02-06,2015,201502,02,0206,37,Winter,2015Winter
Hunting,Air.Temp.C,4.28310416666667,2015-02-07,2015,201502,02,0207,38,Winter,2015Winter
Hunting,Air.Temp.C,9.57033333333333,2015-02-08,2015,201502,02,0208,39,Winter,2015Winter
Hunting,Air.Temp.C,10.9019166666667,2015-02-09,2015,201502,02,0209,40,Winter,2015Winter
Hunting,Air.Temp.C,3.57352083333333,2015-02-10,2015,201502,02,0210,41,Winter,2015Winter
Hunting,Air.Temp.C,2.4346875,2015-02-11,2015,201502,02,0211,42,Winter,2015Winter
Hunting,Air.Temp.C,1.61920833333333,2015-02-12,2015,201502,02,0212,43,Winter,2015Winter
Hunting,Air.Temp.C,-6.23470833333333,2015-02-13,2015,201502,02,0213,44,Winter,2015Winter
Hunting,Air.Temp.C,-1.8826875,2015-02-14,2015,201502,02,0214,45,Winter,2015Winter
Hunting,Air.Temp.C,-10.6843958333333,2015-02-15,2015,201502,02,0215,46,Winter,2015Winter
Hunting,Air.Temp.C,-10.19525,2015-02-16,2015,201502,02,0216,47,Winter,2015Winter
Hunting,Air.Temp.C,-5.61547916666667,2015-02-17,2015,201502,02,0217,48,Winter,2015Winter
Hunting,Air.Temp.C,-5.98366666666667,2015-02-18,2015,201502,02,0218,49,Winter,2015Winter
Hunting,Air.Temp.C,-13.2592083333333,2015-02-19,2015,201502,02,0219,50,Winter,2015Winter
Hunting,Air.Temp.C,-13.8022708333333,2015-02-20,2015,201502,02,0220,51,Winter,2015Winter
Hunting,Air.Temp.C,-7.87316666666667,2015-02-21,2015,201502,02,0221,52,Winter,2015Winter
Hunting,Air.Temp.C,2.42735416666667,2015-02-22,2015,201502,02,0222,53,Winter,2015Winter
Hunting,Air.Temp.C,0.84375,2015-02-23,2015,201502,02,0223,54,Winter,2015Winter
Hunting,Air.Temp.C,-6.04385416666667,2015-02-24,2015,201502,02,0224,55,Winter,2015Winter
Hunting,Air.Temp.C,-1.08460416666667,2015-02-25,2015,201502,02,0225,56,Winter,2015Winter
Hunting,Air.Temp.C,0.069125,2015-02-26,2015,201502,02,0226,57,Winter,2015Winter
Hunting,Air.Temp.C,-1.56589583333333,2015-02-27,2015,201502,02,0227,58,Winter,2015Winter
Hunting,Air.Temp.C,-4.9384375,2015-02-28,2015,201502,02,0228,59,Winter,2015Winter
Hunting,Air.Temp.C,-2.2876875,2015-03-01,2015,201503,03,0301,60,Spring,2015Spring
Hunting,Air.Temp.C,5.92414583333333,2015-03-02,2015,201503,03,0302,61,Spring,2015Spring
Hunting,Air.Temp.C,0.0466458333333333,2015-03-03,2015,201503,03,0303,62,Spring,2015Spring
Hunting,Air.Temp.C,4.59227083333333,2015-03-04,2015,201503,03,0304,63,Spring,2015Spring
Hunting,Air.Temp.C,1.6569375,2015-03-05,2015,201503,03,0305,64,Spring,2015Spring
Hunting,Air.Temp.C,-5.52272916666667,2015-03-06,2015,201503,03,0306,65,Spring,2015Spring
Hunting,Air.Temp.C,1.9131875,2015-03-07,2015,201503,03,0307,66,Spring,2015Spring
Hunting,Air.Temp.C,8.19272916666667,2015-03-08,2015,201503,03,0308,67,Spring,2015Spring
Hunting,Air.Temp.C,9.9059375,2015-03-09,2015,201503,03,0309,68,Spring,2015Spring
Hunting,Air.Temp.C,9.89235416666667,2015-03-10,2015,201503,03,0310,69,Spring,2015Spring
Hunting,Air.Temp.C,15.3956875,2015-03-11,2015,201503,03,0311,70,Spring,2015Spring
Hunting,Air.Temp.C,10.268125,2015-03-12,2015,201503,03,0312,71,Spring,2015Spring
Hunting,Air.Temp.C,5.514,2015-03-13,2015,201503,03,0313,72,Spring,2015Spring
Hunting,Air.Temp.C,8.56002083333333,2015-03-14,2015,201503,03,0314,73,Spring,2015Spring
Hunting,Air.Temp.C,12.4571041666667,2015-03-15,2015,201503,03,0315,74,Spring,2015Spring
Hunting,Air.Temp.C,15.6357291666667,2015-03-16,2015,201503,03,0316,75,Spring,2015Spring
Hunting,Air.Temp.C,16.3743125,2015-03-17,2015,201503,03,0317,76,Spring,2015Spring
Hunting,Air.Temp.C,6.61995833333333,2015-03-18,2015,201503,03,0318,77,Spring,2015Spring
Hunting,Air.Temp.C,3.99175,2015-03-19,2015,201503,03,0319,78,Spring,2015Spring
Hunting,Air.Temp.C,3.85620833333333,2015-03-20,2015,201503,03,0320,79,Spring,2015Spring
Hunting,Air.Temp.C,10.4898541666667,2015-03-21,2015,201503,03,0321,80,Spring,2015Spring
Hunting,Air.Temp.C,13.5438125,2015-03-22,2015,201503,03,0322,81,Spring,2015Spring
Hunting,Air.Temp.C,8.12114583333333,2015-03-23,2015,201503,03,0323,82,Spring,2015Spring
Hunting,Air.Temp.C,7.0941875,2015-03-24,2015,201503,03,0324,83,Spring,2015Spring
Hunting,Air.Temp.C,5.94377083333333,2015-03-25,2015,201503,03,0325,84,Spring,2015Spring
Hunting,Air.Temp.C,13.4457291666667,2015-03-26,2015,201503,03,0326,85,Spring,2015Spring
Hunting,Air.Temp.C,6.26089583333333,2015-03-27,2015,201503,03,0327,86,Spring,2015Spring
Hunting,Air.Temp.C,-0.381666666666667,2015-03-28,2015,201503,03,0328,87,Spring,2015Spring
Hunting,Air.Temp.C,2.04397916666667,2015-03-29,2015,201503,03,0329,88,Spring,2015Spring
Hunting,Air.Temp.C,9.19595833333333,2015-03-30,2015,201503,03,0330,89,Spring,2015Spring
Hunting,Air.Temp.C,13.7627916666667,2015-03-31,2015,201503,03,0331,90,Spring,2015Spring
Hunting,Air.Temp.C,10.9286458333333,2015-04-01,2015,201504,04,0401,91,Spring,2015Spring
Hunting,Air.Temp.C,12.9602916666667,2015-04-02,2015,201504,04,0402,92,Spring,2015Spring
Hunting,Air.Temp.C,17.9946875,2015-04-03,2015,201504,04,0403,93,Spring,2015Spring
Hunting,Air.Temp.C,10.9837708333333,2015-04-04,2015,201504,04,0404,94,Spring,2015Spring
Hunting,Air.Temp.C,9.93427083333333,2015-04-05,2015,201504,04,0405,95,Spring,2015Spring
Hunting,Air.Temp.C,15.4584375,2015-04-06,2015,201504,04,0406,96,Spring,2015Spring
Hunting,Air.Temp.C,16.4715416666667,2015-04-07,2015,201504,04,0407,97,Spring,2015Spring
Hunting,Air.Temp.C,16.2883125,2015-04-08,2015,201504,04,0408,98,Spring,2015Spring
Hunting,Air.Temp.C,12.3101875,2015-04-09,2015,201504,04,0409,99,Spring,2015Spring
Hunting,Air.Temp.C,15.3500208333333,2015-04-10,2015,201504,04,0410,100,Spring,2015Spring
Hunting,Air.Temp.C,15.1677708333333,2015-04-11,2015,201504,04,0411,101,Spring,2015Spring
Hunting,Air.Temp.C,12.2762708333333,2015-04-12,2015,201504,04,0412,102,Spring,2015Spring
Hunting,Air.Temp.C,17.5172083333333,2015-04-13,2015,201504,04,0413,103,Spring,2015Spring
Hunting,Air.Temp.C,15.6116458333333,2015-04-14,2015,201504,04,0414,104,Spring,2015Spring
Hunting,Air.Temp.C,11.93375,2015-04-15,2015,201504,04,0415,105,Spring,2015Spring
Hunting,Air.Temp.C,11.3894375,2015-04-16,2015,201504,04,0416,106,Spring,2015Spring
Hunting,Air.Temp.C,16.792875,2015-04-17,2015,201504,04,0417,107,Spring,2015Spring
Hunting,Air.Temp.C,18.5532916666667,2015-04-18,2015,201504,04,0418,108,Spring,2015Spring
Hunting,Air.Temp.C,14.4812916666667,2015-04-19,2015,201504,04,0419,109,Spring,2015Spring
Hunting,Air.Temp.C,15.8577291666667,2015-04-20,2015,201504,04,0420,110,Spring,2015Spring
Hunting,Air.Temp.C,12.8256041666667,2015-04-21,2015,201504,04,0421,111,Spring,2015Spring
Hunting,Air.Temp.C,14.0045833333333,2015-04-22,2015,201504,04,0422,112,Spring,2015Spring
Hunting,Air.Temp.C,10.6229583333333,2015-04-23,2015,201504,04,0423,113,Spring,2015Spring
Hunting,Air.Temp.C,10.9795625,2015-04-24,2015,201504,04,0424,114,Spring,2015Spring
Hunting,Air.Temp.C,6.64870833333333,2015-04-25,2015,201504,04,0425,115,Spring,2015Spring
Hunting,Air.Temp.C,6.90375,2015-04-26,2015,201504,04,0426,116,Spring,2015Spring
Hunting,Air.Temp.C,9.5388125,2015-04-27,2015,201504,04,0427,117,Spring,2015Spring
Hunting,Air.Temp.C,11.6573958333333,2015-04-28,2015,201504,04,0428,118,Spring,2015Spring
Hunting,Air.Temp.C,14.1661666666667,2015-04-29,2015,201504,04,0429,119,Spring,2015Spring
Hunting,Air.Temp.C,13.5375,2015-04-30,2015,201504,04,0430,120,Spring,2015Spring
Hunting,Air.Temp.C,11.40125,2015-05-01,2015,201505,05,0501,121,Spring,2015Spring
Hunting,Air.Temp.C,13.7803125,2015-05-02,2015,201505,05,0502,122,Spring,2015Spring
Hunting,Air.Temp.C,15.6988541666667,2015-05-03,2015,201505,05,0503,123,Spring,2015Spring
Hunting,Air.Temp.C,18.5010833333333,2015-05-04,2015,201505,05,0504,124,Spring,2015Spring
Hunting,Air.Temp.C,18.9515,2015-05-05,2015,201505,05,0505,125,Spring,2015Spring
Hunting,Air.Temp.C,19.5372708333333,2015-05-06,2015,201505,05,0506,126,Spring,2015Spring
Hunting,Air.Temp.C,18.9275208333333,2015-05-07,2015,201505,05,0507,127,Spring,2015Spring
Hunting,Air.Temp.C,19.5059583333333,2015-05-08,2015,201505,05,0508,128,Spring,2015Spring
Hunting,Air.Temp.C,18.9204791666667,2015-05-09,2015,201505,05,0509,129,Spring,2015Spring
Hunting,Air.Temp.C,20.2405208333333,2015-05-10,2015,201505,05,0510,130,Spring,2015Spring
Hunting,Air.Temp.C,21.7463125,2015-05-11,2015,201505,05,0511,131,Spring,2015Spring
Hunting,Air.Temp.C,22.4928958333333,2015-05-12,2015,201505,05,0512,132,Spring,2015Spring
Hunting,Air.Temp.C,17.5999791666667,2015-05-13,2015,201505,05,0513,133,Spring,2015Spring
Hunting,Air.Temp.C,12.6990833333333,2015-05-14,2015,201505,05,0514,134,Spring,2015Spring
Hunting,Air.Temp.C,16.1831458333333,2015-05-15,2015,201505,05,0515,135,Spring,2015Spring
Hunting,Air.Temp.C,19.3839166666667,2015-05-16,2015,201505,05,0516,136,Spring,2015Spring
Hunting,Air.Temp.C,20.24875,2015-05-17,2015,201505,05,0517,137,Spring,2015Spring
Hunting,Air.Temp.C,21.6545833333333,2015-05-18,2015,201505,05,0518,138,Spring,2015Spring
Hunting,Air.Temp.C,22.7432916666667,2015-05-19,2015,201505,05,0519,139,Spring,2015Spring
Hunting,Air.Temp.C,19.8559166666667,2015-05-20,2015,201505,05,0520,140,Spring,2015Spring
Hunting,Air.Temp.C,13.2769791666667,2015-05-21,2015,201505,05,0521,141,Spring,2015Spring
Hunting,Air.Temp.C,14.6192916666667,2015-05-22,2015,201505,05,0522,142,Spring,2015Spring
Hunting,Air.Temp.C,15.65625,2015-05-23,2015,201505,05,0523,143,Spring,2015Spring
Hunting,Air.Temp.C,18.1704375,2015-05-24,2015,201505,05,0524,144,Spring,2015Spring
Hunting,Air.Temp.C,19.7016458333333,2015-05-25,2015,201505,05,0525,145,Spring,2015Spring
Hunting,Air.Temp.C,21.0127708333333,2015-05-26,2015,201505,05,0526,146,Spring,2015Spring
Hunting,Air.Temp.C,22.1308333333333,2015-05-27,2015,201505,05,0527,147,Spring,2015Spring
Hunting,Air.Temp.C,20.6440833333333,2015-05-28,2015,201505,05,0528,148,Spring,2015Spring
Hunting,Air.Temp.C,21.0465833333333,2015-05-29,2015,201505,05,0529,149,Spring,2015Spring
Hunting,Air.Temp.C,21.7762083333333,2015-05-30,2015,201505,05,0530,150,Spring,2015Spring
Hunting,Air.Temp.C,21.6797708333333,2015-05-31,2015,201505,05,0531,151,Spring,2015Spring
Hunting,Air.Temp.C,20.4812916666667,2015-06-01,2015,201506,06,0601,152,Summer,2015Summer
Hunting,Air.Temp.C,18.0707916666667,2015-06-02,2015,201506,06,0602,153,Summer,2015Summer
Hunting,Air.Temp.C,13.7913125,2015-06-03,2015,201506,06,0603,154,Summer,2015Summer
Hunting,Air.Temp.C,14.614125,2015-06-04,2015,201506,06,0604,155,Summer,2015Summer
Hunting,Air.Temp.C,16.9832083333333,2015-06-05,2015,201506,06,0605,156,Summer,2015Summer
Hunting,Air.Temp.C,19.3418125,2015-06-06,2015,201506,06,0606,157,Summer,2015Summer
Hunting,Air.Temp.C,19.3916458333333,2015-06-07,2015,201506,06,0607,158,Summer,2015Summer
Hunting,Air.Temp.C,21.0744375,2015-06-08,2015,201506,06,0608,159,Summer,2015Summer
Hunting,Air.Temp.C,20.1739375,2015-06-09,2015,201506,06,0609,160,Summer,2015Summer
Hunting,Air.Temp.C,19.6442708333333,2015-06-10,2015,201506,06,0610,161,Summer,2015Summer
Hunting,Air.Temp.C,22.0440208333333,2015-06-11,2015,201506,06,0611,162,Summer,2015Summer
Hunting,Air.Temp.C,22.3799791666667,2015-06-12,2015,201506,06,0612,163,Summer,2015Summer
Hunting,Air.Temp.C,22.8411666666667,2015-06-13,2015,201506,06,0613,164,Summer,2015Summer
Hunting,Air.Temp.C,22.4784583333333,2015-06-14,2015,201506,06,0614,165,Summer,2015Summer
Hunting,Air.Temp.C,24.366125,2015-06-15,2015,201506,06,0615,166,Summer,2015Summer
Hunting,Air.Temp.C,25.3982916666667,2015-06-16,2015,201506,06,0616,167,Summer,2015Summer
Hunting,Air.Temp.C,23.3207708333333,2015-06-17,2015,201506,06,0617,168,Summer,2015Summer
Hunting,Air.Temp.C,22.661,2015-06-18,2015,201506,06,0618,169,Summer,2015Summer
Hunting,Air.Temp.C,22.0460625,2015-06-19,2015,201506,06,0619,170,Summer,2015Summer
Hunting,Air.Temp.C,22.7184166666667,2015-06-20,2015,201506,06,0620,171,Summer,2015Summer
Hunting,Air.Temp.C,25.0687291666667,2015-06-21,2015,201506,06,0621,172,Summer,2015Summer
Hunting,Air.Temp.C,24.4122291666667,2015-06-22,2015,201506,06,0622,173,Summer,2015Summer
Hunting,Air.Temp.C,25.5680625,2015-06-23,2015,201506,06,0623,174,Summer,2015Summer
Hunting,Air.Temp.C,23.6933333333333,2015-06-24,2015,201506,06,0624,175,Summer,2015Summer
Hunting,Air.Temp.C,23.1393333333333,2015-06-25,2015,201506,06,0625,176,Summer,2015Summer
Hunting,Air.Temp.C,21.5687708333333,2015-06-26,2015,201506,06,0626,177,Summer,2015Summer
Hunting,Air.Temp.C,20.7228958333333,2015-06-27,2015,201506,06,0627,178,Summer,2015Summer
Hunting,Air.Temp.C,18.8255416666667,2015-06-28,2015,201506,06,0628,179,Summer,2015Summer
Hunting,Air.Temp.C,19.0408333333333,2015-06-29,2015,201506,06,0629,180,Summer,2015Summer
Hunting,Air.Temp.C,20.7967291666667,2015-06-30,2015,201506,06,0630,181,Summer,2015Summer
Hunting,Air.Temp.C,20.4252291666667,2015-07-01,2015,201507,07,0701,182,Summer,2015Summer
Hunting,Air.Temp.C,20.403125,2015-07-02,2015,201507,07,0702,183,Summer,2015Summer
Hunting,Air.Temp.C,18.8226666666667,2015-07-03,2015,201507,07,0703,184,Summer,2015Summer
Hunting,Air.Temp.C,20.614875,2015-07-04,2015,201507,07,0704,185,Summer,2015Summer
Hunting,Air.Temp.C,20.4891458333333,2015-07-05,2015,201507,07,0705,186,Summer,2015Summer
Hunting,Air.Temp.C,20.4312083333333,2015-07-06,2015,201507,07,0706,187,Summer,2015Summer
Hunting,Air.Temp.C,21.3403333333333,2015-07-07,2015,201507,07,0707,188,Summer,2015Summer
Hunting,Air.Temp.C,22.2966875,2015-07-08,2015,201507,07,0708,189,Summer,2015Summer
Hunting,Air.Temp.C,24.523875,2015-07-09,2015,201507,07,0709,190,Summer,2015Summer
Hunting,Air.Temp.C,23.5330208333333,2015-07-10,2015,201507,07,0710,191,Summer,2015Summer
Hunting,Air.Temp.C,21.1914375,2015-07-11,2015,201507,07,0711,192,Summer,2015Summer
Hunting,Air.Temp.C,21.207125,2015-07-12,2015,201507,07,0712,193,Summer,2015Summer
Hunting,Air.Temp.C,21.1820208333333,2015-07-13,2015,201507,07,0713,194,Summer,2015Summer
Hunting,Air.Temp.C,21.3389166666667,2015-07-14,2015,201507,07,0714,195,Summer,2015Summer
Hunting,Air.Temp.C,21.9373958333333,2015-07-15,2015,201507,07,0715,196,Summer,2015Summer
Hunting,Air.Temp.C,21.2800416666667,2015-07-16,2015,201507,07,0716,197,Summer,2015Summer
Hunting,Air.Temp.C,21.4770208333333,2015-07-17,2015,201507,07,0717,198,Summer,2015Summer
Hunting,Air.Temp.C,22.892625,2015-07-18,2015,201507,07,0718,199,Summer,2015Summer
Hunting,Air.Temp.C,23.9089583333333,2015-07-19,2015,201507,07,0719,200,Summer,2015Summer
Hunting,Air.Temp.C,24.483,2015-07-20,2015,201507,07,0720,201,Summer,2015Summer
Hunting,Air.Temp.C,23.4333958333333,2015-07-21,2015,201507,07,0721,202,Summer,2015Summer
Hunting,Air.Temp.C,22.2480416666667,2015-07-22,2015,201507,07,0722,203,Summer,2015Summer
Hunting,Air.Temp.C,20.6695833333333,2015-07-23,2015,201507,07,0723,204,Summer,2015Summer
Hunting,Air.Temp.C,21.27125,2015-07-24,2015,201507,07,0724,205,Summer,2015Summer
Hunting,Air.Temp.C,21.8071458333333,2015-07-25,2015,201507,07,0725,206,Summer,2015Summer
Hunting,Air.Temp.C,23.56725,2015-07-26,2015,201507,07,0726,207,Summer,2015Summer
Hunting,Air.Temp.C,23.316,2015-07-27,2015,201507,07,0727,208,Summer,2015Summer
Hunting,Air.Temp.C,22.7544375,2015-07-28,2015,201507,07,0728,209,Summer,2015Summer
Hunting,Air.Temp.C,23.0898333333333,2015-07-29,2015,201507,07,0729,210,Summer,2015Summer
Hunting,Air.Temp.C,23.563125,2015-07-30,2015,201507,07,0730,211,Summer,2015Summer
Hunting,Air.Temp.C,22.2070625,2015-07-31,2015,201507,07,0731,212,Summer,2015Summer
Hunting,Air.Temp.C,21.993,2015-08-01,2015,201508,08,0801,213,Summer,2015Summer
Hunting,Air.Temp.C,20.0049583333333,2015-08-02,2015,201508,08,0802,214,Summer,2015Summer
Hunting,Air.Temp.C,21.6715208333333,2015-08-03,2015,201508,08,0803,215,Summer,2015Summer
Hunting,Air.Temp.C,22.9035,2015-08-04,2015,201508,08,0804,216,Summer,2015Summer
Hunting,Air.Temp.C,22.84425,2015-08-05,2015,201508,08,0805,217,Summer,2015Summer
Hunting,Air.Temp.C,20.8135625,2015-08-06,2015,201508,08,0806,218,Summer,2015Summer
Hunting,Air.Temp.C,19.0659375,2015-08-07,2015,201508,08,0807,219,Summer,2015Summer
Hunting,Air.Temp.C,20.5574791666667,2015-08-08,2015,201508,08,0808,220,Summer,2015Summer
Hunting,Air.Temp.C,21.7874375,2015-08-09,2015,201508,08,0809,221,Summer,2015Summer
Hunting,Air.Temp.C,20.4399583333333,2015-08-10,2015,201508,08,0810,222,Summer,2015Summer
Hunting,Air.Temp.C,21.4813541666667,2015-08-11,2015,201508,08,0811,223,Summer,2015Summer
Hunting,Air.Temp.C,20.0823333333333,2015-08-12,2015,201508,08,0812,224,Summer,2015Summer
Hunting,Air.Temp.C,19.30325,2015-08-13,2015,201508,08,0813,225,Summer,2015Summer
Hunting,Air.Temp.C,19.6123125,2015-08-14,2015,201508,08,0814,226,Summer,2015Summer
Hunting,Air.Temp.C,21.2742291666667,2015-08-15,2015,201508,08,0815,227,Summer,2015Summer
Hunting,Air.Temp.C,21.8401666666667,2015-08-16,2015,201508,08,0816,228,Summer,2015Summer
Hunting,Air.Temp.C,21.9634375,2015-08-17,2015,201508,08,0817,229,Summer,2015Summer
Hunting,Air.Temp.C,21.4391875,2015-08-18,2015,201508,08,0818,230,Summer,2015Summer
Hunting,Air.Temp.C,21.9985833333333,2015-08-19,2015,201508,08,0819,231,Summer,2015Summer
Hunting,Air.Temp.C,21.886875,2015-08-20,2015,201508,08,0820,232,Summer,2015Summer
Hunting,Air.Temp.C,20.2197291666667,2015-08-21,2015,201508,08,0821,233,Summer,2015Summer
Hunting,Air.Temp.C,19.3664375,2015-08-22,2015,201508,08,0822,234,Summer,2015Summer
Hunting,Air.Temp.C,20.1439791666667,2015-08-23,2015,201508,08,0823,235,Summer,2015Summer
Hunting,Air.Temp.C,21.836,2015-08-24,2015,201508,08,0824,236,Summer,2015Summer
Hunting,Air.Temp.C,20.4137916666667,2015-08-25,2015,201508,08,0825,237,Summer,2015Summer
Hunting,Air.Temp.C,19.0499583333333,2015-08-26,2015,201508,08,0826,238,Summer,2015Summer
Hunting,Air.Temp.C,18.8721875,2015-08-27,2015,201508,08,0827,239,Summer,2015Summer
Hunting,Air.Temp.C,19.041875,2015-08-28,2015,201508,08,0828,240,Summer,2015Summer
Hunting,Air.Temp.C,19.8910416666667,2015-08-29,2015,201508,08,0829,241,Summer,2015Summer
Hunting,Air.Temp.C,20.5067916666667,2015-08-30,2015,201508,08,0830,242,Summer,2015Summer
Hunting,Air.Temp.C,21.0764791666667,2015-08-31,2015,201508,08,0831,243,Summer,2015Summer
Hunting,Air.Temp.C,22.4711666666667,2015-09-01,2015,201509,09,0901,244,Fall,2015Fall
Hunting,Air.Temp.C,22.4217083333333,2015-09-02,2015,201509,09,0902,245,Fall,2015Fall
Hunting,Air.Temp.C,21.3229166666667,2015-09-03,2015,201509,09,0903,246,Fall,2015Fall
Hunting,Air.Temp.C,21.9385,2015-09-04,2015,201509,09,0904,247,Fall,2015Fall
Hunting,Air.Temp.C,21.0383958333333,2015-09-05,2015,201509,09,0905,248,Fall,2015Fall
Hunting,Air.Temp.C,20.5664791666667,2015-09-06,2015,201509,09,0906,249,Fall,2015Fall
Hunting,Air.Temp.C,20.505625,2015-09-07,2015,201509,09,0907,250,Fall,2015Fall
Hunting,Air.Temp.C,21.5038125,2015-09-08,2015,201509,09,0908,251,Fall,2015Fall
Hunting,Air.Temp.C,22.1681458333333,2015-09-09,2015,201509,09,0909,252,Fall,2015Fall
Hunting,Air.Temp.C,21.9645,2015-09-10,2015,201509,09,0910,253,Fall,2015Fall
Hunting,Air.Temp.C,20.26425,2015-09-11,2015,201509,09,0911,254,Fall,2015Fall
Hunting,Air.Temp.C,18.9786666666667,2015-09-12,2015,201509,09,0912,255,Fall,2015Fall
Hunting,Air.Temp.C,15.3782083333333,2015-09-13,2015,201509,09,0913,256,Fall,2015Fall
Hunting,Air.Temp.C,15.0958541666667,2015-09-14,2015,201509,09,0914,257,Fall,2015Fall
Hunting,Air.Temp.C,16.5786666666667,2015-09-15,2015,201509,09,0915,258,Fall,2015Fall
Hunting,Air.Temp.C,17.6288333333333,2015-09-16,2015,201509,09,0916,259,Fall,2015Fall
Hunting,Air.Temp.C,17.9136041666667,2015-09-17,2015,201509,09,0917,260,Fall,2015Fall
Hunting,Air.Temp.C,18.576875,2015-09-18,2015,201509,09,0918,261,Fall,2015Fall
Hunting,Air.Temp.C,19.103875,2015-09-19,2015,201509,09,0919,262,Fall,2015Fall
Hunting,Air.Temp.C,19.6216666666667,2015-09-20,2015,201509,09,0920,263,Fall,2015Fall
Hunting,Air.Temp.C,15.0039375,2015-09-21,2015,201509,09,0921,264,Fall,2015Fall
Hunting,Air.Temp.C,15.6951875,2015-09-22,2015,201509,09,0922,265,Fall,2015Fall
Hunting,Air.Temp.C,15.9013333333333,2015-09-23,2015,201509,09,0923,266,Fall,2015Fall
Hunting,Air.Temp.C,15.3784375,2015-09-24,2015,201509,09,0924,267,Fall,2015Fall
Hunting,Air.Temp.C,15.5674375,2015-09-25,2015,201509,09,0925,268,Fall,2015Fall
Hunting,Air.Temp.C,14.8130416666667,2015-09-26,2015,201509,09,0926,269,Fall,2015Fall
Hunting,Air.Temp.C,15.0222291666667,2015-09-27,2015,201509,09,0927,270,Fall,2015Fall
Hunting,Air.Temp.C,17.4441041666667,2015-09-28,2015,201509,09,0928,271,Fall,2015Fall
Hunting,Air.Temp.C,19.4807083333333,2015-09-29,2015,201509,09,0929,272,Fall,2015Fall
Hunting,Air.Temp.C,19.1641458333333,2015-09-30,2015,201509,09,0930,273,Fall,2015Fall
Hunting,Air.Temp.C,14.3966875,2015-10-01,2015,201510,10,1001,274,Fall,2015Fall
Hunting,Air.Temp.C,11.1222291666667,2015-10-02,2015,201510,10,1002,275,Fall,2015Fall
Hunting,Air.Temp.C,11.0901666666667,2015-10-03,2015,201510,10,1003,276,Fall,2015Fall
Hunting,Air.Temp.C,12.6262708333333,2015-10-04,2015,201510,10,1004,277,Fall,2015Fall
Hunting,Air.Temp.C,12.85625,2015-10-05,2015,201510,10,1005,278,Fall,2015Fall
Hunting,Air.Temp.C,12.5030625,2015-10-06,2015,201510,10,1006,279,Fall,2015Fall
Hunting,Air.Temp.C,15.7999375,2015-10-07,2015,201510,10,1007,280,Fall,2015Fall
Hunting,Air.Temp.C,16.4378333333333,2015-10-08,2015,201510,10,1008,281,Fall,2015Fall
Hunting,Air.Temp.C,16.8161666666667,2015-10-09,2015,201510,10,1009,282,Fall,2015Fall
Hunting,Air.Temp.C,13.3680416666667,2015-10-10,2015,201510,10,1010,283,Fall,2015Fall
Hunting,Air.Temp.C,11.7743541666667,2015-10-11,2015,201510,10,1011,284,Fall,2015Fall
Hunting,Air.Temp.C,13.9681041666667,2015-10-12,2015,201510,10,1012,285,Fall,2015Fall
Hunting,Air.Temp.C,16.5791041666667,2015-10-13,2015,201510,10,1013,286,Fall,2015Fall
Hunting,Air.Temp.C,14.7914375,2015-10-14,2015,201510,10,1014,287,Fall,2015Fall
Hunting,Air.Temp.C,12.2008333333333,2015-10-15,2015,201510,10,1015,288,Fall,2015Fall
Hunting,Air.Temp.C,14.109375,2015-10-16,2015,201510,10,1016,289,Fall,2015Fall
Hunting,Air.Temp.C,8.98585416666667,2015-10-17,2015,201510,10,1017,290,Fall,2015Fall
Hunting,Air.Temp.C,6.22414583333333,2015-10-18,2015,201510,10,1018,291,Fall,2015Fall
Hunting,Air.Temp.C,6.20685416666667,2015-10-19,2015,201510,10,1019,292,Fall,2015Fall
Hunting,Air.Temp.C,10.336875,2015-10-20,2015,201510,10,1020,293,Fall,2015Fall
Hunting,Air.Temp.C,13.7991458333333,2015-10-21,2015,201510,10,1021,294,Fall,2015Fall
Hunting,Air.Temp.C,15.44875,2015-10-22,2015,201510,10,1022,295,Fall,2015Fall
Hunting,Air.Temp.C,18.7201041666667,2015-10-23,2015,201510,10,1023,296,Fall,2015Fall
Hunting,Air.Temp.C,14.0867916666667,2015-10-24,2015,201510,10,1024,297,Fall,2015Fall
Hunting,Air.Temp.C,14.7514791666667,2015-10-25,2015,201510,10,1025,298,Fall,2015Fall
Hunting,Air.Temp.C,11.4524166666667,2015-10-26,2015,201510,10,1026,299,Fall,2015Fall
Hunting,Air.Temp.C,8.477,2015-10-27,2015,201510,10,1027,300,Fall,2015Fall
Hunting,Air.Temp.C,14.5266875,2015-10-28,2015,201510,10,1028,301,Fall,2015Fall
Hunting,Air.Temp.C,14.5390833333333,2015-10-29,2015,201510,10,1029,302,Fall,2015Fall
Hunting,Air.Temp.C,10.3258125,2015-10-30,2015,201510,10,1030,303,Fall,2015Fall
Hunting,Air.Temp.C,8.209375,2015-10-31,2015,201510,10,1031,304,Fall,2015Fall
Hunting,Air.Temp.C,14.3342916666667,2015-11-01,2015,201511,11,1101,305,Fall,2015Fall
Hunting,Air.Temp.C,14.2066875,2015-11-02,2015,201511,11,1102,306,Fall,2015Fall
Hunting,Air.Temp.C,15.7254375,2015-11-03,2015,201511,11,1103,307,Fall,2015Fall
Hunting,Air.Temp.C,16.128875,2015-11-04,2015,201511,11,1104,308,Fall,2015Fall
Hunting,Air.Temp.C,17.1030833333333,2015-11-05,2015,201511,11,1105,309,Fall,2015Fall
Hunting,Air.Temp.C,17.80125,2015-11-06,2015,201511,11,1106,310,Fall,2015Fall
Hunting,Air.Temp.C,14.9034375,2015-11-07,2015,201511,11,1107,311,Fall,2015Fall
Hunting,Air.Temp.C,7.52083333333333,2015-11-08,2015,201511,11,1108,312,Fall,2015Fall
Hunting,Air.Temp.C,6.5970625,2015-11-09,2015,201511,11,1109,313,Fall,2015Fall
Hunting,Air.Temp.C,12.5803333333333,2015-11-10,2015,201511,11,1110,314,Fall,2015Fall
Hunting,Air.Temp.C,11.4104583333333,2015-11-11,2015,201511,11,1111,315,Fall,2015Fall
Hunting,Air.Temp.C,13.0496458333333,2015-11-12,2015,201511,11,1112,316,Fall,2015Fall
Hunting,Air.Temp.C,10.9692916666667,2015-11-13,2015,201511,11,1113,317,Fall,2015Fall
Hunting,Air.Temp.C,7.58808333333333,2015-11-14,2015,201511,11,1114,318,Fall,2015Fall
Hunting,Air.Temp.C,7.60685416666667,2015-11-15,2015,201511,11,1115,319,Fall,2015Fall
Hunting,Air.Temp.C,9.32822916666667,2015-11-16,2015,201511,11,1116,320,Fall,2015Fall
Hunting,Air.Temp.C,11.7401041666667,2015-11-17,2015,201511,11,1117,321,Fall,2015Fall
Hunting,Air.Temp.C,11.2442916666667,2015-11-18,2015,201511,11,1118,322,Fall,2015Fall
Hunting,Air.Temp.C,14.9665833333333,2015-11-19,2015,201511,11,1119,323,Fall,2015Fall
Hunting,Air.Temp.C,8.33085416666667,2015-11-20,2015,201511,11,1120,324,Fall,2015Fall
Hunting,Air.Temp.C,4.52339583333333,2015-11-21,2015,201511,11,1121,325,Fall,2015Fall
Hunting,Air.Temp.C,4.63945833333333,2015-11-22,2015,201511,11,1122,326,Fall,2015Fall
Hunting,Air.Temp.C,0.4988125,2015-11-23,2015,201511,11,1123,327,Fall,2015Fall
Hunting,Air.Temp.C,2.73945833333333,2015-11-24,2015,201511,11,1124,328,Fall,2015Fall
Hunting,Air.Temp.C,3.83385416666667,2015-11-25,2015,201511,11,1125,329,Fall,2015Fall
Hunting,Air.Temp.C,7.31127083333333,2015-11-26,2015,201511,11,1126,330,Fall,2015Fall
Hunting,Air.Temp.C,10.99425,2015-11-27,2015,201511,11,1127,331,Fall,2015Fall
Hunting,Air.Temp.C,13.78125,2015-11-28,2015,201511,11,1128,332,Fall,2015Fall
Hunting,Air.Temp.C,13.9230208333333,2015-11-29,2015,201511,11,1129,333,Fall,2015Fall
Hunting,Air.Temp.C,5.66970833333333,2015-11-30,2015,201511,11,1130,334,Fall,2015Fall
Hunting,Air.Temp.C,5.935875,2015-12-01,2015,201512,12,1201,335,Winter,2015Winter
Hunting,Air.Temp.C,10.4672083333333,2015-12-02,2015,201512,12,1202,336,Winter,2015Winter
Hunting,Air.Temp.C,4.7045625,2015-12-03,2015,201512,12,1203,337,Winter,2015Winter
Hunting,Air.Temp.C,1.6935625,2015-12-04,2015,201512,12,1204,338,Winter,2015Winter
Hunting,Air.Temp.C,3.01458333333333,2015-12-05,2015,201512,12,1205,339,Winter,2015Winter
Hunting,Air.Temp.C,3.30910416666667,2015-12-06,2015,201512,12,1206,340,Winter,2015Winter
Hunting,Air.Temp.C,6.48154166666667,2015-12-07,2015,201512,12,1207,341,Winter,2015Winter
Hunting,Air.Temp.C,5.61254166666667,2015-12-08,2015,201512,12,1208,342,Winter,2015Winter
Hunting,Air.Temp.C,6.155375,2015-12-09,2015,201512,12,1209,343,Winter,2015Winter
Hunting,Air.Temp.C,9.3751875,2015-12-10,2015,201512,12,1210,344,Winter,2015Winter
Hunting,Air.Temp.C,11.6176458333333,2015-12-11,2015,201512,12,1211,345,Winter,2015Winter
Hunting,Air.Temp.C,14.5867708333333,2015-12-12,2015,201512,12,1212,346,Winter,2015Winter
Hunting,Air.Temp.C,14.1346458333333,2015-12-13,2015,201512,12,1213,347,Winter,2015Winter
Hunting,Air.Temp.C,15.9214375,2015-12-14,2015,201512,12,1214,348,Winter,2015Winter
Hunting,Air.Temp.C,13.0581458333333,2015-12-15,2015,201512,12,1215,349,Winter,2015Winter
Hunting,Air.Temp.C,6.502375,2015-12-16,2015,201512,12,1216,350,Winter,2015Winter
Hunting,Air.Temp.C,8.75485416666667,2015-12-17,2015,201512,12,1217,351,Winter,2015Winter
Hunting,Air.Temp.C,5.08979166666667,2015-12-18,2015,201512,12,1218,352,Winter,2015Winter
Hunting,Air.Temp.C,1.31983333333333,2015-12-19,2015,201512,12,1219,353,Winter,2015Winter
Hunting,Air.Temp.C,2.5631875,2015-12-20,2015,201512,12,1220,354,Winter,2015Winter
Hunting,Air.Temp.C,5.44145833333333,2015-12-21,2015,201512,12,1221,355,Winter,2015Winter
Hunting,Air.Temp.C,9.81079166666667,2015-12-22,2015,201512,12,1222,356,Winter,2015Winter
Hunting,Air.Temp.C,12.8911666666667,2015-12-23,2015,201512,12,1223,357,Winter,2015Winter
Hunting,Air.Temp.C,17.7760416666667,2015-12-24,2015,201512,12,1224,358,Winter,2015Winter
Hunting,Air.Temp.C,15.8694791666667,2015-12-25,2015,201512,12,1225,359,Winter,2015Winter
Hunting,Air.Temp.C,13.6696458333333,2015-12-26,2015,201512,12,1226,360,Winter,2015Winter
Hunting,Air.Temp.C,15.186125,2015-12-27,2015,201512,12,1227,361,Winter,2015Winter
Hunting,Air.Temp.C,8.53277083333333,2015-12-28,2015,201512,12,1228,362,Winter,2015Winter
Hunting,Air.Temp.C,7.89464583333333,2015-12-29,2015,201512,12,1229,363,Winter,2015Winter
Hunting,Air.Temp.C,9.9844375,2015-12-30,2015,201512,12,1230,364,Winter,2015Winter
Hunting,Air.Temp.C,10.1713958333333,2015-12-31,2015,201512,12,1231,365,Winter,2015Winter
Hunting,Air.Temp.C,4.15420833333333,2016-01-01,2016,201601,01,0101,1,Winter,2016Winter
Hunting,Air.Temp.C,2.76252083333333,2016-01-02,2016,201601,01,0102,2,Winter,2016Winter
Hunting,Air.Temp.C,4.6406875,2016-01-03,2016,201601,01,0103,3,Winter,2016Winter
Hunting,Air.Temp.C,-0.263604166666667,2016-01-04,2016,201601,01,0104,4,Winter,2016Winter
Hunting,Air.Temp.C,-4.4458125,2016-01-05,2016,201601,01,0105,5,Winter,2016Winter
Hunting,Air.Temp.C,-3.89097916666667,2016-01-06,2016,201601,01,0106,6,Winter,2016Winter
Hunting,Air.Temp.C,-0.382354166666667,2016-01-07,2016,201601,01,0107,7,Winter,2016Winter
Hunting,Air.Temp.C,1.52275,2016-01-08,2016,201601,01,0108,8,Winter,2016Winter
Hunting,Air.Temp.C,4.882,2016-01-09,2016,201601,01,0109,9,Winter,2016Winter
Hunting,Air.Temp.C,6.03589583333333,2016-01-10,2016,201601,01,0110,10,Winter,2016Winter
Hunting,Air.Temp.C,-2.20910416666667,2016-01-11,2016,201601,01,0111,11,Winter,2016Winter
Hunting,Air.Temp.C,0.170416666666667,2016-01-12,2016,201601,01,0112,12,Winter,2016Winter
Hunting,Air.Temp.C,-4.57916666666667,2016-01-13,2016,201601,01,0113,13,Winter,2016Winter
Hunting,Air.Temp.C,3.5645,2016-01-14,2016,201601,01,0114,14,Winter,2016Winter
Hunting,Air.Temp.C,3.16814583333333,2016-01-15,2016,201601,01,0115,15,Winter,2016Winter
Hunting,Air.Temp.C,6.09177083333333,2016-01-16,2016,201601,01,0116,16,Winter,2016Winter
Hunting,Air.Temp.C,0.935520833333333,2016-01-17,2016,201601,01,0117,17,Winter,2016Winter
Hunting,Air.Temp.C,-6.90841666666667,2016-01-18,2016,201601,01,0118,18,Winter,2016Winter
Hunting,Air.Temp.C,-8.7165,2016-01-19,2016,201601,01,0119,19,Winter,2016Winter
Hunting,Air.Temp.C,-4.6724375,2016-01-20,2016,201601,01,0120,20,Winter,2016Winter
Hunting,Air.Temp.C,-2.59295833333333,2016-01-21,2016,201601,01,0121,21,Winter,2016Winter
Hunting,Air.Temp.C,-6.34520833333333,2016-01-22,2016,201601,01,0122,22,Winter,2016Winter
Hunting,Air.Temp.C,-4.90910416666667,2016-01-23,2016,201601,01,0123,23,Winter,2016Winter
Hunting,Air.Temp.C,-1.1330625,2016-01-24,2016,201601,01,0124,24,Winter,2016Winter
Hunting,Air.Temp.C,0.6133125,2016-01-25,2016,201601,01,0125,25,Winter,2016Winter
Hunting,Air.Temp.C,2.64185416666667,2016-01-26,2016,201601,01,0126,26,Winter,2016Winter
Hunting,Air.Temp.C,3.43016666666667,2016-01-27,2016,201601,01,0127,27,Winter,2016Winter
Hunting,Air.Temp.C,-0.0774583333333333,2016-01-28,2016,201601,01,0128,28,Winter,2016Winter
Hunting,Air.Temp.C,2.42397916666667,2016-01-29,2016,201601,01,0129,29,Winter,2016Winter
Hunting,Air.Temp.C,2.73985416666667,2016-01-30,2016,201601,01,0130,30,Winter,2016Winter
Hunting,Air.Temp.C,6.66102083333333,2016-01-31,2016,201601,01,0131,31,Winter,2016Winter
Hunting,Air.Temp.C,7.70047916666667,2016-02-01,2016,201602,02,0201,32,Winter,2016Winter
Hunting,Air.Temp.C,6.44235416666667,2016-02-02,2016,201602,02,0202,33,Winter,2016Winter
Hunting,Air.Temp.C,7.48004166666667,2016-02-03,2016,201602,02,0203,34,Winter,2016Winter
Hunting,Air.Temp.C,8.09391666666667,2016-02-04,2016,201602,02,0204,35,Winter,2016Winter
Hunting,Air.Temp.C,1.40022916666667,2016-02-05,2016,201602,02,0205,36,Winter,2016Winter
Hunting,Air.Temp.C,-0.182791666666667,2016-02-06,2016,201602,02,0206,37,Winter,2016Winter
Hunting,Air.Temp.C,1.764125,2016-02-07,2016,201602,02,0207,38,Winter,2016Winter
Hunting,Air.Temp.C,1.64266666666667,2016-02-08,2016,201602,02,0208,39,Winter,2016Winter
Hunting,Air.Temp.C,-0.248416666666667,2016-02-09,2016,201602,02,0209,40,Winter,2016Winter
Hunting,Air.Temp.C,-4.6750625,2016-02-10,2016,201602,02,0210,41,Winter,2016Winter
Hunting,Air.Temp.C,-6.45089583333333,2016-02-11,2016,201602,02,0211,42,Winter,2016Winter
Hunting,Air.Temp.C,-4.443,2016-02-12,2016,201602,02,0212,43,Winter,2016Winter
Hunting,Air.Temp.C,-6.6186875,2016-02-13,2016,201602,02,0213,44,Winter,2016Winter
Hunting,Air.Temp.C,-9.05227083333333,2016-02-14,2016,201602,02,0214,45,Winter,2016Winter
Hunting,Air.Temp.C,-5.83604166666667,2016-02-15,2016,201602,02,0215,46,Winter,2016Winter
Hunting,Air.Temp.C,2.62991666666667,2016-02-16,2016,201602,02,0216,47,Winter,2016Winter
Hunting,Air.Temp.C,3.4589375,2016-02-17,2016,201602,02,0217,48,Winter,2016Winter
Hunting,Air.Temp.C,0.6665,2016-02-18,2016,201602,02,0218,49,Winter,2016Winter
Hunting,Air.Temp.C,1.4803125,2016-02-19,2016,201602,02,0219,50,Winter,2016Winter
Hunting,Air.Temp.C,7.5070625,2016-02-20,2016,201602,02,0220,51,Winter,2016Winter
Hunting,Air.Temp.C,10.7433333333333,2016-02-21,2016,201602,02,0221,52,Winter,2016Winter
Hunting,Air.Temp.C,6.89725,2016-02-22,2016,201602,02,0222,53,Winter,2016Winter
Hunting,Air.Temp.C,5.08041666666667,2016-02-23,2016,201602,02,0223,54,Winter,2016Winter
Hunting,Air.Temp.C,7.3446875,2016-02-24,2016,201602,02,0224,55,Winter,2016Winter
Hunting,Air.Temp.C,4.22622916666667,2016-02-25,2016,201602,02,0225,56,Winter,2016Winter
Hunting,Air.Temp.C,0.570104166666667,2016-02-26,2016,201602,02,0226,57,Winter,2016Winter
Hunting,Air.Temp.C,2.0313125,2016-02-27,2016,201602,02,0227,58,Winter,2016Winter
Hunting,Air.Temp.C,11.2049791666667,2016-02-28,2016,201602,02,0228,59,Winter,2016Winter
Hunting,Air.Temp.C,12.0484791666667,2016-02-29,2016,201602,02,0229,60,Winter,2016Winter
Hunting,Air.Temp.C,11.4403125,2016-03-01,2016,201603,03,0301,61,Spring,2016Spring
Hunting,Air.Temp.C,3.4226875,2016-03-02,2016,201603,03,0302,62,Spring,2016Spring
Hunting,Air.Temp.C,-0.415416666666667,2016-03-03,2016,201603,03,0303,63,Spring,2016Spring
Hunting,Air.Temp.C,2.92754166666667,2016-03-04,2016,201603,03,0304,64,Spring,2016Spring
Hunting,Air.Temp.C,3.58577083333333,2016-03-05,2016,201603,03,0305,65,Spring,2016Spring
Hunting,Air.Temp.C,5.57883333333333,2016-03-06,2016,201603,03,0306,66,Spring,2016Spring
Hunting,Air.Temp.C,8.19608333333333,2016-03-07,2016,201603,03,0307,67,Spring,2016Spring
Hunting,Air.Temp.C,14.9889166666667,2016-03-08,2016,201603,03,0308,68,Spring,2016Spring
Hunting,Air.Temp.C,15.5173125,2016-03-09,2016,201603,03,0309,69,Spring,2016Spring
Hunting,Air.Temp.C,18.2586666666667,2016-03-10,2016,201603,03,0310,70,Spring,2016Spring
Hunting,Air.Temp.C,18.4414375,2016-03-11,2016,201603,03,0311,71,Spring,2016Spring
Hunting,Air.Temp.C,15.8385,2016-03-12,2016,201603,03,0312,72,Spring,2016Spring
Hunting,Air.Temp.C,14.5924166666667,2016-03-13,2016,201603,03,0313,73,Spring,2016Spring
Hunting,Air.Temp.C,11.459375,2016-03-14,2016,201603,03,0314,74,Spring,2016Spring
Hunting,Air.Temp.C,13.2330625,2016-03-15,2016,201603,03,0315,75,Spring,2016Spring
Hunting,Air.Temp.C,16.3614791666667,2016-03-16,2016,201603,03,0316,76,Spring,2016Spring
Hunting,Air.Temp.C,13.3530208333333,2016-03-17,2016,201603,03,0317,77,Spring,2016Spring
Hunting,Air.Temp.C,11.4630625,2016-03-18,2016,201603,03,0318,78,Spring,2016Spring
Hunting,Air.Temp.C,5.43660416666667,2016-03-19,2016,201603,03,0319,79,Spring,2016Spring
Hunting,Air.Temp.C,3.831875,2016-03-20,2016,201603,03,0320,80,Spring,2016Spring
Hunting,Air.Temp.C,4.82704166666667,2016-03-21,2016,201603,03,0321,81,Spring,2016Spring
Hunting,Air.Temp.C,9.89275,2016-03-22,2016,201603,03,0322,82,Spring,2016Spring
Hunting,Air.Temp.C,14.2985416666667,2016-03-23,2016,201603,03,0323,83,Spring,2016Spring
Hunting,Air.Temp.C,15.9897083333333,2016-03-24,2016,201603,03,0324,84,Spring,2016Spring
Hunting,Air.Temp.C,16.0505625,2016-03-25,2016,201603,03,0325,85,Spring,2016Spring
Hunting,Air.Temp.C,9.39170833333333,2016-03-26,2016,201603,03,0326,86,Spring,2016Spring
Hunting,Air.Temp.C,10.8916458333333,2016-03-27,2016,201603,03,0327,87,Spring,2016Spring
Hunting,Air.Temp.C,12.3933541666667,2016-03-28,2016,201603,03,0328,88,Spring,2016Spring
Hunting,Air.Temp.C,10.4160416666667,2016-03-29,2016,201603,03,0329,89,Spring,2016Spring
Hunting,Air.Temp.C,10.5179583333333,2016-03-30,2016,201603,03,0330,90,Spring,2016Spring
Hunting,Air.Temp.C,14.4335416666667,2016-03-31,2016,201603,03,0331,91,Spring,2016Spring
Hunting,Air.Temp.C,18.4760416666667,2016-04-01,2016,201604,04,0401,92,Spring,2016Spring
Hunting,Air.Temp.C,13.8265,2016-04-02,2016,201604,04,0402,93,Spring,2016Spring
Hunting,Air.Temp.C,6.5674375,2016-04-03,2016,201604,04,0403,94,Spring,2016Spring
Hunting,Air.Temp.C,16.8749583333333,2016-04-04,2016,201604,04,0404,95,Spring,2016Spring
Hunting,Air.Temp.C,5.44864583333333,2016-04-05,2016,201604,04,0405,96,Spring,2016Spring
Hunting,Air.Temp.C,6.27583333333333,2016-04-06,2016,201604,04,0406,97,Spring,2016Spring
Hunting,Air.Temp.C,9.9498125,2016-04-07,2016,201604,04,0407,98,Spring,2016Spring
Hunting,Air.Temp.C,6.863,2016-04-08,2016,201604,04,0408,99,Spring,2016Spring
Hunting,Air.Temp.C,2.73841666666667,2016-04-09,2016,201604,04,0409,100,Spring,2016Spring
Hunting,Air.Temp.C,4.77583333333333,2016-04-10,2016,201604,04,0410,101,Spring,2016Spring
Hunting,Air.Temp.C,14.19625,2016-04-11,2016,201604,04,0411,102,Spring,2016Spring
Hunting,Air.Temp.C,16.2884166666667,2016-04-12,2016,201604,04,0412,103,Spring,2016Spring
Hunting,Air.Temp.C,8.9278125,2016-04-13,2016,201604,04,0413,104,Spring,2016Spring
Hunting,Air.Temp.C,9.51377083333333,2016-04-14,2016,201604,04,0414,105,Spring,2016Spring
Hunting,Air.Temp.C,10.1625319148936,2016-04-15,2016,201604,04,0415,106,Spring,2016Spring
Hunting,Air.Temp.C,11.7105833333333,2016-04-16,2016,201604,04,0416,107,Spring,2016Spring
Hunting,Air.Temp.C,14.4624375,2016-04-17,2016,201604,04,0417,108,Spring,2016Spring
Hunting,Air.Temp.C,19.290125,2016-04-18,2016,201604,04,0418,109,Spring,2016Spring
Hunting,Air.Temp.C,20.9014791666667,2016-04-19,2016,201604,04,0419,110,Spring,2016Spring
Hunting,Air.Temp.C,15.7480416666667,2016-04-20,2016,201604,04,0420,111,Spring,2016Spring
Hunting,Air.Temp.C,16.8377083333333,2016-04-21,2016,201604,04,0421,112,Spring,2016Spring
Hunting,Air.Temp.C,15.9157291666667,2016-04-22,2016,201604,04,0422,113,Spring,2016Spring
Hunting,Air.Temp.C,15.5080208333333,2016-04-23,2016,201604,04,0423,114,Spring,2016Spring
Hunting,Air.Temp.C,14.3577708333333,2016-04-24,2016,201604,04,0424,115,Spring,2016Spring
Hunting,Air.Temp.C,18.732875,2016-04-25,2016,201604,04,0425,116,Spring,2016Spring
Hunting,Air.Temp.C,22.14825,2016-04-26,2016,201604,04,0426,117,Spring,2016Spring
Hunting,Air.Temp.C,18.5850625,2016-04-27,2016,201604,04,0427,118,Spring,2016Spring
Hunting,Air.Temp.C,14.5444791666667,2016-04-28,2016,201604,04,0428,119,Spring,2016Spring
Hunting,Air.Temp.C,14.2889583333333,2016-04-29,2016,201604,04,0429,120,Spring,2016Spring
Hunting,Air.Temp.C,11.608625,2016-04-30,2016,201604,04,0430,121,Spring,2016Spring
Hunting,Air.Temp.C,14.7789791666667,2016-05-01,2016,201605,05,0501,122,Spring,2016Spring
Hunting,Air.Temp.C,17.975375,2016-05-02,2016,201605,05,0502,123,Spring,2016Spring
Hunting,Air.Temp.C,15.9360416666667,2016-05-03,2016,201605,05,0503,124,Spring,2016Spring
Hunting,Air.Temp.C,14.0704791666667,2016-05-04,2016,201605,05,0504,125,Spring,2016Spring
Hunting,Air.Temp.C,10.1617708333333,2016-05-05,2016,201605,05,0505,126,Spring,2016Spring
Hunting,Air.Temp.C,11.2446666666667,2016-05-06,2016,201605,05,0506,127,Spring,2016Spring
Hunting,Air.Temp.C,14.509875,2016-05-07,2016,201605,05,0507,128,Spring,2016Spring
Hunting,Air.Temp.C,17.7452083333333,2016-05-08,2016,201605,05,0508,129,Spring,2016Spring
Hunting,Air.Temp.C,15.2562916666667,2016-05-09,2016,201605,05,0509,130,Spring,2016Spring
Hunting,Air.Temp.C,15.0583333333333,2016-05-10,2016,201605,05,0510,131,Spring,2016Spring
Hunting,Air.Temp.C,15.7895833333333,2016-05-11,2016,201605,05,0511,132,Spring,2016Spring
Hunting,Air.Temp.C,17.1811875,2016-05-12,2016,201605,05,0512,133,Spring,2016Spring
Hunting,Air.Temp.C,17.147875,2016-05-13,2016,201605,05,0513,134,Spring,2016Spring
Hunting,Air.Temp.C,14.3881666666667,2016-05-14,2016,201605,05,0514,135,Spring,2016Spring
Hunting,Air.Temp.C,10.2745625,2016-05-15,2016,201605,05,0515,136,Spring,2016Spring
Hunting,Air.Temp.C,10.9158333333333,2016-05-16,2016,201605,05,0516,137,Spring,2016Spring
Hunting,Air.Temp.C,11.4245416666667,2016-05-17,2016,201605,05,0517,138,Spring,2016Spring
Hunting,Air.Temp.C,11.2385625,2016-05-18,2016,201605,05,0518,139,Spring,2016Spring
Hunting,Air.Temp.C,12.5677916666667,2016-05-19,2016,201605,05,0519,140,Spring,2016Spring
Hunting,Air.Temp.C,13.629875,2016-05-20,2016,201605,05,0520,141,Spring,2016Spring
Hunting,Air.Temp.C,14.1632708333333,2016-05-21,2016,201605,05,0521,142,Spring,2016Spring
Hunting,Air.Temp.C,13.5189583333333,2016-05-22,2016,201605,05,0522,143,Spring,2016Spring
Hunting,Air.Temp.C,13.3603333333333,2016-05-23,2016,201605,05,0523,144,Spring,2016Spring
Hunting,Air.Temp.C,17.2642708333333,2016-05-24,2016,201605,05,0524,145,Spring,2016Spring
Hunting,Air.Temp.C,18.9674583333333,2016-05-25,2016,201605,05,0525,146,Spring,2016Spring
Hunting,Air.Temp.C,18.9305208333333,2016-05-26,2016,201605,05,0526,147,Spring,2016Spring
Hunting,Air.Temp.C,20.6557916666667,2016-05-27,2016,201605,05,0527,148,Spring,2016Spring
Hunting,Air.Temp.C,21.0500416666667,2016-05-28,2016,201605,05,0528,149,Spring,2016Spring
Hunting,Air.Temp.C,17.3333333333333,2016-05-29,2016,201605,05,0529,150,Spring,2016Spring
Hunting,Air.Temp.C,19.1477083333333,2016-05-30,2016,201605,05,0530,151,Spring,2016Spring
Hunting,Air.Temp.C,20.5141458333333,2016-05-31,2016,201605,05,0531,152,Spring,2016Spring
Hunting,Air.Temp.C,21.3543125,2016-06-01,2016,201606,06,0601,153,Summer,2016Summer
Hunting,Air.Temp.C,20.3866666666667,2016-06-02,2016,201606,06,0602,154,Summer,2016Summer
Hunting,Air.Temp.C,20.639125,2016-06-03,2016,201606,06,0603,155,Summer,2016Summer
Hunting,Air.Temp.C,20.7893958333333,2016-06-04,2016,201606,06,0604,156,Summer,2016Summer
Hunting,Air.Temp.C,20.7516458333333,2016-06-05,2016,201606,06,0605,157,Summer,2016Summer
Hunting,Air.Temp.C,21.4360625,2016-06-06,2016,201606,06,0606,158,Summer,2016Summer
Hunting,Air.Temp.C,21.4990208333333,2016-06-07,2016,201606,06,0607,159,Summer,2016Summer
Hunting,Air.Temp.C,17.9997291666667,2016-06-08,2016,201606,06,0608,160,Summer,2016Summer
Hunting,Air.Temp.C,18.3430625,2016-06-09,2016,201606,06,0609,161,Summer,2016Summer
Hunting,Air.Temp.C,20.6308958333333,2016-06-10,2016,201606,06,0610,162,Summer,2016Summer
Hunting,Air.Temp.C,23.1821666666667,2016-06-11,2016,201606,06,0611,163,Summer,2016Summer
Hunting,Air.Temp.C,25.2607291666667,2016-06-12,2016,201606,06,0612,164,Summer,2016Summer
Hunting,Air.Temp.C,20.9088958333333,2016-06-13,2016,201606,06,0613,165,Summer,2016Summer
Hunting,Air.Temp.C,21.006,2016-06-14,2016,201606,06,0614,166,Summer,2016Summer
Hunting,Air.Temp.C,20.8034166666667,2016-06-15,2016,201606,06,0615,167,Summer,2016Summer
Hunting,Air.Temp.C,22.6773333333333,2016-06-16,2016,201606,06,0616,168,Summer,2016Summer
Hunting,Air.Temp.C,18.2334166666667,2016-06-17,2016,201606,06,0617,169,Summer,2016Summer
Hunting,Air.Temp.C,17.5268333333333,2016-06-18,2016,201606,06,0618,170,Summer,2016Summer
Hunting,Air.Temp.C,17.8758333333333,2016-06-19,2016,201606,06,0619,171,Summer,2016Summer
Hunting,Air.Temp.C,20.3490625,2016-06-20,2016,201606,06,0620,172,Summer,2016Summer
Hunting,Air.Temp.C,22.44175,2016-06-21,2016,201606,06,0621,173,Summer,2016Summer
Hunting,Air.Temp.C,20.6825625,2016-06-22,2016,201606,06,0622,174,Summer,2016Summer
Hunting,Air.Temp.C,19.43025,2016-06-23,2016,201606,06,0623,175,Summer,2016Summer
Hunting,Air.Temp.C,20.0454791666667,2016-06-24,2016,201606,06,0624,176,Summer,2016Summer
Hunting,Air.Temp.C,19.8151875,2016-06-25,2016,201606,06,0625,177,Summer,2016Summer
Hunting,Air.Temp.C,20.0604166666667,2016-06-26,2016,201606,06,0626,178,Summer,2016Summer
Hunting,Air.Temp.C,20.4626041666667,2016-06-27,2016,201606,06,0627,179,Summer,2016Summer
Hunting,Air.Temp.C,21.1128541666667,2016-06-28,2016,201606,06,0628,180,Summer,2016Summer
Hunting,Air.Temp.C,20.1283541666667,2016-06-29,2016,201606,06,0629,181,Summer,2016Summer
Hunting,Air.Temp.C,18.5323958333333,2016-06-30,2016,201606,06,0630,182,Summer,2016Summer
Hunting,Air.Temp.C,21.1990833333333,2016-07-01,2016,201607,07,0701,183,Summer,2016Summer
Hunting,Air.Temp.C,21.2150625,2016-07-02,2016,201607,07,0702,184,Summer,2016Summer
Hunting,Air.Temp.C,17.8674166666667,2016-07-03,2016,201607,07,0703,185,Summer,2016Summer
Hunting,Air.Temp.C,18.5775416666667,2016-07-04,2016,201607,07,0704,186,Summer,2016Summer
Hunting,Air.Temp.C,22.4168125,2016-07-05,2016,201607,07,0705,187,Summer,2016Summer
Hunting,Air.Temp.C,22.920625,2016-07-06,2016,201607,07,0706,188,Summer,2016Summer
Hunting,Air.Temp.C,22.8777916666667,2016-07-07,2016,201607,07,0707,189,Summer,2016Summer
Hunting,Air.Temp.C,23.665125,2016-07-08,2016,201607,07,0708,190,Summer,2016Summer
Hunting,Air.Temp.C,23.7334791666667,2016-07-09,2016,201607,07,0709,191,Summer,2016Summer
Hunting,Air.Temp.C,21.9500833333333,2016-07-10,2016,201607,07,0710,192,Summer,2016Summer
Hunting,Air.Temp.C,21.3170625,2016-07-11,2016,201607,07,0711,193,Summer,2016Summer
Hunting,Air.Temp.C,21.776,2016-07-12,2016,201607,07,0712,194,Summer,2016Summer
Hunting,Air.Temp.C,21.7216458333333,2016-07-13,2016,201607,07,0713,195,Summer,2016Summer
Hunting,Air.Temp.C,22.7592291666667,2016-07-14,2016,201607,07,0714,196,Summer,2016Summer
Hunting,Air.Temp.C,22.8308958333333,2016-07-15,2016,201607,07,0715,197,Summer,2016Summer
Hunting,Air.Temp.C,21.9401041666667,2016-07-16,2016,201607,07,0716,198,Summer,2016Summer
Hunting,Air.Temp.C,22.3139166666667,2016-07-17,2016,201607,07,0717,199,Summer,2016Summer
Hunting,Air.Temp.C,23.8593958333333,2016-07-18,2016,201607,07,0718,200,Summer,2016Summer
Hunting,Air.Temp.C,23.2024166666667,2016-07-19,2016,201607,07,0719,201,Summer,2016Summer
Hunting,Air.Temp.C,22.7293333333333,2016-07-20,2016,201607,07,0720,202,Summer,2016Summer
Hunting,Air.Temp.C,22.2176875,2016-07-21,2016,201607,07,0721,203,Summer,2016Summer
Hunting,Air.Temp.C,23.9181875,2016-07-22,2016,201607,07,0722,204,Summer,2016Summer
Hunting,Air.Temp.C,25.4531666666667,2016-07-23,2016,201607,07,0723,205,Summer,2016Summer
Hunting,Air.Temp.C,25.5888541666667,2016-07-24,2016,201607,07,0724,206,Summer,2016Summer
Hunting,Air.Temp.C,25.5878125,2016-07-25,2016,201607,07,0725,207,Summer,2016Summer
Hunting,Air.Temp.C,25.9778333333333,2016-07-26,2016,201607,07,0726,208,Summer,2016Summer
Hunting,Air.Temp.C,23.7419583333333,2016-07-27,2016,201607,07,0727,209,Summer,2016Summer
Hunting,Air.Temp.C,23.8836875,2016-07-28,2016,201607,07,0728,210,Summer,2016Summer
Hunting,Air.Temp.C,22.6914791666667,2016-07-29,2016,201607,07,0729,211,Summer,2016Summer
Hunting,Air.Temp.C,22.9383541666667,2016-07-30,2016,201607,07,0730,212,Summer,2016Summer
Hunting,Air.Temp.C,22.7660208333333,2016-07-31,2016,201607,07,0731,213,Summer,2016Summer
Hunting,Air.Temp.C,23.1754583333333,2016-08-01,2016,201608,08,0801,214,Summer,2016Summer
Hunting,Air.Temp.C,22.8512291666667,2016-08-02,2016,201608,08,0802,215,Summer,2016Summer
Hunting,Air.Temp.C,21.4124791666667,2016-08-03,2016,201608,08,0803,216,Summer,2016Summer
Hunting,Air.Temp.C,19.8122708333333,2016-08-04,2016,201608,08,0804,217,Summer,2016Summer
Hunting,Air.Temp.C,21.3158333333333,2016-08-05,2016,201608,08,0805,218,Summer,2016Summer
Hunting,Air.Temp.C,23.1925416666667,2016-08-06,2016,201608,08,0806,219,Summer,2016Summer
Hunting,Air.Temp.C,21.9503333333333,2016-08-07,2016,201608,08,0807,220,Summer,2016Summer
Hunting,Air.Temp.C,19.0510208333333,2016-08-08,2016,201608,08,0808,221,Summer,2016Summer
Hunting,Air.Temp.C,19.5747291666667,2016-08-09,2016,201608,08,0809,222,Summer,2016Summer
Hunting,Air.Temp.C,22.8731666666667,2016-08-10,2016,201608,08,0810,223,Summer,2016Summer
Hunting,Air.Temp.C,23.9986041666667,2016-08-11,2016,201608,08,0811,224,Summer,2016Summer
Hunting,Air.Temp.C,24.3948541666667,2016-08-12,2016,201608,08,0812,225,Summer,2016Summer
Hunting,Air.Temp.C,24.39025,2016-08-13,2016,201608,08,0813,226,Summer,2016Summer
Hunting,Air.Temp.C,23.9885625,2016-08-14,2016,201608,08,0814,227,Summer,2016Summer
Hunting,Air.Temp.C,23.2190208333333,2016-08-15,2016,201608,08,0815,228,Summer,2016Summer
Hunting,Air.Temp.C,23.3776666666667,2016-08-16,2016,201608,08,0816,229,Summer,2016Summer
Hunting,Air.Temp.C,23.0205208333333,2016-08-17,2016,201608,08,0817,230,Summer,2016Summer
Hunting,Air.Temp.C,22.2546041666667,2016-08-18,2016,201608,08,0818,231,Summer,2016Summer
Hunting,Air.Temp.C,21.6437916666667,2016-08-19,2016,201608,08,0819,232,Summer,2016Summer
Hunting,Air.Temp.C,22.3183958333333,2016-08-20,2016,201608,08,0820,233,Summer,2016Summer
Hunting,Air.Temp.C,22.1157083333333,2016-08-21,2016,201608,08,0821,234,Summer,2016Summer
Hunting,Air.Temp.C,19.5415625,2016-08-22,2016,201608,08,0822,235,Summer,2016Summer
Hunting,Air.Temp.C,19.4210416666667,2016-08-23,2016,201608,08,0823,236,Summer,2016Summer
Hunting,Air.Temp.C,20.5129583333333,2016-08-24,2016,201608,08,0824,237,Summer,2016Summer
Hunting,Air.Temp.C,22.7675208333333,2016-08-25,2016,201608,08,0825,238,Summer,2016Summer
Hunting,Air.Temp.C,22.601625,2016-08-26,2016,201608,08,0826,239,Summer,2016Summer
