SiteID,Parameter,mean,Date,Year,YearMonth,Month,MonthDay,JulianDay,Season,YearSeason
Hunting,Water.Temp.C,11.571125,2014-04-22,2014,201404,04,0422,112,Spring,2014Spring
Hunting,Water.Temp.C,10.6435208333333,2014-04-23,2014,201404,04,0423,113,Spring,2014Spring
Hunting,Water.Temp.C,10.1602083333333,2014-04-24,2014,201404,04,0424,114,Spring,2014Spring
Hunting,Water.Temp.C,10.1984791666667,2014-04-25,2014,201404,04,0425,115,Spring,2014Spring
Hunting,Water.Temp.C,11.0690625,2014-04-26,2014,201404,04,0426,116,Spring,2014Spring
Hunting,Water.Temp.C,11.8927291666667,2014-04-27,2014,201404,04,0427,117,Spring,2014Spring
Hunting,Water.Temp.C,11.06525,2014-04-28,2014,201404,04,0428,118,Spring,2014Spring
Hunting,Water.Temp.C,10.0964583333333,2014-04-29,2014,201404,04,0429,119,Spring,2014Spring
Hunting,Water.Temp.C,10.581875,2014-04-30,2014,201404,04,0430,120,Spring,2014Spring
Hunting,Water.Temp.C,11.6227916666667,2014-05-01,2014,201405,05,0501,121,Spring,2014Spring
Hunting,Water.Temp.C,10.9191041666667,2014-05-02,2014,201405,05,0502,122,Spring,2014Spring
Hunting,Water.Temp.C,11.0777708333333,2014-05-03,2014,201405,05,0503,123,Spring,2014Spring
Hunting,Water.Temp.C,11.3834583333333,2014-05-04,2014,201405,05,0504,124,Spring,2014Spring
Hunting,Water.Temp.C,11.2491875,2014-05-05,2014,201405,05,0505,125,Spring,2014Spring
Hunting,Water.Temp.C,11.6315,2014-05-06,2014,201405,05,0506,126,Spring,2014Spring
Hunting,Water.Temp.C,12.1567916666667,2014-05-07,2014,201405,05,0507,127,Spring,2014Spring
Hunting,Water.Temp.C,12.8785208333333,2014-05-08,2014,201405,05,0508,128,Spring,2014Spring
Hunting,Water.Temp.C,13.1102708333333,2014-05-09,2014,201405,05,0509,129,Spring,2014Spring
Hunting,Water.Temp.C,13.1184583333333,2014-05-10,2014,201405,05,0510,130,Spring,2014Spring
Hunting,Water.Temp.C,13.0802291666667,2014-05-11,2014,201405,05,0511,131,Spring,2014Spring
Hunting,Water.Temp.C,13.5204791666667,2014-05-12,2014,201405,05,0512,132,Spring,2014Spring
Hunting,Water.Temp.C,14.1624166666667,2014-05-13,2014,201405,05,0513,133,Spring,2014Spring
Hunting,Water.Temp.C,14.0783125,2014-05-14,2014,201405,05,0514,134,Spring,2014Spring
Hunting,Water.Temp.C,13.9045,2014-05-15,2014,201405,05,0515,135,Spring,2014Spring
Hunting,Water.Temp.C,12.3818541666667,2014-05-16,2014,201405,05,0516,136,Spring,2014Spring
Hunting,Water.Temp.C,11.0516666666667,2014-05-17,2014,201405,05,0517,137,Spring,2014Spring
Hunting,Water.Temp.C,10.8304791666667,2014-05-18,2014,201405,05,0518,138,Spring,2014Spring
Hunting,Water.Temp.C,10.7769583333333,2014-05-19,2014,201405,05,0519,139,Spring,2014Spring
Hunting,Water.Temp.C,11.5067916666667,2014-05-20,2014,201405,05,0520,140,Spring,2014Spring
Hunting,Water.Temp.C,12.5707916666667,2014-05-21,2014,201405,05,0521,141,Spring,2014Spring
Hunting,Water.Temp.C,13.2149166666667,2014-05-22,2014,201405,05,0522,142,Spring,2014Spring
Hunting,Water.Temp.C,12.9640833333333,2014-05-23,2014,201405,05,0523,143,Spring,2014Spring
Hunting,Water.Temp.C,12.459625,2014-05-24,2014,201405,05,0524,144,Spring,2014Spring
Hunting,Water.Temp.C,12.4783125,2014-05-25,2014,201405,05,0525,145,Spring,2014Spring
Hunting,Water.Temp.C,13.1277708333333,2014-05-26,2014,201405,05,0526,146,Spring,2014Spring
Hunting,Water.Temp.C,13.8323541666667,2014-05-27,2014,201405,05,0527,147,Spring,2014Spring
Hunting,Water.Temp.C,14.3887708333333,2014-05-28,2014,201405,05,0528,148,Spring,2014Spring
Hunting,Water.Temp.C,13.8108958333333,2014-05-29,2014,201405,05,0529,149,Spring,2014Spring
Hunting,Water.Temp.C,13.4648958333333,2014-05-30,2014,201405,05,0530,150,Spring,2014Spring
Hunting,Water.Temp.C,13.4590833333333,2014-05-31,2014,201405,05,0531,151,Spring,2014Spring
Hunting,Water.Temp.C,13.3576041666667,2014-06-01,2014,201406,06,0601,152,Summer,2014Summer
Hunting,Water.Temp.C,13.4122083333333,2014-06-02,2014,201406,06,0602,153,Summer,2014Summer
Hunting,Water.Temp.C,14.0080416666667,2014-06-03,2014,201406,06,0603,154,Summer,2014Summer
Hunting,Water.Temp.C,14.6844791666667,2014-06-04,2014,201406,06,0604,155,Summer,2014Summer
Hunting,Water.Temp.C,15.128375,2014-06-05,2014,201406,06,0605,156,Summer,2014Summer
Hunting,Water.Temp.C,14.5593333333333,2014-06-06,2014,201406,06,0606,157,Summer,2014Summer
Hunting,Water.Temp.C,14.4406666666667,2014-06-07,2014,201406,06,0607,158,Summer,2014Summer
Hunting,Water.Temp.C,14.8344791666667,2014-06-08,2014,201406,06,0608,159,Summer,2014Summer
Hunting,Water.Temp.C,15.1244375,2014-06-09,2014,201406,06,0609,160,Summer,2014Summer
Hunting,Water.Temp.C,15.5810208333333,2014-06-10,2014,201406,06,0610,161,Summer,2014Summer
Hunting,Water.Temp.C,15.7210208333333,2014-06-11,2014,201406,06,0611,162,Summer,2014Summer
Hunting,Water.Temp.C,15.5325625,2014-06-12,2014,201406,06,0612,163,Summer,2014Summer
Hunting,Water.Temp.C,15.6794583333333,2014-06-13,2014,201406,06,0613,164,Summer,2014Summer
Hunting,Water.Temp.C,15.557375,2014-06-14,2014,201406,06,0614,165,Summer,2014Summer
Hunting,Water.Temp.C,15.0892708333333,2014-06-15,2014,201406,06,0615,166,Summer,2014Summer
Hunting,Water.Temp.C,15.8563333333333,2014-06-16,2014,201406,06,0616,167,Summer,2014Summer
Hunting,Water.Temp.C,16.5520833333333,2014-06-17,2014,201406,06,0617,168,Summer,2014Summer
Hunting,Water.Temp.C,17.2875625,2014-06-18,2014,201406,06,0618,169,Summer,2014Summer
Hunting,Water.Temp.C,17.436875,2014-06-19,2014,201406,06,0619,170,Summer,2014Summer
Hunting,Water.Temp.C,17.1419791666667,2014-06-20,2014,201406,06,0620,171,Summer,2014Summer
Hunting,Water.Temp.C,16.9292083333333,2014-06-21,2014,201406,06,0621,172,Summer,2014Summer
Hunting,Water.Temp.C,16.6371458333333,2014-06-22,2014,201406,06,0622,173,Summer,2014Summer
Hunting,Water.Temp.C,16.1512708333333,2014-06-23,2014,201406,06,0623,174,Summer,2014Summer
Hunting,Water.Temp.C,16.34375,2014-06-24,2014,201406,06,0624,175,Summer,2014Summer
Hunting,Water.Temp.C,16.8424375,2014-06-25,2014,201406,06,0625,176,Summer,2014Summer
Hunting,Water.Temp.C,17.1800416666667,2014-06-26,2014,201406,06,0626,177,Summer,2014Summer
Hunting,Water.Temp.C,17.1687083333333,2014-06-27,2014,201406,06,0627,178,Summer,2014Summer
Hunting,Water.Temp.C,17.1196458333333,2014-06-28,2014,201406,06,0628,179,Summer,2014Summer
Hunting,Water.Temp.C,16.6311458333333,2014-06-29,2014,201406,06,0629,180,Summer,2014Summer
Hunting,Water.Temp.C,16.6433333333333,2014-06-30,2014,201406,06,0630,181,Summer,2014Summer
Hunting,Water.Temp.C,17.5779583333333,2014-07-01,2014,201407,07,0701,182,Summer,2014Summer
Hunting,Water.Temp.C,18.2172291666667,2014-07-02,2014,201407,07,0702,183,Summer,2014Summer
Hunting,Water.Temp.C,18.1067291666667,2014-07-03,2014,201407,07,0703,184,Summer,2014Summer
Hunting,Water.Temp.C,17.3402083333333,2014-07-04,2014,201407,07,0704,185,Summer,2014Summer
Hunting,Water.Temp.C,16.1755,2014-07-05,2014,201407,07,0705,186,Summer,2014Summer
Hunting,Water.Temp.C,16.0306458333333,2014-07-06,2014,201407,07,0706,187,Summer,2014Summer
Hunting,Water.Temp.C,16.9860833333333,2014-07-07,2014,201407,07,0707,188,Summer,2014Summer
Hunting,Water.Temp.C,17.7064166666667,2014-07-08,2014,201407,07,0708,189,Summer,2014Summer
Hunting,Water.Temp.C,17.910625,2014-07-09,2014,201407,07,0709,190,Summer,2014Summer
Hunting,Water.Temp.C,17.5479166666667,2014-07-10,2014,201407,07,0710,191,Summer,2014Summer
Hunting,Water.Temp.C,17.4947916666667,2014-07-11,2014,201407,07,0711,192,Summer,2014Summer
Hunting,Water.Temp.C,17.8377083333333,2014-07-12,2014,201407,07,0712,193,Summer,2014Summer
Hunting,Water.Temp.C,18.25875,2014-07-13,2014,201407,07,0713,194,Summer,2014Summer
Hunting,Water.Temp.C,18.6323333333333,2014-07-14,2014,201407,07,0714,195,Summer,2014Summer
Hunting,Water.Temp.C,18.3658125,2014-07-15,2014,201407,07,0715,196,Summer,2014Summer
Hunting,Water.Temp.C,17.5850833333333,2014-07-16,2014,201407,07,0716,197,Summer,2014Summer
Hunting,Water.Temp.C,16.7472083333333,2014-07-17,2014,201407,07,0717,198,Summer,2014Summer
Hunting,Water.Temp.C,16.5110416666667,2014-07-18,2014,201407,07,0718,199,Summer,2014Summer
Hunting,Water.Temp.C,16.6609375,2014-07-19,2014,201407,07,0719,200,Summer,2014Summer
Hunting,Water.Temp.C,16.6271666666667,2014-07-20,2014,201407,07,0720,201,Summer,2014Summer
Hunting,Water.Temp.C,16.9075833333333,2014-07-21,2014,201407,07,0721,202,Summer,2014Summer
Hunting,Water.Temp.C,17.4194791666667,2014-07-22,2014,201407,07,0722,203,Summer,2014Summer
Hunting,Water.Temp.C,18.061625,2014-07-23,2014,201407,07,0723,204,Summer,2014Summer
Hunting,Water.Temp.C,18.1230625,2014-07-24,2014,201407,07,0724,205,Summer,2014Summer
Hunting,Water.Temp.C,17.5964375,2014-07-25,2014,201407,07,0725,206,Summer,2014Summer
Hunting,Water.Temp.C,17.9378125,2014-07-26,2014,201407,07,0726,207,Summer,2014Summer
Hunting,Water.Temp.C,18.1989791666667,2014-07-27,2014,201407,07,0727,208,Summer,2014Summer
Hunting,Water.Temp.C,18.0671666666667,2014-07-28,2014,201407,07,0728,209,Summer,2014Summer
Hunting,Water.Temp.C,17.0650833333333,2014-07-29,2014,201407,07,0729,210,Summer,2014Summer
Hunting,Water.Temp.C,16.4648541666667,2014-07-30,2014,201407,07,0730,211,Summer,2014Summer
Hunting,Water.Temp.C,16.5456666666667,2014-07-31,2014,201407,07,0731,212,Summer,2014Summer
Hunting,Water.Temp.C,16.7379166666667,2014-08-01,2014,201408,08,0801,213,Summer,2014Summer
Hunting,Water.Temp.C,16.4421666666667,2014-08-02,2014,201408,08,0802,214,Summer,2014Summer
Hunting,Water.Temp.C,16.7079375,2014-08-03,2014,201408,08,0803,215,Summer,2014Summer
Hunting,Water.Temp.C,16.9375208333333,2014-08-04,2014,201408,08,0804,216,Summer,2014Summer
Hunting,Water.Temp.C,17.3704166666667,2014-08-05,2014,201408,08,0805,217,Summer,2014Summer
Hunting,Water.Temp.C,17.6127291666667,2014-08-06,2014,201408,08,0806,218,Summer,2014Summer
Hunting,Water.Temp.C,17.7331875,2014-08-07,2014,201408,08,0807,219,Summer,2014Summer
Hunting,Water.Temp.C,17.4210625,2014-08-08,2014,201408,08,0808,220,Summer,2014Summer
Hunting,Water.Temp.C,16.9813333333333,2014-08-09,2014,201408,08,0809,221,Summer,2014Summer
Hunting,Water.Temp.C,16.7740833333333,2014-08-10,2014,201408,08,0810,222,Summer,2014Summer
Hunting,Water.Temp.C,16.8187291666667,2014-08-11,2014,201408,08,0811,223,Summer,2014Summer
Hunting,Water.Temp.C,16.8651875,2014-08-12,2014,201408,08,0812,224,Summer,2014Summer
Hunting,Water.Temp.C,16.861875,2014-08-13,2014,201408,08,0813,225,Summer,2014Summer
Hunting,Water.Temp.C,16.4982083333333,2014-08-14,2014,201408,08,0814,226,Summer,2014Summer
Hunting,Water.Temp.C,16.6020869565217,2014-08-15,2014,201408,08,0815,227,Summer,2014Summer
Hunting,Water.Temp.C,16.4171666666667,2014-08-16,2014,201408,08,0816,228,Summer,2014Summer
Hunting,Water.Temp.C,16.9247291666667,2014-08-17,2014,201408,08,0817,229,Summer,2014Summer
Hunting,Water.Temp.C,17.1043125,2014-08-18,2014,201408,08,0818,230,Summer,2014Summer
Hunting,Water.Temp.C,17.33375,2014-08-19,2014,201408,08,0819,231,Summer,2014Summer
Hunting,Water.Temp.C,17.6440416666667,2014-08-20,2014,201408,08,0820,232,Summer,2014Summer
Hunting,Water.Temp.C,18.008625,2014-08-21,2014,201408,08,0821,233,Summer,2014Summer
Hunting,Water.Temp.C,18.0685625,2014-08-22,2014,201408,08,0822,234,Summer,2014Summer
Hunting,Water.Temp.C,17.9720625,2014-08-23,2014,201408,08,0823,235,Summer,2014Summer
Hunting,Water.Temp.C,17.3070208333333,2014-08-24,2014,201408,08,0824,236,Summer,2014Summer
Hunting,Water.Temp.C,16.6886666666667,2014-08-25,2014,201408,08,0825,237,Summer,2014Summer
Hunting,Water.Temp.C,16.3978125,2014-08-26,2014,201408,08,0826,238,Summer,2014Summer
Hunting,Water.Temp.C,16.5431458333333,2014-08-27,2014,201408,08,0827,239,Summer,2014Summer
Hunting,Water.Temp.C,17.6052916666667,2014-08-28,2014,201408,08,0828,240,Summer,2014Summer
Hunting,Water.Temp.C,17.217875,2014-08-29,2014,201408,08,0829,241,Summer,2014Summer
Hunting,Water.Temp.C,17.5037291666667,2014-08-30,2014,201408,08,0830,242,Summer,2014Summer
Hunting,Water.Temp.C,18.242,2014-08-31,2014,201408,08,0831,243,Summer,2014Summer
Hunting,Water.Temp.C,18.4470625,2014-09-01,2014,201409,09,0901,244,Fall,2014Fall
Hunting,Water.Temp.C,18.7011875,2014-09-02,2014,201409,09,0902,245,Fall,2014Fall
Hunting,Water.Temp.C,18.573375,2014-09-03,2014,201409,09,0903,246,Fall,2014Fall
Hunting,Water.Temp.C,18.3949791666667,2014-09-04,2014,201409,09,0904,247,Fall,2014Fall
Hunting,Water.Temp.C,18.3643958333333,2014-09-05,2014,201409,09,0905,248,Fall,2014Fall
Hunting,Water.Temp.C,18.51,2014-09-06,2014,201409,09,0906,249,Fall,2014Fall
Hunting,Water.Temp.C,18.1889791666667,2014-09-07,2014,201409,09,0907,250,Fall,2014Fall
Hunting,Water.Temp.C,17.1558541666667,2014-09-08,2014,201409,09,0908,251,Fall,2014Fall
Hunting,Water.Temp.C,16.8921041666667,2014-09-09,2014,201409,09,0909,252,Fall,2014Fall
Hunting,Water.Temp.C,17.0810416666667,2014-09-10,2014,201409,09,0910,253,Fall,2014Fall
Hunting,Water.Temp.C,17.6435208333333,2014-09-11,2014,201409,09,0911,254,Fall,2014Fall
Hunting,Water.Temp.C,17.684625,2014-09-12,2014,201409,09,0912,255,Fall,2014Fall
Hunting,Water.Temp.C,16.9758958333333,2014-09-13,2014,201409,09,0913,256,Fall,2014Fall
Hunting,Water.Temp.C,15.8785208333333,2014-09-14,2014,201409,09,0914,257,Fall,2014Fall
Hunting,Water.Temp.C,15.6360625,2014-09-15,2014,201409,09,0915,258,Fall,2014Fall
Hunting,Water.Temp.C,16.1974583333333,2014-09-16,2014,201409,09,0916,259,Fall,2014Fall
Hunting,Water.Temp.C,15.6881458333333,2014-09-17,2014,201409,09,0917,260,Fall,2014Fall
Hunting,Water.Temp.C,15.4796666666667,2014-09-18,2014,201409,09,0918,261,Fall,2014Fall
Hunting,Water.Temp.C,15.6330833333333,2014-09-19,2014,201409,09,0919,262,Fall,2014Fall
Hunting,Water.Temp.C,15.5613541666667,2014-09-20,2014,201409,09,0920,263,Fall,2014Fall
Hunting,Water.Temp.C,15.8563333333333,2014-09-21,2014,201409,09,0921,264,Fall,2014Fall
Hunting,Water.Temp.C,15.6423958333333,2014-09-22,2014,201409,09,0922,265,Fall,2014Fall
Hunting,Water.Temp.C,14.350875,2014-09-23,2014,201409,09,0923,266,Fall,2014Fall
Hunting,Water.Temp.C,13.9649375,2014-09-24,2014,201409,09,0924,267,Fall,2014Fall
Hunting,Water.Temp.C,14.7695416666667,2014-09-25,2014,201409,09,0925,268,Fall,2014Fall
Hunting,Water.Temp.C,15.3877083333333,2014-09-26,2014,201409,09,0926,269,Fall,2014Fall
Hunting,Water.Temp.C,15.06375,2014-09-27,2014,201409,09,0927,270,Fall,2014Fall
Hunting,Water.Temp.C,14.9291666666667,2014-09-28,2014,201409,09,0928,271,Fall,2014Fall
Hunting,Water.Temp.C,15.2836666666667,2014-09-29,2014,201409,09,0929,272,Fall,2014Fall
Hunting,Water.Temp.C,15.3921458333333,2014-09-30,2014,201409,09,0930,273,Fall,2014Fall
Hunting,Water.Temp.C,15.6483333333333,2014-10-01,2014,201410,10,1001,274,Fall,2014Fall
Hunting,Water.Temp.C,15.737375,2014-10-02,2014,201410,10,1002,275,Fall,2014Fall
Hunting,Water.Temp.C,16.0181666666667,2014-10-03,2014,201410,10,1003,276,Fall,2014Fall
Hunting,Water.Temp.C,14.7665,2014-10-04,2014,201410,10,1004,277,Fall,2014Fall
Hunting,Water.Temp.C,12.2637916666667,2014-10-05,2014,201410,10,1005,278,Fall,2014Fall
Hunting,Water.Temp.C,12.1537291666667,2014-10-06,2014,201410,10,1006,279,Fall,2014Fall
Hunting,Water.Temp.C,13.284875,2014-10-07,2014,201410,10,1007,280,Fall,2014Fall
Hunting,Water.Temp.C,13.87,2014-10-08,2014,201410,10,1008,281,Fall,2014Fall
Hunting,Water.Temp.C,13.5223958333333,2014-10-09,2014,201410,10,1009,282,Fall,2014Fall
Hunting,Water.Temp.C,13.6857916666667,2014-10-10,2014,201410,10,1010,283,Fall,2014Fall
Hunting,Water.Temp.C,13.864,2014-10-11,2014,201410,10,1011,284,Fall,2014Fall
Hunting,Water.Temp.C,13.3250208333333,2014-10-12,2014,201410,10,1012,285,Fall,2014Fall
Hunting,Water.Temp.C,13.154,2014-10-13,2014,201410,10,1013,286,Fall,2014Fall
Hunting,Water.Temp.C,14.8148333333333,2014-10-14,2014,201410,10,1014,287,Fall,2014Fall
Hunting,Water.Temp.C,15.2706666666667,2014-10-15,2014,201410,10,1015,288,Fall,2014Fall
Hunting,Water.Temp.C,14.009875,2014-10-16,2014,201410,10,1016,289,Fall,2014Fall
Hunting,Water.Temp.C,13.5660625,2014-10-17,2014,201410,10,1017,290,Fall,2014Fall
Hunting,Water.Temp.C,13.4887708333333,2014-10-18,2014,201410,10,1018,291,Fall,2014Fall
Hunting,Water.Temp.C,11.9853333333333,2014-10-19,2014,201410,10,1019,292,Fall,2014Fall
Hunting,Water.Temp.C,11.4121875,2014-10-20,2014,201410,10,1020,293,Fall,2014Fall
Hunting,Water.Temp.C,12.1348958333333,2014-10-21,2014,201410,10,1021,294,Fall,2014Fall
Hunting,Water.Temp.C,11.4828333333333,2014-10-22,2014,201410,10,1022,295,Fall,2014Fall
Hunting,Water.Temp.C,10.9443958333333,2014-10-23,2014,201410,10,1023,296,Fall,2014Fall
Hunting,Water.Temp.C,11.1931666666667,2014-10-24,2014,201410,10,1024,297,Fall,2014Fall
Hunting,Water.Temp.C,11.2757291666667,2014-10-25,2014,201410,10,1025,298,Fall,2014Fall
Hunting,Water.Temp.C,11.85025,2014-10-26,2014,201410,10,1026,299,Fall,2014Fall
Hunting,Water.Temp.C,11.5826041666667,2014-10-27,2014,201410,10,1027,300,Fall,2014Fall
Hunting,Water.Temp.C,12.4285625,2014-10-28,2014,201410,10,1028,301,Fall,2014Fall
Hunting,Water.Temp.C,12.877875,2014-10-29,2014,201410,10,1029,302,Fall,2014Fall
Hunting,Water.Temp.C,11.3894583333333,2014-10-30,2014,201410,10,1030,303,Fall,2014Fall
Hunting,Water.Temp.C,10.3787083333333,2014-10-31,2014,201410,10,1031,304,Fall,2014Fall
Hunting,Water.Temp.C,10.0598958333333,2014-11-01,2014,201411,11,1101,305,Fall,2014Fall
Hunting,Water.Temp.C,8.23675,2014-11-02,2014,201411,11,1102,306,Fall,2014Fall
Hunting,Water.Temp.C,8.07264583333333,2014-11-03,2014,201411,11,1103,307,Fall,2014Fall
Hunting,Water.Temp.C,9.44258333333333,2014-11-04,2014,201411,11,1104,308,Fall,2014Fall
Hunting,Water.Temp.C,10.4981458333333,2014-11-05,2014,201411,11,1105,309,Fall,2014Fall
Hunting,Water.Temp.C,11.078125,2014-11-06,2014,201411,11,1106,310,Fall,2014Fall
Hunting,Water.Temp.C,9.53152083333333,2014-11-07,2014,201411,11,1107,311,Fall,2014Fall
Hunting,Water.Temp.C,8.23229166666667,2014-11-08,2014,201411,11,1108,312,Fall,2014Fall
Hunting,Water.Temp.C,8.70808333333333,2014-11-09,2014,201411,11,1109,313,Fall,2014Fall
Hunting,Water.Temp.C,8.68347916666667,2014-11-10,2014,201411,11,1110,314,Fall,2014Fall
Hunting,Water.Temp.C,8.82510416666667,2014-11-11,2014,201411,11,1111,315,Fall,2014Fall
Hunting,Water.Temp.C,9.61725,2014-11-12,2014,201411,11,1112,316,Fall,2014Fall
Hunting,Water.Temp.C,9.19345833333333,2014-11-13,2014,201411,11,1113,317,Fall,2014Fall
Hunting,Water.Temp.C,6.939375,2014-11-14,2014,201411,11,1114,318,Fall,2014Fall
Hunting,Water.Temp.C,5.25454166666667,2014-11-15,2014,201411,11,1115,319,Fall,2014Fall
Hunting,Water.Temp.C,5.92777083333333,2014-11-16,2014,201411,11,1116,320,Fall,2014Fall
Hunting,Water.Temp.C,6.96010416666667,2014-11-17,2014,201411,11,1117,321,Fall,2014Fall
Hunting,Water.Temp.C,4.84254166666667,2014-11-18,2014,201411,11,1118,322,Fall,2014Fall
Hunting,Water.Temp.C,3.38466666666667,2014-11-19,2014,201411,11,1119,323,Fall,2014Fall
Hunting,Water.Temp.C,4.2473125,2014-11-20,2014,201411,11,1120,324,Fall,2014Fall
Hunting,Water.Temp.C,3.90322916666667,2014-11-21,2014,201411,11,1121,325,Fall,2014Fall
Hunting,Water.Temp.C,3.58141666666667,2014-11-22,2014,201411,11,1122,326,Fall,2014Fall
Hunting,Water.Temp.C,4.77689583333333,2014-11-23,2014,201411,11,1123,327,Fall,2014Fall
Hunting,Water.Temp.C,8.3570625,2014-11-24,2014,201411,11,1124,328,Fall,2014Fall
Hunting,Water.Temp.C,8.7134375,2014-11-25,2014,201411,11,1125,329,Fall,2014Fall
Hunting,Water.Temp.C,7.60783333333333,2014-11-26,2014,201411,11,1126,330,Fall,2014Fall
Hunting,Water.Temp.C,7.19327083333333,2014-11-27,2014,201411,11,1127,331,Fall,2014Fall
Hunting,Water.Temp.C,5.94510416666667,2014-11-28,2014,201411,11,1128,332,Fall,2014Fall
Hunting,Water.Temp.C,5.83164583333333,2014-11-29,2014,201411,11,1129,333,Fall,2014Fall
Hunting,Water.Temp.C,6.81260416666667,2014-11-30,2014,201411,11,1130,334,Fall,2014Fall
Hunting,Water.Temp.C,8.6533125,2014-12-01,2014,201412,12,1201,335,Winter,2014Winter
Hunting,Water.Temp.C,8.26689583333333,2014-12-02,2014,201412,12,1202,336,Winter,2014Winter
Hunting,Water.Temp.C,8.03339583333333,2014-12-03,2014,201412,12,1203,337,Winter,2014Winter
Hunting,Water.Temp.C,8.00585416666667,2014-12-04,2014,201412,12,1204,338,Winter,2014Winter
Hunting,Water.Temp.C,7.6711875,2014-12-05,2014,201412,12,1205,339,Winter,2014Winter
Hunting,Water.Temp.C,8.5725,2014-12-06,2014,201412,12,1206,340,Winter,2014Winter
Hunting,Water.Temp.C,7.80252083333333,2014-12-07,2014,201412,12,1207,341,Winter,2014Winter
Hunting,Water.Temp.C,6.72847916666667,2014-12-08,2014,201412,12,1208,342,Winter,2014Winter
Hunting,Water.Temp.C,7.177,2014-12-09,2014,201412,12,1209,343,Winter,2014Winter
Hunting,Water.Temp.C,6.84039583333333,2014-12-10,2014,201412,12,1210,344,Winter,2014Winter
Hunting,Water.Temp.C,5.5201875,2014-12-11,2014,201412,12,1211,345,Winter,2014Winter
Hunting,Water.Temp.C,5.51122916666667,2014-12-12,2014,201412,12,1212,346,Winter,2014Winter
Hunting,Water.Temp.C,6.203,2014-12-13,2014,201412,12,1213,347,Winter,2014Winter
Hunting,Water.Temp.C,6.49908333333333,2014-12-14,2014,201412,12,1214,348,Winter,2014Winter
Hunting,Water.Temp.C,6.73635416666667,2014-12-15,2014,201412,12,1215,349,Winter,2014Winter
Hunting,Water.Temp.C,7.18285416666667,2014-12-16,2014,201412,12,1216,350,Winter,2014Winter
Hunting,Water.Temp.C,7.28410416666667,2014-12-17,2014,201412,12,1217,351,Winter,2014Winter
Hunting,Water.Temp.C,6.20491666666667,2014-12-18,2014,201412,12,1218,352,Winter,2014Winter
Hunting,Water.Temp.C,5.8439375,2014-12-19,2014,201412,12,1219,353,Winter,2014Winter
Hunting,Water.Temp.C,5.57610416666667,2014-12-20,2014,201412,12,1220,354,Winter,2014Winter
Hunting,Water.Temp.C,5.84660416666667,2014-12-21,2014,201412,12,1221,355,Winter,2014Winter
Hunting,Water.Temp.C,5.9224375,2014-12-22,2014,201412,12,1222,356,Winter,2014Winter
Hunting,Water.Temp.C,6.5615,2014-12-23,2014,201412,12,1223,357,Winter,2014Winter
Hunting,Water.Temp.C,7.56564583333333,2014-12-24,2014,201412,12,1224,358,Winter,2014Winter
Hunting,Water.Temp.C,7.82789583333333,2014-12-25,2014,201412,12,1225,359,Winter,2014Winter
Hunting,Water.Temp.C,6.561,2014-12-26,2014,201412,12,1226,360,Winter,2014Winter
Hunting,Water.Temp.C,6.91689583333333,2014-12-27,2014,201412,12,1227,361,Winter,2014Winter
Hunting,Water.Temp.C,8.10029166666667,2014-12-28,2014,201412,12,1228,362,Winter,2014Winter
Hunting,Water.Temp.C,8.10020833333333,2014-12-29,2014,201412,12,1229,363,Winter,2014Winter
Hunting,Water.Temp.C,6.74339583333333,2014-12-30,2014,201412,12,1230,364,Winter,2014Winter
Hunting,Water.Temp.C,5.349625,2014-12-31,2014,201412,12,1231,365,Winter,2014Winter
Hunting,Water.Temp.C,4.80285416666667,2015-01-01,2015,201501,01,0101,1,Winter,2015Winter
Hunting,Water.Temp.C,5.834875,2015-01-02,2015,201501,01,0102,2,Winter,2015Winter
Hunting,Water.Temp.C,6.51504166666667,2015-01-03,2015,201501,01,0103,3,Winter,2015Winter
Hunting,Water.Temp.C,8.00320833333333,2015-01-04,2015,201501,01,0104,4,Winter,2015Winter
Hunting,Water.Temp.C,6.4116875,2015-01-05,2015,201501,01,0105,5,Winter,2015Winter
Hunting,Water.Temp.C,5.111875,2015-01-06,2015,201501,01,0106,6,Winter,2015Winter
Hunting,Water.Temp.C,3.97879166666667,2015-01-07,2015,201501,01,0107,7,Winter,2015Winter
Hunting,Water.Temp.C,1.6671875,2015-01-08,2015,201501,01,0108,8,Winter,2015Winter
Hunting,Water.Temp.C,2.60966666666667,2015-01-09,2015,201501,01,0109,9,Winter,2015Winter
Hunting,Water.Temp.C,2.28047916666667,2015-01-10,2015,201501,01,0110,10,Winter,2015Winter
Hunting,Water.Temp.C,2.63733333333333,2015-01-11,2015,201501,01,0111,11,Winter,2015Winter
Hunting,Water.Temp.C,4.5830625,2015-01-12,2015,201501,01,0112,12,Winter,2015Winter
Hunting,Water.Temp.C,5.515875,2015-01-13,2015,201501,01,0113,13,Winter,2015Winter
Hunting,Water.Temp.C,4.67235416666667,2015-01-14,2015,201501,01,0114,14,Winter,2015Winter
Hunting,Water.Temp.C,4.66039583333333,2015-01-15,2015,201501,01,0115,15,Winter,2015Winter
Hunting,Water.Temp.C,4.5816875,2015-01-16,2015,201501,01,0116,16,Winter,2015Winter
Hunting,Water.Temp.C,4.506875,2015-01-17,2015,201501,01,0117,17,Winter,2015Winter
Hunting,Water.Temp.C,5.13902083333333,2015-01-18,2015,201501,01,0118,18,Winter,2015Winter
Hunting,Water.Temp.C,5.3158125,2015-01-19,2015,201501,01,0119,19,Winter,2015Winter
Hunting,Water.Temp.C,5.44160416666667,2015-01-20,2015,201501,01,0120,20,Winter,2015Winter
Hunting,Water.Temp.C,5.81614583333333,2015-01-21,2015,201501,01,0121,21,Winter,2015Winter
Hunting,Water.Temp.C,5.526875,2015-01-22,2015,201501,01,0122,22,Winter,2015Winter
Hunting,Water.Temp.C,5.0071875,2015-01-23,2015,201501,01,0123,23,Winter,2015Winter
Hunting,Water.Temp.C,5.06566666666667,2015-01-24,2015,201501,01,0124,24,Winter,2015Winter
Hunting,Water.Temp.C,5.1515,2015-01-25,2015,201501,01,0125,25,Winter,2015Winter
Hunting,Water.Temp.C,5.703875,2015-01-26,2015,201501,01,0126,26,Winter,2015Winter
Hunting,Water.Temp.C,4.1669375,2015-01-27,2015,201501,01,0127,27,Winter,2015Winter
Hunting,Water.Temp.C,3.04283333333333,2015-01-28,2015,201501,01,0128,28,Winter,2015Winter
Hunting,Water.Temp.C,3.462875,2015-01-29,2015,201501,01,0129,29,Winter,2015Winter
Hunting,Water.Temp.C,4.0825,2015-01-30,2015,201501,01,0130,30,Winter,2015Winter
Hunting,Water.Temp.C,2.775,2015-01-31,2015,201501,01,0131,31,Winter,2015Winter
Hunting,Water.Temp.C,4.16822916666667,2015-02-01,2015,201502,02,0201,32,Winter,2015Winter
Hunting,Water.Temp.C,5.26672916666667,2015-02-02,2015,201502,02,0202,33,Winter,2015Winter
Hunting,Water.Temp.C,3.13883333333333,2015-02-03,2015,201502,02,0203,34,Winter,2015Winter
Hunting,Water.Temp.C,3.68127083333333,2015-02-04,2015,201502,02,0204,35,Winter,2015Winter
Hunting,Water.Temp.C,3.973875,2015-02-05,2015,201502,02,0205,36,Winter,2015Winter
Hunting,Water.Temp.C,2.5705625,2015-02-06,2015,201502,02,0206,37,Winter,2015Winter
Hunting,Water.Temp.C,3.76072916666667,2015-02-07,2015,201502,02,0207,38,Winter,2015Winter
Hunting,Water.Temp.C,5.15464583333333,2015-02-08,2015,201502,02,0208,39,Winter,2015Winter
Hunting,Water.Temp.C,6.8063125,2015-02-09,2015,201502,02,0209,40,Winter,2015Winter
Hunting,Water.Temp.C,6.19425,2015-02-10,2015,201502,02,0210,41,Winter,2015Winter
Hunting,Water.Temp.C,5.14233333333333,2015-02-11,2015,201502,02,0211,42,Winter,2015Winter
Hunting,Water.Temp.C,4.99789583333333,2015-02-12,2015,201502,02,0212,43,Winter,2015Winter
Hunting,Water.Temp.C,2.53258333333333,2015-02-13,2015,201502,02,0213,44,Winter,2015Winter
Hunting,Water.Temp.C,2.7716875,2015-02-14,2015,201502,02,0214,45,Winter,2015Winter
Hunting,Water.Temp.C,0.8888125,2015-02-15,2015,201502,02,0215,46,Winter,2015Winter
Hunting,Water.Temp.C,0.3273125,2015-02-16,2015,201502,02,0216,47,Winter,2015Winter
Hunting,Water.Temp.C,0.902875,2015-02-17,2015,201502,02,0217,48,Winter,2015Winter
Hunting,Water.Temp.C,1.51854166666667,2015-02-18,2015,201502,02,0218,49,Winter,2015Winter
Hunting,Water.Temp.C,0.617708333333333,2015-02-19,2015,201502,02,0219,50,Winter,2015Winter
Hunting,Water.Temp.C,0.242270833333333,2015-02-20,2015,201502,02,0220,51,Winter,2015Winter
Hunting,Water.Temp.C,0.196333333333333,2015-02-21,2015,201502,02,0221,52,Winter,2015Winter
Hunting,Water.Temp.C,2.02316666666667,2015-02-22,2015,201502,02,0222,53,Winter,2015Winter
Hunting,Water.Temp.C,3.34577083333333,2015-02-23,2015,201502,02,0223,54,Winter,2015Winter
Hunting,Water.Temp.C,2.182375,2015-02-24,2015,201502,02,0224,55,Winter,2015Winter
Hunting,Water.Temp.C,2.35983333333333,2015-02-25,2015,201502,02,0225,56,Winter,2015Winter
Hunting,Water.Temp.C,3.1725,2015-02-26,2015,201502,02,0226,57,Winter,2015Winter
Hunting,Water.Temp.C,3.04947916666667,2015-02-27,2015,201502,02,0227,58,Winter,2015Winter
Hunting,Water.Temp.C,2.1335,2015-02-28,2015,201502,02,0228,59,Winter,2015Winter
Hunting,Water.Temp.C,2.6578125,2015-03-01,2015,201503,03,0301,60,Spring,2015Spring
Hunting,Water.Temp.C,4.26347916666667,2015-03-02,2015,201503,03,0302,61,Spring,2015Spring
Hunting,Water.Temp.C,3.901875,2015-03-03,2015,201503,03,0303,62,Spring,2015Spring
Hunting,Water.Temp.C,4.97041666666667,2015-03-04,2015,201503,03,0304,63,Spring,2015Spring
Hunting,Water.Temp.C,4.8750625,2015-03-05,2015,201503,03,0305,64,Spring,2015Spring
Hunting,Water.Temp.C,3.31775,2015-03-06,2015,201503,03,0306,65,Spring,2015Spring
Hunting,Water.Temp.C,4.11666666666667,2015-03-07,2015,201503,03,0307,66,Spring,2015Spring
Hunting,Water.Temp.C,5.66716666666667,2015-03-08,2015,201503,03,0308,67,Spring,2015Spring
Hunting,Water.Temp.C,6.74166666666667,2015-03-09,2015,201503,03,0309,68,Spring,2015Spring
Hunting,Water.Temp.C,7.39289583333333,2015-03-10,2015,201503,03,0310,69,Spring,2015Spring
Hunting,Water.Temp.C,8.9633125,2015-03-11,2015,201503,03,0311,70,Spring,2015Spring
Hunting,Water.Temp.C,8.257125,2015-03-12,2015,201503,03,0312,71,Spring,2015Spring
Hunting,Water.Temp.C,7.34785416666667,2015-03-13,2015,201503,03,0313,72,Spring,2015Spring
Hunting,Water.Temp.C,7.9910625,2015-03-14,2015,201503,03,0314,73,Spring,2015Spring
Hunting,Water.Temp.C,8.44902083333333,2015-03-15,2015,201503,03,0315,74,Spring,2015Spring
Hunting,Water.Temp.C,8.64583333333333,2015-03-16,2015,201503,03,0316,75,Spring,2015Spring
Hunting,Water.Temp.C,9.44960416666667,2015-03-17,2015,201503,03,0317,76,Spring,2015Spring
Hunting,Water.Temp.C,7.6568125,2015-03-18,2015,201503,03,0318,77,Spring,2015Spring
Hunting,Water.Temp.C,7.12720833333333,2015-03-19,2015,201503,03,0319,78,Spring,2015Spring
Hunting,Water.Temp.C,7.0244375,2015-03-20,2015,201503,03,0320,79,Spring,2015Spring
Hunting,Water.Temp.C,8.30395833333333,2015-03-21,2015,201503,03,0321,80,Spring,2015Spring
Hunting,Water.Temp.C,9.04189583333333,2015-03-22,2015,201503,03,0322,81,Spring,2015Spring
Hunting,Water.Temp.C,8.56158333333333,2015-03-23,2015,201503,03,0323,82,Spring,2015Spring
Hunting,Water.Temp.C,8.107125,2015-03-24,2015,201503,03,0324,83,Spring,2015Spring
Hunting,Water.Temp.C,7.94016666666667,2015-03-25,2015,201503,03,0325,84,Spring,2015Spring
Hunting,Water.Temp.C,9.75725,2015-03-26,2015,201503,03,0326,85,Spring,2015Spring
Hunting,Water.Temp.C,8.81608333333333,2015-03-27,2015,201503,03,0327,86,Spring,2015Spring
Hunting,Water.Temp.C,6.50027083333333,2015-03-28,2015,201503,03,0328,87,Spring,2015Spring
Hunting,Water.Temp.C,5.88829166666667,2015-03-29,2015,201503,03,0329,88,Spring,2015Spring
Hunting,Water.Temp.C,7.41641666666667,2015-03-30,2015,201503,03,0330,89,Spring,2015Spring
Hunting,Water.Temp.C,8.39754166666667,2015-03-31,2015,201503,03,0331,90,Spring,2015Spring
Hunting,Water.Temp.C,8.78408333333333,2015-04-01,2015,201504,04,0401,91,Spring,2015Spring
Hunting,Water.Temp.C,9.25058333333333,2015-04-02,2015,201504,04,0402,92,Spring,2015Spring
Hunting,Water.Temp.C,10.7237291666667,2015-04-03,2015,201504,04,0403,93,Spring,2015Spring
Hunting,Water.Temp.C,10.1062291666667,2015-04-04,2015,201504,04,0404,94,Spring,2015Spring
Hunting,Water.Temp.C,8.92325,2015-04-05,2015,201504,04,0405,95,Spring,2015Spring
Hunting,Water.Temp.C,9.86395833333333,2015-04-06,2015,201504,04,0406,96,Spring,2015Spring
Hunting,Water.Temp.C,11.0801458333333,2015-04-07,2015,201504,04,0407,97,Spring,2015Spring
Hunting,Water.Temp.C,11.7577916666667,2015-04-08,2015,201504,04,0408,98,Spring,2015Spring
Hunting,Water.Temp.C,11.1823125,2015-04-09,2015,201504,04,0409,99,Spring,2015Spring
Hunting,Water.Temp.C,11.5663333333333,2015-04-10,2015,201504,04,0410,100,Spring,2015Spring
Hunting,Water.Temp.C,11.251625,2015-04-11,2015,201504,04,0411,101,Spring,2015Spring
Hunting,Water.Temp.C,10.5014375,2015-04-12,2015,201504,04,0412,102,Spring,2015Spring
Hunting,Water.Temp.C,11.3228125,2015-04-13,2015,201504,04,0413,103,Spring,2015Spring
Hunting,Water.Temp.C,11.80525,2015-04-14,2015,201504,04,0414,104,Spring,2015Spring
Hunting,Water.Temp.C,10.868875,2015-04-15,2015,201504,04,0415,105,Spring,2015Spring
Hunting,Water.Temp.C,10.3038541666667,2015-04-16,2015,201504,04,0416,106,Spring,2015Spring
Hunting,Water.Temp.C,11.6674166666667,2015-04-17,2015,201504,04,0417,107,Spring,2015Spring
Hunting,Water.Temp.C,12.2161458333333,2015-04-18,2015,201504,04,0418,108,Spring,2015Spring
Hunting,Water.Temp.C,11.6662083333333,2015-04-19,2015,201504,04,0419,109,Spring,2015Spring
Hunting,Water.Temp.C,11.2797708333333,2015-04-20,2015,201504,04,0420,110,Spring,2015Spring
Hunting,Water.Temp.C,10.2407083333333,2015-04-21,2015,201504,04,0421,111,Spring,2015Spring
Hunting,Water.Temp.C,10.1261875,2015-04-22,2015,201504,04,0422,112,Spring,2015Spring
Hunting,Water.Temp.C,9.557875,2015-04-23,2015,201504,04,0423,113,Spring,2015Spring
Hunting,Water.Temp.C,9.31377083333333,2015-04-24,2015,201504,04,0424,114,Spring,2015Spring
Hunting,Water.Temp.C,9.02154166666667,2015-04-25,2015,201504,04,0425,115,Spring,2015Spring
Hunting,Water.Temp.C,8.8885,2015-04-26,2015,201504,04,0426,116,Spring,2015Spring
Hunting,Water.Temp.C,9.3853125,2015-04-27,2015,201504,04,0427,117,Spring,2015Spring
Hunting,Water.Temp.C,9.72354166666667,2015-04-28,2015,201504,04,0428,118,Spring,2015Spring
Hunting,Water.Temp.C,10.4234583333333,2015-04-29,2015,201504,04,0429,119,Spring,2015Spring
Hunting,Water.Temp.C,10.6655,2015-04-30,2015,201504,04,0430,120,Spring,2015Spring
Hunting,Water.Temp.C,10.5735208333333,2015-05-01,2015,201505,05,0501,121,Spring,2015Spring
Hunting,Water.Temp.C,10.8030833333333,2015-05-02,2015,201505,05,0502,122,Spring,2015Spring
Hunting,Water.Temp.C,11.0478125,2015-05-03,2015,201505,05,0503,123,Spring,2015Spring
Hunting,Water.Temp.C,11.7216875,2015-05-04,2015,201505,05,0504,124,Spring,2015Spring
Hunting,Water.Temp.C,12.3868333333333,2015-05-05,2015,201505,05,0505,125,Spring,2015Spring
Hunting,Water.Temp.C,12.8511875,2015-05-06,2015,201505,05,0506,126,Spring,2015Spring
Hunting,Water.Temp.C,13.0990625,2015-05-07,2015,201505,05,0507,127,Spring,2015Spring
Hunting,Water.Temp.C,13.4096875,2015-05-08,2015,201505,05,0508,128,Spring,2015Spring
Hunting,Water.Temp.C,13.4805416666667,2015-05-09,2015,201505,05,0509,129,Spring,2015Spring
Hunting,Water.Temp.C,13.6210416666667,2015-05-10,2015,201505,05,0510,130,Spring,2015Spring
Hunting,Water.Temp.C,14.0248333333333,2015-05-11,2015,201505,05,0511,131,Spring,2015Spring
Hunting,Water.Temp.C,14.5333958333333,2015-05-12,2015,201505,05,0512,132,Spring,2015Spring
Hunting,Water.Temp.C,13.4290625,2015-05-13,2015,201505,05,0513,133,Spring,2015Spring
Hunting,Water.Temp.C,12.293875,2015-05-14,2015,201505,05,0514,134,Spring,2015Spring
Hunting,Water.Temp.C,12.6167916666667,2015-05-15,2015,201505,05,0515,135,Spring,2015Spring
Hunting,Water.Temp.C,13.70675,2015-05-16,2015,201505,05,0516,136,Spring,2015Spring
Hunting,Water.Temp.C,14.183125,2015-05-17,2015,201505,05,0517,137,Spring,2015Spring
Hunting,Water.Temp.C,14.7019583333333,2015-05-18,2015,201505,05,0518,138,Spring,2015Spring
Hunting,Water.Temp.C,15.1432916666667,2015-05-19,2015,201505,05,0519,139,Spring,2015Spring
Hunting,Water.Temp.C,14.6302291666667,2015-05-20,2015,201505,05,0520,140,Spring,2015Spring
Hunting,Water.Temp.C,13.2977083333333,2015-05-21,2015,201505,05,0521,141,Spring,2015Spring
Hunting,Water.Temp.C,12.5778125,2015-05-22,2015,201505,05,0522,142,Spring,2015Spring
Hunting,Water.Temp.C,12.7417916666667,2015-05-23,2015,201505,05,0523,143,Spring,2015Spring
Hunting,Water.Temp.C,13.3147291666667,2015-05-24,2015,201505,05,0524,144,Spring,2015Spring
Hunting,Water.Temp.C,13.9899375,2015-05-25,2015,201505,05,0525,145,Spring,2015Spring
Hunting,Water.Temp.C,14.5537708333333,2015-05-26,2015,201505,05,0526,146,Spring,2015Spring
Hunting,Water.Temp.C,15.2283958333333,2015-05-27,2015,201505,05,0527,147,Spring,2015Spring
Hunting,Water.Temp.C,15.3966458333333,2015-05-28,2015,201505,05,0528,148,Spring,2015Spring
Hunting,Water.Temp.C,15.538375,2015-05-29,2015,201505,05,0529,149,Spring,2015Spring
Hunting,Water.Temp.C,15.8048125,2015-05-30,2015,201505,05,0530,150,Spring,2015Spring
Hunting,Water.Temp.C,15.8764583333333,2015-05-31,2015,201505,05,0531,151,Spring,2015Spring
Hunting,Water.Temp.C,15.9326458333333,2015-06-01,2015,201506,06,0601,152,Summer,2015Summer
Hunting,Water.Temp.C,15.5394583333333,2015-06-02,2015,201506,06,0602,153,Summer,2015Summer
Hunting,Water.Temp.C,14.2405,2015-06-03,2015,201506,06,0603,154,Summer,2015Summer
Hunting,Water.Temp.C,13.7089791666667,2015-06-04,2015,201506,06,0604,155,Summer,2015Summer
Hunting,Water.Temp.C,13.9846458333333,2015-06-05,2015,201506,06,0605,156,Summer,2015Summer
Hunting,Water.Temp.C,14.6824166666667,2015-06-06,2015,201506,06,0606,157,Summer,2015Summer
Hunting,Water.Temp.C,14.8262083333333,2015-06-07,2015,201506,06,0607,158,Summer,2015Summer
Hunting,Water.Temp.C,15.3292708333333,2015-06-08,2015,201506,06,0608,159,Summer,2015Summer
Hunting,Water.Temp.C,15.5498958333333,2015-06-09,2015,201506,06,0609,160,Summer,2015Summer
Hunting,Water.Temp.C,15.1906666666667,2015-06-10,2015,201506,06,0610,161,Summer,2015Summer
Hunting,Water.Temp.C,15.6679375,2015-06-11,2015,201506,06,0611,162,Summer,2015Summer
Hunting,Water.Temp.C,16.1839583333333,2015-06-12,2015,201506,06,0612,163,Summer,2015Summer
Hunting,Water.Temp.C,16.7353125,2015-06-13,2015,201506,06,0613,164,Summer,2015Summer
Hunting,Water.Temp.C,16.8086875,2015-06-14,2015,201506,06,0614,165,Summer,2015Summer
Hunting,Water.Temp.C,17.2042083333333,2015-06-15,2015,201506,06,0615,166,Summer,2015Summer
Hunting,Water.Temp.C,17.7495833333333,2015-06-16,2015,201506,06,0616,167,Summer,2015Summer
Hunting,Water.Temp.C,17.4784791666667,2015-06-17,2015,201506,06,0617,168,Summer,2015Summer
Hunting,Water.Temp.C,17.4918333333333,2015-06-18,2015,201506,06,0618,169,Summer,2015Summer
Hunting,Water.Temp.C,17.4784791666667,2015-06-19,2015,201506,06,0619,170,Summer,2015Summer
Hunting,Water.Temp.C,17.5419791666667,2015-06-20,2015,201506,06,0620,171,Summer,2015Summer
Hunting,Water.Temp.C,18.1578125,2015-06-21,2015,201506,06,0621,172,Summer,2015Summer
Hunting,Water.Temp.C,18.2762291666667,2015-06-22,2015,201506,06,0622,173,Summer,2015Summer
Hunting,Water.Temp.C,18.5956875,2015-06-23,2015,201506,06,0623,174,Summer,2015Summer
Hunting,Water.Temp.C,18.573375,2015-06-24,2015,201506,06,0624,175,Summer,2015Summer
Hunting,Water.Temp.C,18.0101458333333,2015-06-25,2015,201506,06,0625,176,Summer,2015Summer
Hunting,Water.Temp.C,17.9957708333333,2015-06-26,2015,201506,06,0626,177,Summer,2015Summer
Hunting,Water.Temp.C,17.7080208333333,2015-06-27,2015,201506,06,0627,178,Summer,2015Summer
Hunting,Water.Temp.C,16.9084166666667,2015-06-28,2015,201506,06,0628,179,Summer,2015Summer
Hunting,Water.Temp.C,16.4772708333333,2015-06-29,2015,201506,06,0629,180,Summer,2015Summer
Hunting,Water.Temp.C,16.8567916666667,2015-06-30,2015,201506,06,0630,181,Summer,2015Summer
Hunting,Water.Temp.C,17.062625,2015-07-01,2015,201507,07,0701,182,Summer,2015Summer
Hunting,Water.Temp.C,17.0359583333333,2015-07-02,2015,201507,07,0702,183,Summer,2015Summer
Hunting,Water.Temp.C,16.5080208333333,2015-07-03,2015,201507,07,0703,184,Summer,2015Summer
Hunting,Water.Temp.C,16.91225,2015-07-04,2015,201507,07,0704,185,Summer,2015Summer
Hunting,Water.Temp.C,17.1207291666667,2015-07-05,2015,201507,07,0705,186,Summer,2015Summer
Hunting,Water.Temp.C,16.8514375,2015-07-06,2015,201507,07,0706,187,Summer,2015Summer
Hunting,Water.Temp.C,16.9420208333333,2015-07-07,2015,201507,07,0707,188,Summer,2015Summer
Hunting,Water.Temp.C,17.1890625,2015-07-08,2015,201507,07,0708,189,Summer,2015Summer
Hunting,Water.Temp.C,17.6544583333333,2015-07-09,2015,201507,07,0709,190,Summer,2015Summer
Hunting,Water.Temp.C,17.8040833333333,2015-07-10,2015,201507,07,0710,191,Summer,2015Summer
Hunting,Water.Temp.C,17.2703541666667,2015-07-11,2015,201507,07,0711,192,Summer,2015Summer
Hunting,Water.Temp.C,16.917375,2015-07-12,2015,201507,07,0712,193,Summer,2015Summer
Hunting,Water.Temp.C,16.892625,2015-07-13,2015,201507,07,0713,194,Summer,2015Summer
Hunting,Water.Temp.C,17.119125,2015-07-14,2015,201507,07,0714,195,Summer,2015Summer
Hunting,Water.Temp.C,17.2569166666667,2015-07-15,2015,201507,07,0715,196,Summer,2015Summer
Hunting,Water.Temp.C,17.1796666666667,2015-07-16,2015,201507,07,0716,197,Summer,2015Summer
Hunting,Water.Temp.C,17.0025208333333,2015-07-17,2015,201507,07,0717,198,Summer,2015Summer
Hunting,Water.Temp.C,17.4586041666667,2015-07-18,2015,201507,07,0718,199,Summer,2015Summer
Hunting,Water.Temp.C,18.1271041666667,2015-07-19,2015,201507,07,0719,200,Summer,2015Summer
Hunting,Water.Temp.C,18.5917916666667,2015-07-20,2015,201507,07,0720,201,Summer,2015Summer
Hunting,Water.Temp.C,18.5927291666667,2015-07-21,2015,201507,07,0721,202,Summer,2015Summer
Hunting,Water.Temp.C,18.2489375,2015-07-22,2015,201507,07,0722,203,Summer,2015Summer
Hunting,Water.Temp.C,17.5558333333333,2015-07-23,2015,201507,07,0723,204,Summer,2015Summer
Hunting,Water.Temp.C,17.591,2015-07-24,2015,201507,07,0724,205,Summer,2015Summer
Hunting,Water.Temp.C,17.6281458333333,2015-07-25,2015,201507,07,0725,206,Summer,2015Summer
Hunting,Water.Temp.C,18.1825416666667,2015-07-26,2015,201507,07,0726,207,Summer,2015Summer
Hunting,Water.Temp.C,18.3821666666667,2015-07-27,2015,201507,07,0727,208,Summer,2015Summer
Hunting,Water.Temp.C,18.5094791666667,2015-07-28,2015,201507,07,0728,209,Summer,2015Summer
Hunting,Water.Temp.C,18.5203541666667,2015-07-29,2015,201507,07,0729,210,Summer,2015Summer
Hunting,Water.Temp.C,18.85675,2015-07-30,2015,201507,07,0730,211,Summer,2015Summer
Hunting,Water.Temp.C,18.5788541666667,2015-07-31,2015,201507,07,0731,212,Summer,2015Summer
Hunting,Water.Temp.C,18.2043541666667,2015-08-01,2015,201508,08,0801,213,Summer,2015Summer
Hunting,Water.Temp.C,17.6325833333333,2015-08-02,2015,201508,08,0802,214,Summer,2015Summer
Hunting,Water.Temp.C,17.6151458333333,2015-08-03,2015,201508,08,0803,215,Summer,2015Summer
Hunting,Water.Temp.C,18.2411041666667,2015-08-04,2015,201508,08,0804,216,Summer,2015Summer
Hunting,Water.Temp.C,18.710125,2015-08-05,2015,201508,08,0805,217,Summer,2015Summer
Hunting,Water.Temp.C,18.4360652173913,2015-08-06,2015,201508,08,0806,218,Summer,2015Summer
Hunting,Water.Temp.C,17.7678958333333,2015-08-07,2015,201508,08,0807,219,Summer,2015Summer
Hunting,Water.Temp.C,17.7009583333333,2015-08-08,2015,201508,08,0808,220,Summer,2015Summer
Hunting,Water.Temp.C,17.8902708333333,2015-08-09,2015,201508,08,0809,221,Summer,2015Summer
Hunting,Water.Temp.C,18.0057083333333,2015-08-10,2015,201508,08,0810,222,Summer,2015Summer
Hunting,Water.Temp.C,18.2691875,2015-08-11,2015,201508,08,0811,223,Summer,2015Summer
Hunting,Water.Temp.C,17.9834166666667,2015-08-12,2015,201508,08,0812,224,Summer,2015Summer
Hunting,Water.Temp.C,17.4220208333333,2015-08-13,2015,201508,08,0813,225,Summer,2015Summer
Hunting,Water.Temp.C,17.2345833333333,2015-08-14,2015,201508,08,0814,226,Summer,2015Summer
Hunting,Water.Temp.C,17.5994583333333,2015-08-15,2015,201508,08,0815,227,Summer,2015Summer
Hunting,Water.Temp.C,18.0250208333333,2015-08-16,2015,201508,08,0816,228,Summer,2015Summer
Hunting,Water.Temp.C,18.2663125,2015-08-17,2015,201508,08,0817,229,Summer,2015Summer
Hunting,Water.Temp.C,18.3569791666667,2015-08-18,2015,201508,08,0818,230,Summer,2015Summer
Hunting,Water.Temp.C,18.401,2015-08-19,2015,201508,08,0819,231,Summer,2015Summer
Hunting,Water.Temp.C,18.5386458333333,2015-08-20,2015,201508,08,0820,232,Summer,2015Summer
Hunting,Water.Temp.C,18.2722083333333,2015-08-21,2015,201508,08,0821,233,Summer,2015Summer
Hunting,Water.Temp.C,17.5488333333333,2015-08-22,2015,201508,08,0822,234,Summer,2015Summer
Hunting,Water.Temp.C,17.4899583333333,2015-08-23,2015,201508,08,0823,235,Summer,2015Summer
Hunting,Water.Temp.C,18.095375,2015-08-24,2015,201508,08,0824,236,Summer,2015Summer
Hunting,Water.Temp.C,17.7128958333333,2015-08-25,2015,201508,08,0825,237,Summer,2015Summer
Hunting,Water.Temp.C,17.0393958333333,2015-08-26,2015,201508,08,0826,238,Summer,2015Summer
Hunting,Water.Temp.C,16.87125,2015-08-27,2015,201508,08,0827,239,Summer,2015Summer
Hunting,Water.Temp.C,16.7958541666667,2015-08-28,2015,201508,08,0828,240,Summer,2015Summer
Hunting,Water.Temp.C,16.9589375,2015-08-29,2015,201508,08,0829,241,Summer,2015Summer
Hunting,Water.Temp.C,17.2836666666667,2015-08-30,2015,201508,08,0830,242,Summer,2015Summer
Hunting,Water.Temp.C,17.4948541666667,2015-08-31,2015,201508,08,0831,243,Summer,2015Summer
Hunting,Water.Temp.C,17.9377708333333,2015-09-01,2015,201509,09,0901,244,Fall,2015Fall
Hunting,Water.Temp.C,18.4099375,2015-09-02,2015,201509,09,0902,245,Fall,2015Fall
Hunting,Water.Temp.C,18.4040208333333,2015-09-03,2015,201509,09,0903,246,Fall,2015Fall
Hunting,Water.Temp.C,18.6898125,2015-09-04,2015,201509,09,0904,247,Fall,2015Fall
Hunting,Water.Temp.C,18.5397291666667,2015-09-05,2015,201509,09,0905,248,Fall,2015Fall
Hunting,Water.Temp.C,18.3345833333333,2015-09-06,2015,201509,09,0906,249,Fall,2015Fall
Hunting,Water.Temp.C,18.0026666666667,2015-09-07,2015,201509,09,0907,250,Fall,2015Fall
Hunting,Water.Temp.C,18.2335625,2015-09-08,2015,201509,09,0908,251,Fall,2015Fall
Hunting,Water.Temp.C,18.5620416666667,2015-09-09,2015,201509,09,0909,252,Fall,2015Fall
Hunting,Water.Temp.C,18.7904375,2015-09-10,2015,201509,09,0910,253,Fall,2015Fall
Hunting,Water.Temp.C,18.4857291666667,2015-09-11,2015,201509,09,0911,254,Fall,2015Fall
Hunting,Water.Temp.C,18.0111041666667,2015-09-12,2015,201509,09,0912,255,Fall,2015Fall
Hunting,Water.Temp.C,16.317375,2015-09-13,2015,201509,09,0913,256,Fall,2015Fall
Hunting,Water.Temp.C,15.1951458333333,2015-09-14,2015,201509,09,0914,257,Fall,2015Fall
Hunting,Water.Temp.C,15.2218958333333,2015-09-15,2015,201509,09,0915,258,Fall,2015Fall
Hunting,Water.Temp.C,15.5790833333333,2015-09-16,2015,201509,09,0916,259,Fall,2015Fall
Hunting,Water.Temp.C,15.8216875,2015-09-17,2015,201509,09,0917,260,Fall,2015Fall
Hunting,Water.Temp.C,15.952875,2015-09-18,2015,201509,09,0918,261,Fall,2015Fall
Hunting,Water.Temp.C,16.2479166666667,2015-09-19,2015,201509,09,0919,262,Fall,2015Fall
Hunting,Water.Temp.C,16.7036458333333,2015-09-20,2015,201509,09,0920,263,Fall,2015Fall
Hunting,Water.Temp.C,15.8481875,2015-09-21,2015,201509,09,0921,264,Fall,2015Fall
Hunting,Water.Temp.C,15.6379166666667,2015-09-22,2015,201509,09,0922,265,Fall,2015Fall
Hunting,Water.Temp.C,15.4947291666667,2015-09-23,2015,201509,09,0923,266,Fall,2015Fall
Hunting,Water.Temp.C,15.2007083333333,2015-09-24,2015,201509,09,0924,267,Fall,2015Fall
Hunting,Water.Temp.C,15.1628541666667,2015-09-25,2015,201509,09,0925,268,Fall,2015Fall
Hunting,Water.Temp.C,15.1245,2015-09-26,2015,201509,09,0926,269,Fall,2015Fall
Hunting,Water.Temp.C,14.8769583333333,2015-09-27,2015,201509,09,0927,270,Fall,2015Fall
Hunting,Water.Temp.C,15.1394791666667,2015-09-28,2015,201509,09,0928,271,Fall,2015Fall
Hunting,Water.Temp.C,15.6150208333333,2015-09-29,2015,201509,09,0929,272,Fall,2015Fall
Hunting,Water.Temp.C,15.4197083333333,2015-09-30,2015,201509,09,0930,273,Fall,2015Fall
Hunting,Water.Temp.C,14.218,2015-10-01,2015,201510,10,1001,274,Fall,2015Fall
Hunting,Water.Temp.C,13.0269375,2015-10-02,2015,201510,10,1002,275,Fall,2015Fall
Hunting,Water.Temp.C,12.8320208333333,2015-10-03,2015,201510,10,1003,276,Fall,2015Fall
Hunting,Water.Temp.C,13.0931875,2015-10-04,2015,201510,10,1004,277,Fall,2015Fall
Hunting,Water.Temp.C,12.8446875,2015-10-05,2015,201510,10,1005,278,Fall,2015Fall
Hunting,Water.Temp.C,12.54625,2015-10-06,2015,201510,10,1006,279,Fall,2015Fall
Hunting,Water.Temp.C,13.1898958333333,2015-10-07,2015,201510,10,1007,280,Fall,2015Fall
Hunting,Water.Temp.C,13.466875,2015-10-08,2015,201510,10,1008,281,Fall,2015Fall
Hunting,Water.Temp.C,13.9138958333333,2015-10-09,2015,201510,10,1009,282,Fall,2015Fall
Hunting,Water.Temp.C,13.3909583333333,2015-10-10,2015,201510,10,1010,283,Fall,2015Fall
Hunting,Water.Temp.C,12.4849375,2015-10-11,2015,201510,10,1011,284,Fall,2015Fall
Hunting,Water.Temp.C,12.7839791666667,2015-10-12,2015,201510,10,1012,285,Fall,2015Fall
Hunting,Water.Temp.C,13.3646041666667,2015-10-13,2015,201510,10,1013,286,Fall,2015Fall
Hunting,Water.Temp.C,12.9265833333333,2015-10-14,2015,201510,10,1014,287,Fall,2015Fall
Hunting,Water.Temp.C,12.1630833333333,2015-10-15,2015,201510,10,1015,288,Fall,2015Fall
Hunting,Water.Temp.C,12.0672708333333,2015-10-16,2015,201510,10,1016,289,Fall,2015Fall
Hunting,Water.Temp.C,10.9338541666667,2015-10-17,2015,201510,10,1017,290,Fall,2015Fall
Hunting,Water.Temp.C,9.5746875,2015-10-18,2015,201510,10,1018,291,Fall,2015Fall
Hunting,Water.Temp.C,9.16402083333333,2015-10-19,2015,201510,10,1019,292,Fall,2015Fall
Hunting,Water.Temp.C,10.02575,2015-10-20,2015,201510,10,1020,293,Fall,2015Fall
Hunting,Water.Temp.C,11.1135625,2015-10-21,2015,201510,10,1021,294,Fall,2015Fall
Hunting,Water.Temp.C,11.8106458333333,2015-10-22,2015,201510,10,1022,295,Fall,2015Fall
Hunting,Water.Temp.C,12.8670416666667,2015-10-23,2015,201510,10,1023,296,Fall,2015Fall
Hunting,Water.Temp.C,12.6300833333333,2015-10-24,2015,201510,10,1024,297,Fall,2015Fall
Hunting,Water.Temp.C,12.6929375,2015-10-25,2015,201510,10,1025,298,Fall,2015Fall
Hunting,Water.Temp.C,11.9106041666667,2015-10-26,2015,201510,10,1026,299,Fall,2015Fall
Hunting,Water.Temp.C,10.9595,2015-10-27,2015,201510,10,1027,300,Fall,2015Fall
Hunting,Water.Temp.C,12.5192916666667,2015-10-28,2015,201510,10,1028,301,Fall,2015Fall
Hunting,Water.Temp.C,12.865625,2015-10-29,2015,201510,10,1029,302,Fall,2015Fall
Hunting,Water.Temp.C,11.2393958333333,2015-10-30,2015,201510,10,1030,303,Fall,2015Fall
Hunting,Water.Temp.C,10.568125,2015-10-31,2015,201510,10,1031,304,Fall,2015Fall
Hunting,Water.Temp.C,11.8965625,2015-11-01,2015,201511,11,1101,305,Fall,2015Fall
Hunting,Water.Temp.C,12.2918125,2015-11-02,2015,201511,11,1102,306,Fall,2015Fall
Hunting,Water.Temp.C,12.4954583333333,2015-11-03,2015,201511,11,1103,307,Fall,2015Fall
Hunting,Water.Temp.C,12.6681666666667,2015-11-04,2015,201511,11,1104,308,Fall,2015Fall
Hunting,Water.Temp.C,12.991625,2015-11-05,2015,201511,11,1105,309,Fall,2015Fall
Hunting,Water.Temp.C,13.4977083333333,2015-11-06,2015,201511,11,1106,310,Fall,2015Fall
Hunting,Water.Temp.C,13.236375,2015-11-07,2015,201511,11,1107,311,Fall,2015Fall
Hunting,Water.Temp.C,10.8946458333333,2015-11-08,2015,201511,11,1108,312,Fall,2015Fall
Hunting,Water.Temp.C,10.0258125,2015-11-09,2015,201511,11,1109,313,Fall,2015Fall
Hunting,Water.Temp.C,11.9506458333333,2015-11-10,2015,201511,11,1110,314,Fall,2015Fall
Hunting,Water.Temp.C,11.2687083333333,2015-11-11,2015,201511,11,1111,315,Fall,2015Fall
Hunting,Water.Temp.C,11.3234791666667,2015-11-12,2015,201511,11,1112,316,Fall,2015Fall
Hunting,Water.Temp.C,10.1630208333333,2015-11-13,2015,201511,11,1113,317,Fall,2015Fall
Hunting,Water.Temp.C,8.92616666666667,2015-11-14,2015,201511,11,1114,318,Fall,2015Fall
Hunting,Water.Temp.C,9.23252083333333,2015-11-15,2015,201511,11,1115,319,Fall,2015Fall
Hunting,Water.Temp.C,9.66125,2015-11-16,2015,201511,11,1116,320,Fall,2015Fall
Hunting,Water.Temp.C,10.3275625,2015-11-17,2015,201511,11,1117,321,Fall,2015Fall
Hunting,Water.Temp.C,10.931,2015-11-18,2015,201511,11,1118,322,Fall,2015Fall
Hunting,Water.Temp.C,12.2727291666667,2015-11-19,2015,201511,11,1119,323,Fall,2015Fall
Hunting,Water.Temp.C,10.2448958333333,2015-11-20,2015,201511,11,1120,324,Fall,2015Fall
Hunting,Water.Temp.C,9.04914583333333,2015-11-21,2015,201511,11,1121,325,Fall,2015Fall
Hunting,Water.Temp.C,8.83110416666667,2015-11-22,2015,201511,11,1122,326,Fall,2015Fall
Hunting,Water.Temp.C,7.54035416666667,2015-11-23,2015,201511,11,1123,327,Fall,2015Fall
Hunting,Water.Temp.C,7.91029166666667,2015-11-24,2015,201511,11,1124,328,Fall,2015Fall
Hunting,Water.Temp.C,8.17702083333333,2015-11-25,2015,201511,11,1125,329,Fall,2015Fall
Hunting,Water.Temp.C,9.04904166666667,2015-11-26,2015,201511,11,1126,330,Fall,2015Fall
Hunting,Water.Temp.C,10.15725,2015-11-27,2015,201511,11,1127,331,Fall,2015Fall
Hunting,Water.Temp.C,10.7133958333333,2015-11-28,2015,201511,11,1128,332,Fall,2015Fall
Hunting,Water.Temp.C,11.5259166666667,2015-11-29,2015,201511,11,1129,333,Fall,2015Fall
Hunting,Water.Temp.C,10.063375,2015-11-30,2015,201511,11,1130,334,Fall,2015Fall
Hunting,Water.Temp.C,9.62129166666667,2015-12-01,2015,201512,12,1201,335,Winter,2015Winter
Hunting,Water.Temp.C,10.9465416666667,2015-12-02,2015,201512,12,1202,336,Winter,2015Winter
Hunting,Water.Temp.C,9.12329166666667,2015-12-03,2015,201512,12,1203,337,Winter,2015Winter
Hunting,Water.Temp.C,8.03102083333333,2015-12-04,2015,201512,12,1204,338,Winter,2015Winter
Hunting,Water.Temp.C,8.150125,2015-12-05,2015,201512,12,1205,339,Winter,2015Winter
Hunting,Water.Temp.C,8.1589375,2015-12-06,2015,201512,12,1206,340,Winter,2015Winter
Hunting,Water.Temp.C,8.75939583333333,2015-12-07,2015,201512,12,1207,341,Winter,2015Winter
Hunting,Water.Temp.C,8.86995833333333,2015-12-08,2015,201512,12,1208,342,Winter,2015Winter
Hunting,Water.Temp.C,8.8231875,2015-12-09,2015,201512,12,1209,343,Winter,2015Winter
Hunting,Water.Temp.C,9.4908125,2015-12-10,2015,201512,12,1210,344,Winter,2015Winter
Hunting,Water.Temp.C,10.0965416666667,2015-12-11,2015,201512,12,1211,345,Winter,2015Winter
Hunting,Water.Temp.C,11.0708541666667,2015-12-12,2015,201512,12,1212,346,Winter,2015Winter
Hunting,Water.Temp.C,11.2672708333333,2015-12-13,2015,201512,12,1213,347,Winter,2015Winter
Hunting,Water.Temp.C,12.165375,2015-12-14,2015,201512,12,1214,348,Winter,2015Winter
Hunting,Water.Temp.C,11.2177083333333,2015-12-15,2015,201512,12,1215,349,Winter,2015Winter
Hunting,Water.Temp.C,9.76083333333333,2015-12-16,2015,201512,12,1216,350,Winter,2015Winter
Hunting,Water.Temp.C,10.0363333333333,2015-12-17,2015,201512,12,1217,351,Winter,2015Winter
Hunting,Water.Temp.C,9.1895,2015-12-18,2015,201512,12,1218,352,Winter,2015Winter
Hunting,Water.Temp.C,6.4754375,2015-12-19,2015,201512,12,1219,353,Winter,2015Winter
Hunting,Water.Temp.C,6.48304166666667,2015-12-20,2015,201512,12,1220,354,Winter,2015Winter
Hunting,Water.Temp.C,7.50641666666667,2015-12-21,2015,201512,12,1221,355,Winter,2015Winter
Hunting,Water.Temp.C,9.60725,2015-12-22,2015,201512,12,1222,356,Winter,2015Winter
Hunting,Water.Temp.C,10.6866666666667,2015-12-23,2015,201512,12,1223,357,Winter,2015Winter
Hunting,Water.Temp.C,12.2930416666667,2015-12-24,2015,201512,12,1224,358,Winter,2015Winter
Hunting,Water.Temp.C,12.4186458333333,2015-12-25,2015,201512,12,1225,359,Winter,2015Winter
Hunting,Water.Temp.C,12.015375,2015-12-26,2015,201512,12,1226,360,Winter,2015Winter
Hunting,Water.Temp.C,12.1223333333333,2015-12-27,2015,201512,12,1227,361,Winter,2015Winter
Hunting,Water.Temp.C,11.3152291666667,2015-12-28,2015,201512,12,1228,362,Winter,2015Winter
Hunting,Water.Temp.C,10.249375,2015-12-29,2015,201512,12,1229,363,Winter,2015Winter
Hunting,Water.Temp.C,10.8993541666667,2015-12-30,2015,201512,12,1230,364,Winter,2015Winter
Hunting,Water.Temp.C,10.791875,2015-12-31,2015,201512,12,1231,365,Winter,2015Winter
Hunting,Water.Temp.C,8.95739583333333,2016-01-01,2016,201601,01,0101,1,Winter,2016Winter
Hunting,Water.Temp.C,7.56533333333333,2016-01-02,2016,201601,01,0102,2,Winter,2016Winter
Hunting,Water.Temp.C,7.38825,2016-01-03,2016,201601,01,0103,3,Winter,2016Winter
Hunting,Water.Temp.C,6.87266666666667,2016-01-04,2016,201601,01,0104,4,Winter,2016Winter
Hunting,Water.Temp.C,5.34141666666667,2016-01-05,2016,201601,01,0105,5,Winter,2016Winter
Hunting,Water.Temp.C,5.07510416666667,2016-01-06,2016,201601,01,0106,6,Winter,2016Winter
Hunting,Water.Temp.C,5.86547916666667,2016-01-07,2016,201601,01,0107,7,Winter,2016Winter
Hunting,Water.Temp.C,6.67835416666667,2016-01-08,2016,201601,01,0108,8,Winter,2016Winter
Hunting,Water.Temp.C,7.82533333333333,2016-01-09,2016,201601,01,0109,9,Winter,2016Winter
Hunting,Water.Temp.C,8.2005625,2016-01-10,2016,201601,01,0110,10,Winter,2016Winter
Hunting,Water.Temp.C,5.5593125,2016-01-11,2016,201601,01,0111,11,Winter,2016Winter
Hunting,Water.Temp.C,5.5868125,2016-01-12,2016,201601,01,0112,12,Winter,2016Winter
Hunting,Water.Temp.C,4.3879375,2016-01-13,2016,201601,01,0113,13,Winter,2016Winter
Hunting,Water.Temp.C,5.5036875,2016-01-14,2016,201601,01,0114,14,Winter,2016Winter
Hunting,Water.Temp.C,6.55889583333333,2016-01-15,2016,201601,01,0115,15,Winter,2016Winter
Hunting,Water.Temp.C,7.4313125,2016-01-16,2016,201601,01,0116,16,Winter,2016Winter
Hunting,Water.Temp.C,6.43010416666667,2016-01-17,2016,201601,01,0117,17,Winter,2016Winter
Hunting,Water.Temp.C,4.2488125,2016-01-18,2016,201601,01,0118,18,Winter,2016Winter
Hunting,Water.Temp.C,2.7159375,2016-01-19,2016,201601,01,0119,19,Winter,2016Winter
Hunting,Water.Temp.C,3.58460416666667,2016-01-20,2016,201601,01,0120,20,Winter,2016Winter
Hunting,Water.Temp.C,4.19385416666667,2016-01-21,2016,201601,01,0121,21,Winter,2016Winter
Hunting,Water.Temp.C,2.79266666666667,2016-01-22,2016,201601,01,0122,22,Winter,2016Winter
Hunting,Water.Temp.C,2.21266666666667,2016-01-23,2016,201601,01,0123,23,Winter,2016Winter
Hunting,Water.Temp.C,3.4334375,2016-01-24,2016,201601,01,0124,24,Winter,2016Winter
Hunting,Water.Temp.C,4.38585416666667,2016-01-25,2016,201601,01,0125,25,Winter,2016Winter
Hunting,Water.Temp.C,5.38141666666667,2016-01-26,2016,201601,01,0126,26,Winter,2016Winter
Hunting,Water.Temp.C,5.905125,2016-01-27,2016,201601,01,0127,27,Winter,2016Winter
Hunting,Water.Temp.C,5.129375,2016-01-28,2016,201601,01,0128,28,Winter,2016Winter
Hunting,Water.Temp.C,5.20089583333333,2016-01-29,2016,201601,01,0129,29,Winter,2016Winter
Hunting,Water.Temp.C,4.90372916666667,2016-01-30,2016,201601,01,0130,30,Winter,2016Winter
Hunting,Water.Temp.C,5.93158333333333,2016-01-31,2016,201601,01,0131,31,Winter,2016Winter
Hunting,Water.Temp.C,7.29210416666667,2016-02-01,2016,201602,02,0201,32,Winter,2016Winter
Hunting,Water.Temp.C,7.7390625,2016-02-02,2016,201602,02,0202,33,Winter,2016Winter
Hunting,Water.Temp.C,7.81402083333333,2016-02-03,2016,201602,02,0203,34,Winter,2016Winter
Hunting,Water.Temp.C,8.25527083333333,2016-02-04,2016,201602,02,0204,35,Winter,2016Winter
Hunting,Water.Temp.C,6.41864583333333,2016-02-05,2016,201602,02,0205,36,Winter,2016Winter
Hunting,Water.Temp.C,5.8518125,2016-02-06,2016,201602,02,0206,37,Winter,2016Winter
Hunting,Water.Temp.C,6.20754166666667,2016-02-07,2016,201602,02,0207,38,Winter,2016Winter
Hunting,Water.Temp.C,6.40404166666667,2016-02-08,2016,201602,02,0208,39,Winter,2016Winter
Hunting,Water.Temp.C,5.9179375,2016-02-09,2016,201602,02,0209,40,Winter,2016Winter
Hunting,Water.Temp.C,4.32783333333333,2016-02-10,2016,201602,02,0210,41,Winter,2016Winter
Hunting,Water.Temp.C,3.453375,2016-02-11,2016,201602,02,0211,42,Winter,2016Winter
Hunting,Water.Temp.C,3.84210416666667,2016-02-12,2016,201602,02,0212,43,Winter,2016Winter
Hunting,Water.Temp.C,3.27202083333333,2016-02-13,2016,201602,02,0213,44,Winter,2016Winter
Hunting,Water.Temp.C,2.44333333333333,2016-02-14,2016,201602,02,0214,45,Winter,2016Winter
Hunting,Water.Temp.C,2.55854166666667,2016-02-15,2016,201602,02,0215,46,Winter,2016Winter
Hunting,Water.Temp.C,4.3833125,2016-02-16,2016,201602,02,0216,47,Winter,2016Winter
Hunting,Water.Temp.C,5.57075,2016-02-17,2016,201602,02,0217,48,Winter,2016Winter
Hunting,Water.Temp.C,5.16483333333333,2016-02-18,2016,201602,02,0218,49,Winter,2016Winter
Hunting,Water.Temp.C,5.03116666666667,2016-02-19,2016,201602,02,0219,50,Winter,2016Winter
Hunting,Water.Temp.C,6.63972916666667,2016-02-20,2016,201602,02,0220,51,Winter,2016Winter
Hunting,Water.Temp.C,8.0118125,2016-02-21,2016,201602,02,0221,52,Winter,2016Winter
Hunting,Water.Temp.C,7.92933333333333,2016-02-22,2016,201602,02,0222,53,Winter,2016Winter
Hunting,Water.Temp.C,7.402625,2016-02-23,2016,201602,02,0223,54,Winter,2016Winter
Hunting,Water.Temp.C,7.61379166666667,2016-02-24,2016,201602,02,0224,55,Winter,2016Winter
Hunting,Water.Temp.C,6.91770833333333,2016-02-25,2016,201602,02,0225,56,Winter,2016Winter
Hunting,Water.Temp.C,5.993625,2016-02-26,2016,201602,02,0226,57,Winter,2016Winter
Hunting,Water.Temp.C,6.15972916666667,2016-02-27,2016,201602,02,0227,58,Winter,2016Winter
Hunting,Water.Temp.C,7.50714583333333,2016-02-28,2016,201602,02,0228,59,Winter,2016Winter
Hunting,Water.Temp.C,8.33777083333333,2016-02-29,2016,201602,02,0229,60,Winter,2016Winter
Hunting,Water.Temp.C,8.3505,2016-03-01,2016,201603,03,0301,61,Spring,2016Spring
Hunting,Water.Temp.C,7.54241666666667,2016-03-02,2016,201603,03,0302,62,Spring,2016Spring
Hunting,Water.Temp.C,6.07964583333333,2016-03-03,2016,201603,03,0303,63,Spring,2016Spring
Hunting,Water.Temp.C,6.60945833333333,2016-03-04,2016,201603,03,0304,64,Spring,2016Spring
Hunting,Water.Temp.C,6.7651875,2016-03-05,2016,201603,03,0305,65,Spring,2016Spring
Hunting,Water.Temp.C,7.32329166666667,2016-03-06,2016,201603,03,0306,66,Spring,2016Spring
Hunting,Water.Temp.C,7.6109375,2016-03-07,2016,201603,03,0307,67,Spring,2016Spring
Hunting,Water.Temp.C,9.1869375,2016-03-08,2016,201603,03,0308,68,Spring,2016Spring
Hunting,Water.Temp.C,9.648125,2016-03-09,2016,201603,03,0309,69,Spring,2016Spring
Hunting,Water.Temp.C,10.8482916666667,2016-03-10,2016,201603,03,0310,70,Spring,2016Spring
Hunting,Water.Temp.C,11.4495625,2016-03-11,2016,201603,03,0311,71,Spring,2016Spring
Hunting,Water.Temp.C,11.2732291666667,2016-03-12,2016,201603,03,0312,72,Spring,2016Spring
Hunting,Water.Temp.C,11.2653541666667,2016-03-13,2016,201603,03,0313,73,Spring,2016Spring
Hunting,Water.Temp.C,10.9949791666667,2016-03-14,2016,201603,03,0314,74,Spring,2016Spring
Hunting,Water.Temp.C,11.0945208333333,2016-03-15,2016,201603,03,0315,75,Spring,2016Spring
Hunting,Water.Temp.C,11.3123125,2016-03-16,2016,201603,03,0316,76,Spring,2016Spring
Hunting,Water.Temp.C,10.5445416666667,2016-03-17,2016,201603,03,0317,77,Spring,2016Spring
Hunting,Water.Temp.C,9.88625,2016-03-18,2016,201603,03,0318,78,Spring,2016Spring
Hunting,Water.Temp.C,8.67064583333333,2016-03-19,2016,201603,03,0319,79,Spring,2016Spring
Hunting,Water.Temp.C,7.99889583333333,2016-03-20,2016,201603,03,0320,80,Spring,2016Spring
Hunting,Water.Temp.C,7.55472916666667,2016-03-21,2016,201603,03,0321,81,Spring,2016Spring
Hunting,Water.Temp.C,8.0748125,2016-03-22,2016,201603,03,0322,82,Spring,2016Spring
Hunting,Water.Temp.C,9.2243125,2016-03-23,2016,201603,03,0323,83,Spring,2016Spring
Hunting,Water.Temp.C,10.3530625,2016-03-24,2016,201603,03,0324,84,Spring,2016Spring
Hunting,Water.Temp.C,11.3164583333333,2016-03-25,2016,201603,03,0325,85,Spring,2016Spring
Hunting,Water.Temp.C,10.0640625,2016-03-26,2016,201603,03,0326,86,Spring,2016Spring
Hunting,Water.Temp.C,10.1329375,2016-03-27,2016,201603,03,0327,87,Spring,2016Spring
Hunting,Water.Temp.C,10.6877291666667,2016-03-28,2016,201603,03,0328,88,Spring,2016Spring
Hunting,Water.Temp.C,9.72047916666667,2016-03-29,2016,201603,03,0329,89,Spring,2016Spring
Hunting,Water.Temp.C,9.51420833333333,2016-03-30,2016,201603,03,0330,90,Spring,2016Spring
Hunting,Water.Temp.C,10.4696458333333,2016-03-31,2016,201603,03,0331,91,Spring,2016Spring
Hunting,Water.Temp.C,12.1800625,2016-04-01,2016,201604,04,0401,92,Spring,2016Spring
Hunting,Water.Temp.C,11.4682291666667,2016-04-02,2016,201604,04,0402,93,Spring,2016Spring
Hunting,Water.Temp.C,8.99289583333333,2016-04-03,2016,201604,04,0403,94,Spring,2016Spring
Hunting,Water.Temp.C,10.2344375,2016-04-04,2016,201604,04,0404,95,Spring,2016Spring
Hunting,Water.Temp.C,9.27870833333333,2016-04-05,2016,201604,04,0405,96,Spring,2016Spring
Hunting,Water.Temp.C,8.22658333333333,2016-04-06,2016,201604,04,0406,97,Spring,2016Spring
Hunting,Water.Temp.C,9.2495625,2016-04-07,2016,201604,04,0407,98,Spring,2016Spring
Hunting,Water.Temp.C,8.62220833333333,2016-04-08,2016,201604,04,0408,99,Spring,2016Spring
Hunting,Water.Temp.C,7.68322916666667,2016-04-09,2016,201604,04,0409,100,Spring,2016Spring
Hunting,Water.Temp.C,7.20329166666667,2016-04-10,2016,201604,04,0410,101,Spring,2016Spring
Hunting,Water.Temp.C,9.39820833333333,2016-04-11,2016,201604,04,0411,102,Spring,2016Spring
Hunting,Water.Temp.C,11.1008333333333,2016-04-12,2016,201604,04,0412,103,Spring,2016Spring
Hunting,Water.Temp.C,9.83939583333333,2016-04-13,2016,201604,04,0413,104,Spring,2016Spring
Hunting,Water.Temp.C,9.72375,2016-04-14,2016,201604,04,0414,105,Spring,2016Spring
Hunting,Water.Temp.C,9.90008333333333,2016-04-15,2016,201604,04,0415,106,Spring,2016Spring
Hunting,Water.Temp.C,10.1285208333333,2016-04-16,2016,201604,04,0416,107,Spring,2016Spring
Hunting,Water.Temp.C,10.7859583333333,2016-04-17,2016,201604,04,0417,108,Spring,2016Spring
Hunting,Water.Temp.C,11.8373541666667,2016-04-18,2016,201604,04,0418,109,Spring,2016Spring
Hunting,Water.Temp.C,12.5852916666667,2016-04-19,2016,201604,04,0419,110,Spring,2016Spring
Hunting,Water.Temp.C,12.38325,2016-04-20,2016,201604,04,0420,111,Spring,2016Spring
Hunting,Water.Temp.C,12.3779583333333,2016-04-21,2016,201604,04,0421,112,Spring,2016Spring
Hunting,Water.Temp.C,12.6767708333333,2016-04-22,2016,201604,04,0422,113,Spring,2016Spring
Hunting,Water.Temp.C,12.4395208333333,2016-04-23,2016,201604,04,0423,114,Spring,2016Spring
Hunting,Water.Temp.C,12.2003958333333,2016-04-24,2016,201604,04,0424,115,Spring,2016Spring
Hunting,Water.Temp.C,12.8613125,2016-04-25,2016,201604,04,0425,116,Spring,2016Spring
Hunting,Water.Temp.C,13.9925416666667,2016-04-26,2016,201604,04,0426,117,Spring,2016Spring
Hunting,Water.Temp.C,14.1556458333333,2016-04-27,2016,201604,04,0427,118,Spring,2016Spring
Hunting,Water.Temp.C,13.5002916666667,2016-04-28,2016,201604,04,0428,119,Spring,2016Spring
Hunting,Water.Temp.C,13.1969375,2016-04-29,2016,201604,04,0429,120,Spring,2016Spring
Hunting,Water.Temp.C,12.4935625,2016-04-30,2016,201604,04,0430,121,Spring,2016Spring
Hunting,Water.Temp.C,12.5442916666667,2016-05-01,2016,201605,05,0501,122,Spring,2016Spring
Hunting,Water.Temp.C,13.5839166666667,2016-05-02,2016,201605,05,0502,123,Spring,2016Spring
Hunting,Water.Temp.C,13.0906666666667,2016-05-03,2016,201605,05,0503,124,Spring,2016Spring
Hunting,Water.Temp.C,12.2447708333333,2016-05-04,2016,201605,05,0504,125,Spring,2016Spring
Hunting,Water.Temp.C,11.2639166666667,2016-05-05,2016,201605,05,0505,126,Spring,2016Spring
Hunting,Water.Temp.C,10.9955,2016-05-06,2016,201605,05,0506,127,Spring,2016Spring
Hunting,Water.Temp.C,11.2458333333333,2016-05-07,2016,201605,05,0507,128,Spring,2016Spring
Hunting,Water.Temp.C,12.0252708333333,2016-05-08,2016,201605,05,0508,129,Spring,2016Spring
Hunting,Water.Temp.C,11.64675,2016-05-09,2016,201605,05,0509,130,Spring,2016Spring
Hunting,Water.Temp.C,11.9492708333333,2016-05-10,2016,201605,05,0510,131,Spring,2016Spring
Hunting,Water.Temp.C,12.0849166666667,2016-05-11,2016,201605,05,0511,132,Spring,2016Spring
Hunting,Water.Temp.C,12.4332083333333,2016-05-12,2016,201605,05,0512,133,Spring,2016Spring
Hunting,Water.Temp.C,12.9560208333333,2016-05-13,2016,201605,05,0513,134,Spring,2016Spring
Hunting,Water.Temp.C,12.3166875,2016-05-14,2016,201605,05,0514,135,Spring,2016Spring
Hunting,Water.Temp.C,10.7128958333333,2016-05-15,2016,201605,05,0515,136,Spring,2016Spring
Hunting,Water.Temp.C,10.4451041666667,2016-05-16,2016,201605,05,0516,137,Spring,2016Spring
Hunting,Water.Temp.C,10.9670208333333,2016-05-17,2016,201605,05,0517,138,Spring,2016Spring
Hunting,Water.Temp.C,11.0702083333333,2016-05-18,2016,201605,05,0518,139,Spring,2016Spring
Hunting,Water.Temp.C,11.28875,2016-05-19,2016,201605,05,0519,140,Spring,2016Spring
Hunting,Water.Temp.C,11.463875,2016-05-20,2016,201605,05,0520,141,Spring,2016Spring
Hunting,Water.Temp.C,11.9314583333333,2016-05-21,2016,201605,05,0521,142,Spring,2016Spring
Hunting,Water.Temp.C,11.8689166666667,2016-05-22,2016,201605,05,0522,143,Spring,2016Spring
Hunting,Water.Temp.C,11.5440625,2016-05-23,2016,201605,05,0523,144,Spring,2016Spring
Hunting,Water.Temp.C,12.1717708333333,2016-05-24,2016,201605,05,0524,145,Spring,2016Spring
Hunting,Water.Temp.C,12.6203125,2016-05-25,2016,201605,05,0525,146,Spring,2016Spring
Hunting,Water.Temp.C,13.0319375,2016-05-26,2016,201605,05,0526,147,Spring,2016Spring
Hunting,Water.Temp.C,13.5671041666667,2016-05-27,2016,201605,05,0527,148,Spring,2016Spring
Hunting,Water.Temp.C,13.8563125,2016-05-28,2016,201605,05,0528,149,Spring,2016Spring
Hunting,Water.Temp.C,13.4282083333333,2016-05-29,2016,201605,05,0529,150,Spring,2016Spring
Hunting,Water.Temp.C,13.5302291666667,2016-05-30,2016,201605,05,0530,151,Spring,2016Spring
Hunting,Water.Temp.C,14.0490416666667,2016-05-31,2016,201605,05,0531,152,Spring,2016Spring
Hunting,Water.Temp.C,14.3897291666667,2016-06-01,2016,201606,06,0601,153,Summer,2016Summer
Hunting,Water.Temp.C,14.4651666666667,2016-06-02,2016,201606,06,0602,154,Summer,2016Summer
Hunting,Water.Temp.C,14.6262083333333,2016-06-03,2016,201606,06,0603,155,Summer,2016Summer
Hunting,Water.Temp.C,14.75225,2016-06-04,2016,201606,06,0604,156,Summer,2016Summer
Hunting,Water.Temp.C,15.1020833333333,2016-06-05,2016,201606,06,0605,157,Summer,2016Summer
Hunting,Water.Temp.C,15.2856458333333,2016-06-06,2016,201606,06,0606,158,Summer,2016Summer
Hunting,Water.Temp.C,15.3011875,2016-06-07,2016,201606,06,0607,159,Summer,2016Summer
Hunting,Water.Temp.C,14.3843958333333,2016-06-08,2016,201606,06,0608,160,Summer,2016Summer
Hunting,Water.Temp.C,13.8973125,2016-06-09,2016,201606,06,0609,161,Summer,2016Summer
Hunting,Water.Temp.C,14.4757291666667,2016-06-10,2016,201606,06,0610,162,Summer,2016Summer
Hunting,Water.Temp.C,15.3688958333333,2016-06-11,2016,201606,06,0611,163,Summer,2016Summer
Hunting,Water.Temp.C,16.3308333333333,2016-06-12,2016,201606,06,0612,164,Summer,2016Summer
Hunting,Water.Temp.C,15.3552708333333,2016-06-13,2016,201606,06,0613,165,Summer,2016Summer
Hunting,Water.Temp.C,15.3328958333333,2016-06-14,2016,201606,06,0614,166,Summer,2016Summer
Hunting,Water.Temp.C,15.56175,2016-06-15,2016,201606,06,0615,167,Summer,2016Summer
Hunting,Water.Temp.C,16.3713125,2016-06-16,2016,201606,06,0616,168,Summer,2016Summer
Hunting,Water.Temp.C,16.0543541666667,2016-06-17,2016,201606,06,0617,169,Summer,2016Summer
Hunting,Water.Temp.C,15.2482916666667,2016-06-18,2016,201606,06,0618,170,Summer,2016Summer
Hunting,Water.Temp.C,14.9822708333333,2016-06-19,2016,201606,06,0619,171,Summer,2016Summer
Hunting,Water.Temp.C,15.2945625,2016-06-20,2016,201606,06,0620,172,Summer,2016Summer
Hunting,Water.Temp.C,16.2575,2016-06-21,2016,201606,06,0621,173,Summer,2016Summer
Hunting,Water.Temp.C,16.3230208333333,2016-06-22,2016,201606,06,0622,174,Summer,2016Summer
Hunting,Water.Temp.C,16.3264791666667,2016-06-23,2016,201606,06,0623,175,Summer,2016Summer
Hunting,Water.Temp.C,15.8467083333333,2016-06-24,2016,201606,06,0624,176,Summer,2016Summer
Hunting,Water.Temp.C,15.9108333333333,2016-06-25,2016,201606,06,0625,177,Summer,2016Summer
Hunting,Water.Temp.C,15.788625,2016-06-26,2016,201606,06,0626,178,Summer,2016Summer
Hunting,Water.Temp.C,15.8877291666667,2016-06-27,2016,201606,06,0627,179,Summer,2016Summer
Hunting,Water.Temp.C,16.2052708333333,2016-06-28,2016,201606,06,0628,180,Summer,2016Summer
Hunting,Water.Temp.C,16.0081875,2016-06-29,2016,201606,06,0629,181,Summer,2016Summer
Hunting,Water.Temp.C,15.3608958333333,2016-06-30,2016,201606,06,0630,182,Summer,2016Summer
Hunting,Water.Temp.C,15.6450625,2016-07-01,2016,201607,07,0701,183,Summer,2016Summer
Hunting,Water.Temp.C,15.8313541666667,2016-07-02,2016,201607,07,0702,184,Summer,2016Summer
Hunting,Water.Temp.C,15.3017083333333,2016-07-03,2016,201607,07,0703,185,Summer,2016Summer
Hunting,Water.Temp.C,15.025375,2016-07-04,2016,201607,07,0704,186,Summer,2016Summer
Hunting,Water.Temp.C,16.162375,2016-07-05,2016,201607,07,0705,187,Summer,2016Summer
Hunting,Water.Temp.C,16.67325,2016-07-06,2016,201607,07,0706,188,Summer,2016Summer
Hunting,Water.Temp.C,16.8390416666667,2016-07-07,2016,201607,07,0707,189,Summer,2016Summer
Hunting,Water.Temp.C,17.0825,2016-07-08,2016,201607,07,0708,190,Summer,2016Summer
Hunting,Water.Temp.C,17.1786458333333,2016-07-09,2016,201607,07,0709,191,Summer,2016Summer
Hunting,Water.Temp.C,16.8776458333333,2016-07-10,2016,201607,07,0710,192,Summer,2016Summer
Hunting,Water.Temp.C,16.5666666666667,2016-07-11,2016,201607,07,0711,193,Summer,2016Summer
Hunting,Water.Temp.C,16.7422708333333,2016-07-12,2016,201607,07,0712,194,Summer,2016Summer
Hunting,Water.Temp.C,17.0710625,2016-07-13,2016,201607,07,0713,195,Summer,2016Summer
Hunting,Water.Temp.C,17.5675833333333,2016-07-14,2016,201607,07,0714,196,Summer,2016Summer
Hunting,Water.Temp.C,17.7604583333333,2016-07-15,2016,201607,07,0715,197,Summer,2016Summer
Hunting,Water.Temp.C,17.5533333333333,2016-07-16,2016,201607,07,0716,198,Summer,2016Summer
Hunting,Water.Temp.C,17.4570625,2016-07-17,2016,201607,07,0717,199,Summer,2016Summer
Hunting,Water.Temp.C,17.9660208333333,2016-07-18,2016,201607,07,0718,200,Summer,2016Summer
Hunting,Water.Temp.C,18.1304791666667,2016-07-19,2016,201607,07,0719,201,Summer,2016Summer
Hunting,Water.Temp.C,17.9719791666667,2016-07-20,2016,201607,07,0720,202,Summer,2016Summer
Hunting,Water.Temp.C,17.8447291666667,2016-07-21,2016,201607,07,0721,203,Summer,2016Summer
Hunting,Water.Temp.C,18.1993125,2016-07-22,2016,201607,07,0722,204,Summer,2016Summer
Hunting,Water.Temp.C,18.75775,2016-07-23,2016,201607,07,0723,205,Summer,2016Summer
Hunting,Water.Temp.C,19.1248958333333,2016-07-24,2016,201607,07,0724,206,Summer,2016Summer
Hunting,Water.Temp.C,19.4062291666667,2016-07-25,2016,201607,07,0725,207,Summer,2016Summer
Hunting,Water.Temp.C,19.7433125,2016-07-26,2016,201607,07,0726,208,Summer,2016Summer
Hunting,Water.Temp.C,19.6540416666667,2016-07-27,2016,201607,07,0727,209,Summer,2016Summer
Hunting,Water.Temp.C,19.4796041666667,2016-07-28,2016,201607,07,0728,210,Summer,2016Summer
Hunting,Water.Temp.C,19.3680625,2016-07-29,2016,201607,07,0729,211,Summer,2016Summer
Hunting,Water.Temp.C,19.2115208333333,2016-07-30,2016,201607,07,0730,212,Summer,2016Summer
Hunting,Water.Temp.C,19.1400833333333,2016-07-31,2016,201607,07,0731,213,Summer,2016Summer
Hunting,Water.Temp.C,19.2576041666667,2016-08-01,2016,201608,08,0801,214,Summer,2016Summer
Hunting,Water.Temp.C,19.1609166666667,2016-08-02,2016,201608,08,0802,215,Summer,2016Summer
Hunting,Water.Temp.C,18.7388333333333,2016-08-03,2016,201608,08,0803,216,Summer,2016Summer
Hunting,Water.Temp.C,18.2276458333333,2016-08-04,2016,201608,08,0804,217,Summer,2016Summer
Hunting,Water.Temp.C,18.181125,2016-08-05,2016,201608,08,0805,218,Summer,2016Summer
Hunting,Water.Temp.C,18.9663125,2016-08-06,2016,201608,08,0806,219,Summer,2016Summer
Hunting,Water.Temp.C,18.9968541666667,2016-08-07,2016,201608,08,0807,220,Summer,2016Summer
Hunting,Water.Temp.C,18.21075,2016-08-08,2016,201608,08,0808,221,Summer,2016Summer
Hunting,Water.Temp.C,17.687125,2016-08-09,2016,201608,08,0809,222,Summer,2016Summer
Hunting,Water.Temp.C,18.4361875,2016-08-10,2016,201608,08,0810,223,Summer,2016Summer
Hunting,Water.Temp.C,19.1298541666667,2016-08-11,2016,201608,08,0811,224,Summer,2016Summer
Hunting,Water.Temp.C,19.4638125,2016-08-12,2016,201608,08,0812,225,Summer,2016Summer
Hunting,Water.Temp.C,19.7115208333333,2016-08-13,2016,201608,08,0813,226,Summer,2016Summer
Hunting,Water.Temp.C,20.0000833333333,2016-08-14,2016,201608,08,0814,227,Summer,2016Summer
Hunting,Water.Temp.C,19.7729583333333,2016-08-15,2016,201608,08,0815,228,Summer,2016Summer
Hunting,Water.Temp.C,19.6833125,2016-08-16,2016,201608,08,0816,229,Summer,2016Summer
Hunting,Water.Temp.C,19.79775,2016-08-17,2016,201608,08,0817,230,Summer,2016Summer
Hunting,Water.Temp.C,19.5890625,2016-08-18,2016,201608,08,0818,231,Summer,2016Summer
Hunting,Water.Temp.C,19.23575,2016-08-19,2016,201608,08,0819,232,Summer,2016Summer
Hunting,Water.Temp.C,19.1019583333333,2016-08-20,2016,201608,08,0820,233,Summer,2016Summer
Hunting,Water.Temp.C,19.2218541666667,2016-08-21,2016,201608,08,0821,234,Summer,2016Summer
Hunting,Water.Temp.C,18.3812291666667,2016-08-22,2016,201608,08,0822,235,Summer,2016Summer
Hunting,Water.Temp.C,17.7891875,2016-08-23,2016,201608,08,0823,236,Summer,2016Summer
Hunting,Water.Temp.C,17.8947708333333,2016-08-24,2016,201608,08,0824,237,Summer,2016Summer
Hunting,Water.Temp.C,18.5343125,2016-08-25,2016,201608,08,0825,238,Summer,2016Summer
Hunting,Water.Temp.C,19.0489411764706,2016-08-26,2016,201608,08,0826,239,Summer,2016Summer
